<gpx xmlns:ns3="http://www.garmin.com/xmlschemas/TrackPointExtension/v1" xmlns="http://www.topografix.com/GPX/1/1" xmlns:xsi="http://www.w3.org/2001/XMLSchema-instance" xmlns:ns2="http://www.garmin.com/xmlschemas/GpxExtensions/v3" creator="Garmin Connect" version="1.1" xsi:schemaLocation="http://www.topografix.com/GPX/1/1 http://www.topografix.com/GPX/11.xsd">
  <extensions>
<distance>13068.73</distance>
<average_hr>133.0</average_hr>
<average_speed>4.290999889373779</average_speed>
<start_time>2026-07-18T02:31:36+00:00</start_time>
<end_time>2026-07-18T03:22:21.782000+00:00</end_time>
<moving_time>2635.0</moving_time>
<elapsed_time>3677.545</elapsed_time>
</extensions>
<metadata>
    <link href="connect.garmin.com">
      <text>Garmin Connect</text>
    </link>
    <time>2026-07-18T02:31:36.000Z</time>
  </metadata>
  <trk>
    <name>济南市 骑行</name>
    <type>cycling</type>
    <trkseg>
      <trkpt lat="36.6856930218636989593505859375" lon="117.2899607755243778228759765625">
        <ele>98</ele>
        <time>2026-07-18T02:32:03.000Z</time>
        <extensions>
          <ns3:TrackPointExtension>
            <ns3:hr>85</ns3:hr>
          </ns3:TrackPointExtension>
        </extensions>
      </trkpt>
      <trkpt lat="36.6856028325855731964111328125" lon="117.28989045135676860809326171875">
        <ele>98</ele>
        <time>2026-07-18T02:32:05.000Z</time>
        <extensions>
          <ns3:TrackPointExtension>
            <ns3:hr>89</ns3:hr>
          </ns3:TrackPointExtension>
        </extensions>
      </trkpt>
      <trkpt lat="36.68560207821428775787353515625" lon="117.289888858795166015625">
        <ele>98</ele>
        <time>2026-07-18T02:32:06.000Z</time>
        <extensions>
          <ns3:TrackPointExtension>
            <ns3:hr>97</ns3:hr>
          </ns3:TrackPointExtension>
        </extensions>
      </trkpt>
      <trkpt lat="36.685627140104770660400390625" lon="117.28989933617413043975830078125">
        <ele>98</ele>
        <time>2026-07-18T02:32:07.000Z</time>
        <extensions>
          <ns3:TrackPointExtension>
            <ns3:hr>117</ns3:hr>
          </ns3:TrackPointExtension>
        </extensions>
      </trkpt>
      <trkpt lat="36.685642898082733154296875" lon="117.28989447467029094696044921875">
        <ele>98</ele>
        <time>2026-07-18T02:32:08.000Z</time>
        <extensions>
          <ns3:TrackPointExtension>
            <ns3:hr>120</ns3:hr>
          </ns3:TrackPointExtension>
        </extensions>
      </trkpt>
      <trkpt lat="36.6856397129595279693603515625" lon="117.28989967145025730133056640625">
        <ele>98</ele>
        <time>2026-07-18T02:32:11.000Z</time>
        <extensions>
          <ns3:TrackPointExtension>
            <ns3:hr>117</ns3:hr>
          </ns3:TrackPointExtension>
        </extensions>
      </trkpt>
      <trkpt lat="36.68564247898757457733154296875" lon="117.28990101255476474761962890625">
        <ele>98</ele>
        <time>2026-07-18T02:32:13.000Z</time>
        <extensions>
          <ns3:TrackPointExtension>
            <ns3:hr>116</ns3:hr>
          </ns3:TrackPointExtension>
        </extensions>
      </trkpt>
      <trkpt lat="36.68565840460360050201416015625" lon="117.28988424874842166900634765625">
        <ele>98</ele>
        <time>2026-07-18T02:32:16.000Z</time>
        <extensions>
          <ns3:TrackPointExtension>
            <ns3:hr>116</ns3:hr>
          </ns3:TrackPointExtension>
        </extensions>
      </trkpt>
      <trkpt lat="36.6856457479298114776611328125" lon="117.2898762859404087066650390625">
        <ele>97.59999847412109375</ele>
        <time>2026-07-18T02:32:18.000Z</time>
        <extensions>
          <ns3:TrackPointExtension>
            <ns3:hr>116</ns3:hr>
          </ns3:TrackPointExtension>
        </extensions>
      </trkpt>
      <trkpt lat="36.68563912622630596160888671875" lon="117.28987888433039188385009765625">
        <ele>98</ele>
        <time>2026-07-18T02:32:25.000Z</time>
        <extensions>
          <ns3:TrackPointExtension>
            <ns3:hr>116</ns3:hr>
          </ns3:TrackPointExtension>
        </extensions>
      </trkpt>
      <trkpt lat="36.68562051840126514434814453125" lon="117.28989162482321262359619140625">
        <ele>97.59999847412109375</ele>
        <time>2026-07-18T02:32:29.000Z</time>
        <extensions>
          <ns3:TrackPointExtension>
            <ns3:hr>110</ns3:hr>
          </ns3:TrackPointExtension>
        </extensions>
      </trkpt>
      <trkpt lat="36.68561968021094799041748046875" lon="117.28989531286060810089111328125">
        <ele>97.40000152587890625</ele>
        <time>2026-07-18T02:32:30.000Z</time>
        <extensions>
          <ns3:TrackPointExtension>
            <ns3:hr>107</ns3:hr>
          </ns3:TrackPointExtension>
        </extensions>
      </trkpt>
      <trkpt lat="36.68562454171478748321533203125" lon="117.28990285657346248626708984375">
        <ele>97.1999969482421875</ele>
        <time>2026-07-18T02:32:33.000Z</time>
        <extensions>
          <ns3:TrackPointExtension>
            <ns3:hr>106</ns3:hr>
          </ns3:TrackPointExtension>
        </extensions>
      </trkpt>
      <trkpt lat="36.6856320016086101531982421875" lon="117.28990570642054080963134765625">
        <ele>97.1999969482421875</ele>
        <time>2026-07-18T02:32:36.000Z</time>
        <extensions>
          <ns3:TrackPointExtension>
            <ns3:hr>103</ns3:hr>
          </ns3:TrackPointExtension>
        </extensions>
      </trkpt>
      <trkpt lat="36.6856388747692108154296875" lon="117.2899034433066844940185546875">
        <ele>97.1999969482421875</ele>
        <time>2026-07-18T02:32:39.000Z</time>
        <extensions>
          <ns3:TrackPointExtension>
            <ns3:hr>104</ns3:hr>
          </ns3:TrackPointExtension>
        </extensions>
      </trkpt>
      <trkpt lat="36.68563225306570529937744140625" lon="117.28989983908832073211669921875">
        <ele>97.1999969482421875</ele>
        <time>2026-07-18T02:32:41.000Z</time>
        <extensions>
          <ns3:TrackPointExtension>
            <ns3:hr>109</ns3:hr>
          </ns3:TrackPointExtension>
        </extensions>
      </trkpt>
      <trkpt lat="36.6856308281421661376953125" lon="117.289897240698337554931640625">
        <ele>97.1999969482421875</ele>
        <time>2026-07-18T02:32:43.000Z</time>
        <extensions>
          <ns3:TrackPointExtension>
            <ns3:hr>116</ns3:hr>
          </ns3:TrackPointExtension>
        </extensions>
      </trkpt>
      <trkpt lat="36.685629822313785552978515625" lon="117.2898933850228786468505859375">
        <ele>97.1999969482421875</ele>
        <time>2026-07-18T02:32:46.000Z</time>
        <extensions>
          <ns3:TrackPointExtension>
            <ns3:hr>117</ns3:hr>
          </ns3:TrackPointExtension>
        </extensions>
      </trkpt>
      <trkpt lat="36.685627140104770660400390625" lon="117.28988793678581714630126953125">
        <ele>97.1999969482421875</ele>
        <time>2026-07-18T02:32:48.000Z</time>
        <extensions>
          <ns3:TrackPointExtension>
            <ns3:hr>114</ns3:hr>
          </ns3:TrackPointExtension>
        </extensions>
      </trkpt>
      <trkpt lat="36.685633845627307891845703125" lon="117.2898893617093563079833984375">
        <ele>97.1999969482421875</ele>
        <time>2026-07-18T02:32:49.000Z</time>
        <extensions>
          <ns3:TrackPointExtension>
            <ns3:hr>111</ns3:hr>
          </ns3:TrackPointExtension>
        </extensions>
      </trkpt>
      <trkpt lat="36.6856269724667072296142578125" lon="117.28988894261419773101806640625">
        <ele>97.40000152587890625</ele>
        <time>2026-07-18T02:32:50.000Z</time>
        <extensions>
          <ns3:TrackPointExtension>
            <ns3:hr>108</ns3:hr>
          </ns3:TrackPointExtension>
        </extensions>
      </trkpt>
      <trkpt lat="36.68562202714383602142333984375" lon="117.28989313356578350067138671875">
        <ele>97.40000152587890625</ele>
        <time>2026-07-18T02:32:51.000Z</time>
        <extensions>
          <ns3:TrackPointExtension>
            <ns3:hr>104</ns3:hr>
          </ns3:TrackPointExtension>
        </extensions>
      </trkpt>
      <trkpt lat="36.68562412261962890625" lon="117.28989715687930583953857421875">
        <ele>97.59999847412109375</ele>
        <time>2026-07-18T02:32:52.000Z</time>
        <extensions>
          <ns3:TrackPointExtension>
            <ns3:hr>103</ns3:hr>
          </ns3:TrackPointExtension>
        </extensions>
      </trkpt>
      <trkpt lat="36.6856256313621997833251953125" lon="117.289904616773128509521484375">
        <ele>97.59999847412109375</ele>
        <time>2026-07-18T02:32:55.000Z</time>
        <extensions>
          <ns3:TrackPointExtension>
            <ns3:hr>100</ns3:hr>
          </ns3:TrackPointExtension>
        </extensions>
      </trkpt>
      <trkpt lat="36.6856024973094463348388671875" lon="117.28991123847663402557373046875">
        <ele>97.59999847412109375</ele>
        <time>2026-07-18T02:33:01.000Z</time>
        <extensions>
          <ns3:TrackPointExtension>
            <ns3:hr>102</ns3:hr>
          </ns3:TrackPointExtension>
        </extensions>
      </trkpt>
      <trkpt lat="36.68560090474784374237060546875" lon="117.2899078018963336944580078125">
        <ele>97.40000152587890625</ele>
        <time>2026-07-18T02:33:02.000Z</time>
        <extensions>
          <ns3:TrackPointExtension>
            <ns3:hr>105</ns3:hr>
          </ns3:TrackPointExtension>
        </extensions>
      </trkpt>
      <trkpt lat="36.6855897568166255950927734375" lon="117.28990470059216022491455078125">
        <ele>97.1999969482421875</ele>
        <time>2026-07-18T02:33:04.000Z</time>
        <extensions>
          <ns3:TrackPointExtension>
            <ns3:hr>108</ns3:hr>
          </ns3:TrackPointExtension>
        </extensions>
      </trkpt>
      <trkpt lat="36.6855894215404987335205078125" lon="117.28990268893539905548095703125">
        <ele>97.40000152587890625</ele>
        <time>2026-07-18T02:33:08.000Z</time>
        <extensions>
          <ns3:TrackPointExtension>
            <ns3:hr>107</ns3:hr>
          </ns3:TrackPointExtension>
        </extensions>
      </trkpt>
      <trkpt lat="36.68555103242397308349609375" lon="117.28994945995509624481201171875">
        <ele>97.59999847412109375</ele>
        <time>2026-07-18T02:33:12.000Z</time>
        <extensions>
          <ns3:TrackPointExtension>
            <ns3:hr>106</ns3:hr>
          </ns3:TrackPointExtension>
        </extensions>
      </trkpt>
      <trkpt lat="36.68550409376621246337890625" lon="117.289993464946746826171875">
        <ele>97.59999847412109375</ele>
        <time>2026-07-18T02:33:15.000Z</time>
        <extensions>
          <ns3:TrackPointExtension>
            <ns3:hr>106</ns3:hr>
          </ns3:TrackPointExtension>
        </extensions>
      </trkpt>
      <trkpt lat="36.6854774393141269683837890625" lon="117.2900003381073474884033203125">
        <ele>97.40000152587890625</ele>
        <time>2026-07-18T02:33:17.000Z</time>
        <extensions>
          <ns3:TrackPointExtension>
            <ns3:hr>105</ns3:hr>
          </ns3:TrackPointExtension>
        </extensions>
      </trkpt>
      <trkpt lat="36.68545044958591461181640625" lon="117.29003076441586017608642578125">
        <ele>98</ele>
        <time>2026-07-18T02:33:22.000Z</time>
        <extensions>
          <ns3:TrackPointExtension>
            <ns3:hr>104</ns3:hr>
          </ns3:TrackPointExtension>
        </extensions>
      </trkpt>
      <trkpt lat="36.68543410487473011016845703125" lon="117.29004601947963237762451171875">
        <ele>98</ele>
        <time>2026-07-18T02:33:29.000Z</time>
        <extensions>
          <ns3:TrackPointExtension>
            <ns3:hr>106</ns3:hr>
          </ns3:TrackPointExtension>
        </extensions>
      </trkpt>
      <trkpt lat="36.68543091975152492523193359375" lon="117.2900385595858097076416015625">
        <ele>98</ele>
        <time>2026-07-18T02:33:33.000Z</time>
        <extensions>
          <ns3:TrackPointExtension>
            <ns3:hr>107</ns3:hr>
          </ns3:TrackPointExtension>
        </extensions>
      </trkpt>
      <trkpt lat="36.685402505099773406982421875" lon="117.2900144197046756744384765625">
        <ele>98.1999969482421875</ele>
        <time>2026-07-18T02:33:35.000Z</time>
        <extensions>
          <ns3:TrackPointExtension>
            <ns3:hr>107</ns3:hr>
          </ns3:TrackPointExtension>
        </extensions>
      </trkpt>
      <trkpt lat="36.68529613874852657318115234375" lon="117.28995448909699916839599609375">
        <ele>98.1999969482421875</ele>
        <time>2026-07-18T02:33:39.000Z</time>
        <extensions>
          <ns3:TrackPointExtension>
            <ns3:hr>109</ns3:hr>
          </ns3:TrackPointExtension>
        </extensions>
      </trkpt>
      <trkpt lat="36.68524987064301967620849609375" lon="117.289958260953426361083984375">
        <ele>98.1999969482421875</ele>
        <time>2026-07-18T02:33:40.000Z</time>
        <extensions>
          <ns3:TrackPointExtension>
            <ns3:hr>111</ns3:hr>
          </ns3:TrackPointExtension>
        </extensions>
      </trkpt>
      <trkpt lat="36.6851569153368473052978515625" lon="117.28995013050734996795654296875">
        <ele>98.1999969482421875</ele>
        <time>2026-07-18T02:33:42.000Z</time>
        <extensions>
          <ns3:TrackPointExtension>
            <ns3:hr>114</ns3:hr>
          </ns3:TrackPointExtension>
        </extensions>
      </trkpt>
      <trkpt lat="36.68510788120329380035400390625" lon="117.2899433411657810211181640625">
        <ele>98.1999969482421875</ele>
        <time>2026-07-18T02:33:43.000Z</time>
        <extensions>
          <ns3:TrackPointExtension>
            <ns3:hr>114</ns3:hr>
          </ns3:TrackPointExtension>
        </extensions>
      </trkpt>
      <trkpt lat="36.6849951446056365966796875" lon="117.28994912467896938323974609375">
        <ele>98.40000152587890625</ele>
        <time>2026-07-18T02:33:45.000Z</time>
        <extensions>
          <ns3:TrackPointExtension>
            <ns3:hr>115</ns3:hr>
          </ns3:TrackPointExtension>
        </extensions>
      </trkpt>
      <trkpt lat="36.68483714573085308074951171875" lon="117.2899564169347286224365234375">
        <ele>98.8000030517578125</ele>
        <time>2026-07-18T02:33:48.000Z</time>
        <extensions>
          <ns3:TrackPointExtension>
            <ns3:hr>115</ns3:hr>
          </ns3:TrackPointExtension>
        </extensions>
      </trkpt>
      <trkpt lat="36.68462491594254970550537109375" lon="117.28993118740618228912353515625">
        <ele>99</ele>
        <time>2026-07-18T02:33:52.000Z</time>
        <extensions>
          <ns3:TrackPointExtension>
            <ns3:hr>116</ns3:hr>
          </ns3:TrackPointExtension>
        </extensions>
      </trkpt>
      <trkpt lat="36.68457814492285251617431640625" lon="117.28994694538414478302001953125">
        <ele>99.1999969482421875</ele>
        <time>2026-07-18T02:33:53.000Z</time>
        <extensions>
          <ns3:TrackPointExtension>
            <ns3:hr>117</ns3:hr>
          </ns3:TrackPointExtension>
        </extensions>
      </trkpt>
      <trkpt lat="36.68452818877995014190673828125" lon="117.28997125290334224700927734375">
        <ele>99</ele>
        <time>2026-07-18T02:33:54.000Z</time>
        <extensions>
          <ns3:TrackPointExtension>
            <ns3:hr>117</ns3:hr>
          </ns3:TrackPointExtension>
        </extensions>
      </trkpt>
      <trkpt lat="36.6843854449689388275146484375" lon="117.2900754399597644805908203125">
        <ele>98.1999969482421875</ele>
        <time>2026-07-18T02:33:58.000Z</time>
        <extensions>
          <ns3:TrackPointExtension>
            <ns3:hr>118</ns3:hr>
          </ns3:TrackPointExtension>
        </extensions>
      </trkpt>
      <trkpt lat="36.68438435532152652740478515625" lon="117.2901797108352184295654296875">
        <ele>98.1999969482421875</ele>
        <time>2026-07-18T02:34:00.000Z</time>
        <extensions>
          <ns3:TrackPointExtension>
            <ns3:hr>117</ns3:hr>
          </ns3:TrackPointExtension>
        </extensions>
      </trkpt>
      <trkpt lat="36.68438787572085857391357421875" lon="117.2903064452111721038818359375">
        <ele>98.59999847412109375</ele>
        <time>2026-07-18T02:34:02.000Z</time>
        <extensions>
          <ns3:TrackPointExtension>
            <ns3:hr>116</ns3:hr>
          </ns3:TrackPointExtension>
        </extensions>
      </trkpt>
      <trkpt lat="36.6843794099986553192138671875" lon="117.29069092310965061187744140625">
        <ele>98.1999969482421875</ele>
        <time>2026-07-18T02:34:08.000Z</time>
        <extensions>
          <ns3:TrackPointExtension>
            <ns3:hr>118</ns3:hr>
          </ns3:TrackPointExtension>
        </extensions>
      </trkpt>
      <trkpt lat="36.68437756597995758056640625" lon="117.29072503745555877685546875">
        <ele>97.8000030517578125</ele>
        <time>2026-07-18T02:34:09.000Z</time>
        <extensions>
          <ns3:TrackPointExtension>
            <ns3:hr>118</ns3:hr>
          </ns3:TrackPointExtension>
        </extensions>
      </trkpt>
      <trkpt lat="36.6843824274837970733642578125" lon="117.290767617523670196533203125">
        <ele>97.8000030517578125</ele>
        <time>2026-07-18T02:34:11.000Z</time>
        <extensions>
          <ns3:TrackPointExtension>
            <ns3:hr>117</ns3:hr>
          </ns3:TrackPointExtension>
        </extensions>
      </trkpt>
      <trkpt lat="36.6844297014176845550537109375" lon="117.29082469828426837921142578125">
        <ele>98.40000152587890625</ele>
        <time>2026-07-18T02:34:15.000Z</time>
        <extensions>
          <ns3:TrackPointExtension>
            <ns3:hr>114</ns3:hr>
          </ns3:TrackPointExtension>
        </extensions>
      </trkpt>
      <trkpt lat="36.6844464652240276336669921875" lon="117.2908432222902774810791015625">
        <ele>98.40000152587890625</ele>
        <time>2026-07-18T02:34:16.000Z</time>
        <extensions>
          <ns3:TrackPointExtension>
            <ns3:hr>115</ns3:hr>
          </ns3:TrackPointExtension>
        </extensions>
      </trkpt>
      <trkpt lat="36.68449114076793193817138671875" lon="117.2908794321119785308837890625">
        <ele>98.40000152587890625</ele>
        <time>2026-07-18T02:34:18.000Z</time>
        <extensions>
          <ns3:TrackPointExtension>
            <ns3:hr>118</ns3:hr>
          </ns3:TrackPointExtension>
        </extensions>
      </trkpt>
      <trkpt lat="36.68459138832986354827880859375" lon="117.29095193557441234588623046875">
        <ele>98</ele>
        <time>2026-07-18T02:34:21.000Z</time>
        <extensions>
          <ns3:TrackPointExtension>
            <ns3:hr>120</ns3:hr>
          </ns3:TrackPointExtension>
        </extensions>
      </trkpt>
      <trkpt lat="36.68466724455356597900390625" lon="117.2909588925540447235107421875">
        <ele>97.40000152587890625</ele>
        <time>2026-07-18T02:34:23.000Z</time>
        <extensions>
          <ns3:TrackPointExtension>
            <ns3:hr>117</ns3:hr>
          </ns3:TrackPointExtension>
        </extensions>
      </trkpt>
      <trkpt lat="36.68475978076457977294921875" lon="117.29095310904085636138916015625">
        <ele>96.40000152587890625</ele>
        <time>2026-07-18T02:34:25.000Z</time>
        <extensions>
          <ns3:TrackPointExtension>
            <ns3:hr>116</ns3:hr>
          </ns3:TrackPointExtension>
        </extensions>
      </trkpt>
      <trkpt lat="36.68486815877258777618408203125" lon="117.29099988006055355072021484375">
        <ele>95.1999969482421875</ele>
        <time>2026-07-18T02:34:28.000Z</time>
        <extensions>
          <ns3:TrackPointExtension>
            <ns3:hr>114</ns3:hr>
          </ns3:TrackPointExtension>
        </extensions>
      </trkpt>
      <trkpt lat="36.68487352319061756134033203125" lon="117.291021756827831268310546875">
        <ele>95.1999969482421875</ele>
        <time>2026-07-18T02:34:29.000Z</time>
        <extensions>
          <ns3:TrackPointExtension>
            <ns3:hr>113</ns3:hr>
          </ns3:TrackPointExtension>
        </extensions>
      </trkpt>
      <trkpt lat="36.6848932206630706787109375" lon="117.2911349125206470489501953125">
        <ele>95</ele>
        <time>2026-07-18T02:34:34.000Z</time>
        <extensions>
          <ns3:TrackPointExtension>
            <ns3:hr>109</ns3:hr>
          </ns3:TrackPointExtension>
        </extensions>
      </trkpt>
      <trkpt lat="36.68496924452483654022216796875" lon="117.29120607487857341766357421875">
        <ele>95.1999969482421875</ele>
        <time>2026-07-18T02:34:39.000Z</time>
        <extensions>
          <ns3:TrackPointExtension>
            <ns3:hr>109</ns3:hr>
          </ns3:TrackPointExtension>
        </extensions>
      </trkpt>
      <trkpt lat="36.685170829296112060546875" lon="117.29121579788625240325927734375">
        <ele>95</ele>
        <time>2026-07-18T02:34:44.000Z</time>
        <extensions>
          <ns3:TrackPointExtension>
            <ns3:hr>109</ns3:hr>
          </ns3:TrackPointExtension>
        </extensions>
      </trkpt>
      <trkpt lat="36.68527283705770969390869140625" lon="117.29120791889727115631103515625">
        <ele>94.8000030517578125</ele>
        <time>2026-07-18T02:34:46.000Z</time>
        <extensions>
          <ns3:TrackPointExtension>
            <ns3:hr>108</ns3:hr>
          </ns3:TrackPointExtension>
        </extensions>
      </trkpt>
      <trkpt lat="36.685428321361541748046875" lon="117.29121387004852294921875">
        <ele>94.40000152587890625</ele>
        <time>2026-07-18T02:34:49.000Z</time>
        <extensions>
          <ns3:TrackPointExtension>
            <ns3:hr>110</ns3:hr>
          </ns3:TrackPointExtension>
        </extensions>
      </trkpt>
      <trkpt lat="36.6855423152446746826171875" lon="117.291216552257537841796875">
        <ele>94.1999969482421875</ele>
        <time>2026-07-18T02:34:51.000Z</time>
        <extensions>
          <ns3:TrackPointExtension>
            <ns3:hr>110</ns3:hr>
          </ns3:TrackPointExtension>
        </extensions>
      </trkpt>
      <trkpt lat="36.68585269711911678314208984375" lon="117.2912190668284893035888671875">
        <ele>93.40000152587890625</ele>
        <time>2026-07-18T02:34:56.000Z</time>
        <extensions>
          <ns3:TrackPointExtension>
            <ns3:hr>110</ns3:hr>
          </ns3:TrackPointExtension>
        </extensions>
      </trkpt>
      <trkpt lat="36.6859837062656879425048828125" lon="117.29122334159910678863525390625">
        <ele>93</ele>
        <time>2026-07-18T02:34:58.000Z</time>
        <extensions>
          <ns3:TrackPointExtension>
            <ns3:hr>110</ns3:hr>
          </ns3:TrackPointExtension>
        </extensions>
      </trkpt>
      <trkpt lat="36.68622066266834735870361328125" lon="117.29118579067289829254150390625">
        <ele>93</ele>
        <time>2026-07-18T02:35:02.000Z</time>
        <extensions>
          <ns3:TrackPointExtension>
            <ns3:hr>113</ns3:hr>
          </ns3:TrackPointExtension>
        </extensions>
      </trkpt>
      <trkpt lat="36.6863174736499786376953125" lon="117.291147150099277496337890625">
        <ele>93.1999969482421875</ele>
        <time>2026-07-18T02:35:04.000Z</time>
        <extensions>
          <ns3:TrackPointExtension>
            <ns3:hr>114</ns3:hr>
          </ns3:TrackPointExtension>
        </extensions>
      </trkpt>
      <trkpt lat="36.6864034719765186309814453125" lon="117.2910849563777446746826171875">
        <ele>93.40000152587890625</ele>
        <time>2026-07-18T02:35:06.000Z</time>
        <extensions>
          <ns3:TrackPointExtension>
            <ns3:hr>116</ns3:hr>
          </ns3:TrackPointExtension>
        </extensions>
      </trkpt>
      <trkpt lat="36.6864408552646636962890625" lon="117.29103776626288890838623046875">
        <ele>93.1999969482421875</ele>
        <time>2026-07-18T02:35:07.000Z</time>
        <extensions>
          <ns3:TrackPointExtension>
            <ns3:hr>116</ns3:hr>
          </ns3:TrackPointExtension>
        </extensions>
      </trkpt>
      <trkpt lat="36.68646524660289287567138671875" lon="117.29097775183618068695068359375">
        <ele>93.1999969482421875</ele>
        <time>2026-07-18T02:35:08.000Z</time>
        <extensions>
          <ns3:TrackPointExtension>
            <ns3:hr>116</ns3:hr>
          </ns3:TrackPointExtension>
        </extensions>
      </trkpt>
      <trkpt lat="36.68647681362926959991455078125" lon="117.29083810932934284210205078125">
        <ele>93</ele>
        <time>2026-07-18T02:35:10.000Z</time>
        <extensions>
          <ns3:TrackPointExtension>
            <ns3:hr>116</ns3:hr>
          </ns3:TrackPointExtension>
        </extensions>
      </trkpt>
      <trkpt lat="36.6864671744406223297119140625" lon="117.29033720679581165313720703125">
        <ele>93.59999847412109375</ele>
        <time>2026-07-18T02:35:16.000Z</time>
        <extensions>
          <ns3:TrackPointExtension>
            <ns3:hr>119</ns3:hr>
          </ns3:TrackPointExtension>
        </extensions>
      </trkpt>
      <trkpt lat="36.686485446989536285400390625" lon="117.2897064685821533203125">
        <ele>93.1999969482421875</ele>
        <time>2026-07-18T02:35:23.000Z</time>
        <extensions>
          <ns3:TrackPointExtension>
            <ns3:hr>122</ns3:hr>
          </ns3:TrackPointExtension>
        </extensions>
      </trkpt>
      <trkpt lat="36.6864872910082340240478515625" lon="117.289618961513042449951171875">
        <ele>93.40000152587890625</ele>
        <time>2026-07-18T02:35:24.000Z</time>
        <extensions>
          <ns3:TrackPointExtension>
            <ns3:hr>122</ns3:hr>
          </ns3:TrackPointExtension>
        </extensions>
      </trkpt>
      <trkpt lat="36.6864758916199207305908203125" lon="117.28906952776014804840087890625">
        <ele>93.40000152587890625</ele>
        <time>2026-07-18T02:35:31.000Z</time>
        <extensions>
          <ns3:TrackPointExtension>
            <ns3:hr>123</ns3:hr>
          </ns3:TrackPointExtension>
        </extensions>
      </trkpt>
      <trkpt lat="36.68646432459354400634765625" lon="117.2887229360640048980712890625">
        <ele>94</ele>
        <time>2026-07-18T02:35:36.000Z</time>
        <extensions>
          <ns3:TrackPointExtension>
            <ns3:hr>123</ns3:hr>
          </ns3:TrackPointExtension>
        </extensions>
      </trkpt>
      <trkpt lat="36.68647773563861846923828125" lon="117.2882860712707042694091796875">
        <ele>93.40000152587890625</ele>
        <time>2026-07-18T02:35:42.000Z</time>
        <extensions>
          <ns3:TrackPointExtension>
            <ns3:hr>124</ns3:hr>
          </ns3:TrackPointExtension>
        </extensions>
      </trkpt>
      <trkpt lat="36.6864970140159130096435546875" lon="117.28782179765403270721435546875">
        <ele>93.40000152587890625</ele>
        <time>2026-07-18T02:35:48.000Z</time>
        <extensions>
          <ns3:TrackPointExtension>
            <ns3:hr>123</ns3:hr>
          </ns3:TrackPointExtension>
        </extensions>
      </trkpt>
      <trkpt lat="36.6865053959190845489501953125" lon="117.28755676187574863433837890625">
        <ele>93</ele>
        <time>2026-07-18T02:35:52.000Z</time>
        <extensions>
          <ns3:TrackPointExtension>
            <ns3:hr>122</ns3:hr>
          </ns3:TrackPointExtension>
        </extensions>
      </trkpt>
      <trkpt lat="36.686506569385528564453125" lon="117.2875035367906093597412109375">
        <ele>92.8000030517578125</ele>
        <time>2026-07-18T02:35:53.000Z</time>
        <extensions>
          <ns3:TrackPointExtension>
            <ns3:hr>122</ns3:hr>
          </ns3:TrackPointExtension>
        </extensions>
      </trkpt>
      <trkpt lat="36.6865275241434574127197265625" lon="117.2872443683445453643798828125">
        <ele>92.8000030517578125</ele>
        <time>2026-07-18T02:35:59.000Z</time>
        <extensions>
          <ns3:TrackPointExtension>
            <ns3:hr>120</ns3:hr>
          </ns3:TrackPointExtension>
        </extensions>
      </trkpt>
      <trkpt lat="36.68652869760990142822265625" lon="117.28712819516658782958984375">
        <ele>92.8000030517578125</ele>
        <time>2026-07-18T02:36:03.000Z</time>
        <extensions>
          <ns3:TrackPointExtension>
            <ns3:hr>117</ns3:hr>
          </ns3:TrackPointExtension>
        </extensions>
      </trkpt>
      <trkpt lat="36.6865251772105693817138671875" lon="117.2871092520654201507568359375">
        <ele>92.8000030517578125</ele>
        <time>2026-07-18T02:36:05.000Z</time>
        <extensions>
          <ns3:TrackPointExtension>
            <ns3:hr>116</ns3:hr>
          </ns3:TrackPointExtension>
        </extensions>
      </trkpt>
      <trkpt lat="36.6865325532853603363037109375" lon="117.2871005348861217498779296875">
        <ele>93</ele>
        <time>2026-07-18T02:36:09.000Z</time>
        <extensions>
          <ns3:TrackPointExtension>
            <ns3:hr>114</ns3:hr>
          </ns3:TrackPointExtension>
        </extensions>
      </trkpt>
      <trkpt lat="36.68653498403728008270263671875" lon="117.28705770336091518402099609375">
        <ele>93</ele>
        <time>2026-07-18T02:36:11.000Z</time>
        <extensions>
          <ns3:TrackPointExtension>
            <ns3:hr>114</ns3:hr>
          </ns3:TrackPointExtension>
        </extensions>
      </trkpt>
      <trkpt lat="36.6865432821214199066162109375" lon="117.286891154944896697998046875">
        <ele>93.1999969482421875</ele>
        <time>2026-07-18T02:36:16.000Z</time>
        <extensions>
          <ns3:TrackPointExtension>
            <ns3:hr>113</ns3:hr>
          </ns3:TrackPointExtension>
        </extensions>
      </trkpt>
      <trkpt lat="36.68650992214679718017578125" lon="117.28656291961669921875">
        <ele>93.1999969482421875</ele>
        <time>2026-07-18T02:36:22.000Z</time>
        <extensions>
          <ns3:TrackPointExtension>
            <ns3:hr>112</ns3:hr>
          </ns3:TrackPointExtension>
        </extensions>
      </trkpt>
      <trkpt lat="36.6864891350269317626953125" lon="117.286177687346935272216796875">
        <ele>93.40000152587890625</ele>
        <time>2026-07-18T02:36:28.000Z</time>
        <extensions>
          <ns3:TrackPointExtension>
            <ns3:hr>116</ns3:hr>
          </ns3:TrackPointExtension>
        </extensions>
      </trkpt>
      <trkpt lat="36.686447896063327789306640625" lon="117.28565708734095096588134765625">
        <ele>94</ele>
        <time>2026-07-18T02:36:35.000Z</time>
        <extensions>
          <ns3:TrackPointExtension>
            <ns3:hr>118</ns3:hr>
          </ns3:TrackPointExtension>
        </extensions>
      </trkpt>
      <trkpt lat="36.68643875978887081146240234375" lon="117.28547972626984119415283203125">
        <ele>93.8000030517578125</ele>
        <time>2026-07-18T02:36:37.000Z</time>
        <extensions>
          <ns3:TrackPointExtension>
            <ns3:hr>121</ns3:hr>
          </ns3:TrackPointExtension>
        </extensions>
      </trkpt>
      <trkpt lat="36.6864396817982196807861328125" lon="117.28521569631993770599365234375">
        <ele>93.40000152587890625</ele>
        <time>2026-07-18T02:36:40.000Z</time>
        <extensions>
          <ns3:TrackPointExtension>
            <ns3:hr>124</ns3:hr>
          </ns3:TrackPointExtension>
        </extensions>
      </trkpt>
      <trkpt lat="36.68644093908369541168212890625" lon="117.2851277701556682586669921875">
        <ele>93.40000152587890625</ele>
        <time>2026-07-18T02:36:41.000Z</time>
        <extensions>
          <ns3:TrackPointExtension>
            <ns3:hr>125</ns3:hr>
          </ns3:TrackPointExtension>
        </extensions>
      </trkpt>
      <trkpt lat="36.6864623129367828369140625" lon="117.2846835292875766754150390625">
        <ele>93.40000152587890625</ele>
        <time>2026-07-18T02:36:46.000Z</time>
        <extensions>
          <ns3:TrackPointExtension>
            <ns3:hr>127</ns3:hr>
          </ns3:TrackPointExtension>
        </extensions>
      </trkpt>
      <trkpt lat="36.68646004982292652130126953125" lon="117.28418581187725067138671875">
        <ele>93.1999969482421875</ele>
        <time>2026-07-18T02:36:51.000Z</time>
        <extensions>
          <ns3:TrackPointExtension>
            <ns3:hr>129</ns3:hr>
          </ns3:TrackPointExtension>
        </extensions>
      </trkpt>
      <trkpt lat="36.686444543302059173583984375" lon="117.28353210724890232086181640625">
        <ele>93</ele>
        <time>2026-07-18T02:36:58.000Z</time>
        <extensions>
          <ns3:TrackPointExtension>
            <ns3:hr>131</ns3:hr>
          </ns3:TrackPointExtension>
        </extensions>
      </trkpt>
      <trkpt lat="36.68643490411341190338134765625" lon="117.2829258441925048828125">
        <ele>93.1999969482421875</ele>
        <time>2026-07-18T02:37:05.000Z</time>
        <extensions>
          <ns3:TrackPointExtension>
            <ns3:hr>129</ns3:hr>
          </ns3:TrackPointExtension>
        </extensions>
      </trkpt>
      <trkpt lat="36.6864520870149135589599609375" lon="117.28220860473811626434326171875">
        <ele>92.40000152587890625</ele>
        <time>2026-07-18T02:37:12.000Z</time>
        <extensions>
          <ns3:TrackPointExtension>
            <ns3:hr>131</ns3:hr>
          </ns3:TrackPointExtension>
        </extensions>
      </trkpt>
      <trkpt lat="36.68646021746098995208740234375" lon="117.2815919481217861175537109375">
        <ele>92.40000152587890625</ele>
        <time>2026-07-18T02:37:18.000Z</time>
        <extensions>
          <ns3:TrackPointExtension>
            <ns3:hr>134</ns3:hr>
          </ns3:TrackPointExtension>
        </extensions>
      </trkpt>
      <trkpt lat="36.68646139092743396759033203125" lon="117.28128357790410518646240234375">
        <ele>92.40000152587890625</ele>
        <time>2026-07-18T02:37:21.000Z</time>
        <extensions>
          <ns3:TrackPointExtension>
            <ns3:hr>137</ns3:hr>
          </ns3:TrackPointExtension>
        </extensions>
      </trkpt>
      <trkpt lat="36.6864534281194210052490234375" lon="117.2808711044490337371826171875">
        <ele>92.59999847412109375</ele>
        <time>2026-07-18T02:37:25.000Z</time>
        <extensions>
          <ns3:TrackPointExtension>
            <ns3:hr>140</ns3:hr>
          </ns3:TrackPointExtension>
        </extensions>
      </trkpt>
      <trkpt lat="36.6864596307277679443359375" lon="117.28055804036557674407958984375">
        <ele>92.59999847412109375</ele>
        <time>2026-07-18T02:37:28.000Z</time>
        <extensions>
          <ns3:TrackPointExtension>
            <ns3:hr>141</ns3:hr>
          </ns3:TrackPointExtension>
        </extensions>
      </trkpt>
      <trkpt lat="36.6864571161568164825439453125" lon="117.2798297367990016937255859375">
        <ele>92.1999969482421875</ele>
        <time>2026-07-18T02:37:35.000Z</time>
        <extensions>
          <ns3:TrackPointExtension>
            <ns3:hr>143</ns3:hr>
          </ns3:TrackPointExtension>
        </extensions>
      </trkpt>
      <trkpt lat="36.68645652942359447479248046875" lon="117.279732339084148406982421875">
        <ele>92</ele>
        <time>2026-07-18T02:37:36.000Z</time>
        <extensions>
          <ns3:TrackPointExtension>
            <ns3:hr>143</ns3:hr>
          </ns3:TrackPointExtension>
        </extensions>
      </trkpt>
      <trkpt lat="36.6864631511270999908447265625" lon="117.27926840074360370635986328125">
        <ele>91.59999847412109375</ele>
        <time>2026-07-18T02:37:41.000Z</time>
        <extensions>
          <ns3:TrackPointExtension>
            <ns3:hr>145</ns3:hr>
          </ns3:TrackPointExtension>
        </extensions>
      </trkpt>
      <trkpt lat="36.686467342078685760498046875" lon="117.2788879461586475372314453125">
        <ele>90.59999847412109375</ele>
        <time>2026-07-18T02:37:45.000Z</time>
        <extensions>
          <ns3:TrackPointExtension>
            <ns3:hr>144</ns3:hr>
          </ns3:TrackPointExtension>
        </extensions>
      </trkpt>
      <trkpt lat="36.6864668391644954681396484375" lon="117.27869340218603610992431640625">
        <ele>90.1999969482421875</ele>
        <time>2026-07-18T02:37:47.000Z</time>
        <extensions>
          <ns3:TrackPointExtension>
            <ns3:hr>144</ns3:hr>
          </ns3:TrackPointExtension>
        </extensions>
      </trkpt>
      <trkpt lat="36.686474047601222991943359375" lon="117.27832292206585407257080078125">
        <ele>90.1999969482421875</ele>
        <time>2026-07-18T02:37:51.000Z</time>
        <extensions>
          <ns3:TrackPointExtension>
            <ns3:hr>144</ns3:hr>
          </ns3:TrackPointExtension>
        </extensions>
      </trkpt>
      <trkpt lat="36.68647748418152332305908203125" lon="117.27812477387487888336181640625">
        <ele>90</ele>
        <time>2026-07-18T02:37:53.000Z</time>
        <extensions>
          <ns3:TrackPointExtension>
            <ns3:hr>144</ns3:hr>
          </ns3:TrackPointExtension>
        </extensions>
      </trkpt>
      <trkpt lat="36.686469018459320068359375" lon="117.27762244641780853271484375">
        <ele>90.59999847412109375</ele>
        <time>2026-07-18T02:37:58.000Z</time>
        <extensions>
          <ns3:TrackPointExtension>
            <ns3:hr>146</ns3:hr>
          </ns3:TrackPointExtension>
        </extensions>
      </trkpt>
      <trkpt lat="36.68646792881190776824951171875" lon="117.2773292474448680877685546875">
        <ele>91</ele>
        <time>2026-07-18T02:38:01.000Z</time>
        <extensions>
          <ns3:TrackPointExtension>
            <ns3:hr>149</ns3:hr>
          </ns3:TrackPointExtension>
        </extensions>
      </trkpt>
      <trkpt lat="36.686466000974178314208984375" lon="117.2769349627196788787841796875">
        <ele>91.59999847412109375</ele>
        <time>2026-07-18T02:38:05.000Z</time>
        <extensions>
          <ns3:TrackPointExtension>
            <ns3:hr>152</ns3:hr>
          </ns3:TrackPointExtension>
        </extensions>
      </trkpt>
      <trkpt lat="36.68646759353578090667724609375" lon="117.2768397442996501922607421875">
        <ele>91.59999847412109375</ele>
        <time>2026-07-18T02:38:06.000Z</time>
        <extensions>
          <ns3:TrackPointExtension>
            <ns3:hr>153</ns3:hr>
          </ns3:TrackPointExtension>
        </extensions>
      </trkpt>
      <trkpt lat="36.686461307108402252197265625" lon="117.27630673907697200775146484375">
        <ele>91.59999847412109375</ele>
        <time>2026-07-18T02:38:12.000Z</time>
        <extensions>
          <ns3:TrackPointExtension>
            <ns3:hr>154</ns3:hr>
          </ns3:TrackPointExtension>
        </extensions>
      </trkpt>
      <trkpt lat="36.68647329322993755340576171875" lon="117.2758630849421024322509765625">
        <ele>90.59999847412109375</ele>
        <time>2026-07-18T02:38:17.000Z</time>
        <extensions>
          <ns3:TrackPointExtension>
            <ns3:hr>153</ns3:hr>
          </ns3:TrackPointExtension>
        </extensions>
      </trkpt>
      <trkpt lat="36.6864701919257640838623046875" lon="117.275468967854976654052734375">
        <ele>89.8000030517578125</ele>
        <time>2026-07-18T02:38:21.000Z</time>
        <extensions>
          <ns3:TrackPointExtension>
            <ns3:hr>152</ns3:hr>
          </ns3:TrackPointExtension>
        </extensions>
      </trkpt>
      <trkpt lat="36.68647580780088901519775390625" lon="117.2751794569194316864013671875">
        <ele>89.8000030517578125</ele>
        <time>2026-07-18T02:38:24.000Z</time>
        <extensions>
          <ns3:TrackPointExtension>
            <ns3:hr>151</ns3:hr>
          </ns3:TrackPointExtension>
        </extensions>
      </trkpt>
      <trkpt lat="36.68647832237184047698974609375" lon="117.2744861058890819549560546875">
        <ele>90</ele>
        <time>2026-07-18T02:38:31.000Z</time>
        <extensions>
          <ns3:TrackPointExtension>
            <ns3:hr>154</ns3:hr>
          </ns3:TrackPointExtension>
        </extensions>
      </trkpt>
      <trkpt lat="36.686479412019252777099609375" lon="117.2740214131772518157958984375">
        <ele>89.8000030517578125</ele>
        <time>2026-07-18T02:38:36.000Z</time>
        <extensions>
          <ns3:TrackPointExtension>
            <ns3:hr>157</ns3:hr>
          </ns3:TrackPointExtension>
        </extensions>
      </trkpt>
      <trkpt lat="36.68647513724863529205322265625" lon="117.27376274764537811279296875">
        <ele>89.59999847412109375</ele>
        <time>2026-07-18T02:38:39.000Z</time>
        <extensions>
          <ns3:TrackPointExtension>
            <ns3:hr>156</ns3:hr>
          </ns3:TrackPointExtension>
        </extensions>
      </trkpt>
      <trkpt lat="36.6864735446870326995849609375" lon="117.2732378728687763214111328125">
        <ele>89.40000152587890625</ele>
        <time>2026-07-18T02:38:46.000Z</time>
        <extensions>
          <ns3:TrackPointExtension>
            <ns3:hr>156</ns3:hr>
          </ns3:TrackPointExtension>
        </extensions>
      </trkpt>
      <trkpt lat="36.68647195212543010711669921875" lon="117.27303561754524707794189453125">
        <ele>89.40000152587890625</ele>
        <time>2026-07-18T02:38:49.000Z</time>
        <extensions>
          <ns3:TrackPointExtension>
            <ns3:hr>153</ns3:hr>
          </ns3:TrackPointExtension>
        </extensions>
      </trkpt>
      <trkpt lat="36.6864717006683349609375" lon="117.27276320569217205047607421875">
        <ele>89.1999969482421875</ele>
        <time>2026-07-18T02:38:53.000Z</time>
        <extensions>
          <ns3:TrackPointExtension>
            <ns3:hr>150</ns3:hr>
          </ns3:TrackPointExtension>
        </extensions>
      </trkpt>
      <trkpt lat="36.68647396378219127655029296875" lon="117.27269263006746768951416015625">
        <ele>89.1999969482421875</ele>
        <time>2026-07-18T02:38:54.000Z</time>
        <extensions>
          <ns3:TrackPointExtension>
            <ns3:hr>150</ns3:hr>
          </ns3:TrackPointExtension>
        </extensions>
      </trkpt>
      <trkpt lat="36.68648469261825084686279296875" lon="117.2722266800701618194580078125">
        <ele>89.1999969482421875</ele>
        <time>2026-07-18T02:39:00.000Z</time>
        <extensions>
          <ns3:TrackPointExtension>
            <ns3:hr>149</ns3:hr>
          </ns3:TrackPointExtension>
        </extensions>
      </trkpt>
      <trkpt lat="36.68648167513310909271240234375" lon="117.27174036204814910888671875">
        <ele>89.1999969482421875</ele>
        <time>2026-07-18T02:39:06.000Z</time>
        <extensions>
          <ns3:TrackPointExtension>
            <ns3:hr>148</ns3:hr>
          </ns3:TrackPointExtension>
        </extensions>
      </trkpt>
      <trkpt lat="36.68648385442793369293212890625" lon="117.271024882793426513671875">
        <ele>88.8000030517578125</ele>
        <time>2026-07-18T02:39:15.000Z</time>
        <extensions>
          <ns3:TrackPointExtension>
            <ns3:hr>148</ns3:hr>
          </ns3:TrackPointExtension>
        </extensions>
      </trkpt>
      <trkpt lat="36.68648452498018741607666015625" lon="117.2709429077804088592529296875">
        <ele>88.8000030517578125</ele>
        <time>2026-07-18T02:39:16.000Z</time>
        <extensions>
          <ns3:TrackPointExtension>
            <ns3:hr>148</ns3:hr>
          </ns3:TrackPointExtension>
        </extensions>
      </trkpt>
      <trkpt lat="36.68648301623761653900146484375" lon="117.270402275025844573974609375">
        <ele>88.40000152587890625</ele>
        <time>2026-07-18T02:39:23.000Z</time>
        <extensions>
          <ns3:TrackPointExtension>
            <ns3:hr>148</ns3:hr>
          </ns3:TrackPointExtension>
        </extensions>
      </trkpt>
      <trkpt lat="36.6864809207618236541748046875" lon="117.2699166275560855865478515625">
        <ele>88.59999847412109375</ele>
        <time>2026-07-18T02:39:30.000Z</time>
        <extensions>
          <ns3:TrackPointExtension>
            <ns3:hr>146</ns3:hr>
          </ns3:TrackPointExtension>
        </extensions>
      </trkpt>
      <trkpt lat="36.686483435332775115966796875" lon="117.2694060020148754119873046875">
        <ele>88</ele>
        <time>2026-07-18T02:39:37.000Z</time>
        <extensions>
          <ns3:TrackPointExtension>
            <ns3:hr>145</ns3:hr>
          </ns3:TrackPointExtension>
        </extensions>
      </trkpt>
      <trkpt lat="36.68649005703628063201904296875" lon="117.2693372704088687896728515625">
        <ele>87.8000030517578125</ele>
        <time>2026-07-18T02:39:38.000Z</time>
        <extensions>
          <ns3:TrackPointExtension>
            <ns3:hr>144</ns3:hr>
          </ns3:TrackPointExtension>
        </extensions>
      </trkpt>
      <trkpt lat="36.68649609200656414031982421875" lon="117.26920642890036106109619140625">
        <ele>87.1999969482421875</ele>
        <time>2026-07-18T02:39:40.000Z</time>
        <extensions>
          <ns3:TrackPointExtension>
            <ns3:hr>143</ns3:hr>
          </ns3:TrackPointExtension>
        </extensions>
      </trkpt>
      <trkpt lat="36.68649123050272464752197265625" lon="117.26908522658050060272216796875">
        <ele>87</ele>
        <time>2026-07-18T02:39:42.000Z</time>
        <extensions>
          <ns3:TrackPointExtension>
            <ns3:hr>139</ns3:hr>
          </ns3:TrackPointExtension>
        </extensions>
      </trkpt>
      <trkpt lat="36.686492823064327239990234375" lon="117.2689084522426128387451171875">
        <ele>87.1999969482421875</ele>
        <time>2026-07-18T02:39:45.000Z</time>
        <extensions>
          <ns3:TrackPointExtension>
            <ns3:hr>136</ns3:hr>
          </ns3:TrackPointExtension>
        </extensions>
      </trkpt>
      <trkpt lat="36.68648955412209033966064453125" lon="117.26866847835481166839599609375">
        <ele>87.40000152587890625</ele>
        <time>2026-07-18T02:39:49.000Z</time>
        <extensions>
          <ns3:TrackPointExtension>
            <ns3:hr>134</ns3:hr>
          </ns3:TrackPointExtension>
        </extensions>
      </trkpt>
      <trkpt lat="36.68649542145431041717529296875" lon="117.2683002613484859466552734375">
        <ele>87.40000152587890625</ele>
        <time>2026-07-18T02:39:54.000Z</time>
        <extensions>
          <ns3:TrackPointExtension>
            <ns3:hr>133</ns3:hr>
          </ns3:TrackPointExtension>
        </extensions>
      </trkpt>
      <trkpt lat="36.68650648556649684906005859375" lon="117.268058024346828460693359375">
        <ele>87.40000152587890625</ele>
        <time>2026-07-18T02:39:57.000Z</time>
        <extensions>
          <ns3:TrackPointExtension>
            <ns3:hr>133</ns3:hr>
          </ns3:TrackPointExtension>
        </extensions>
      </trkpt>
      <trkpt lat="36.6864998638629913330078125" lon="117.2678825072944164276123046875">
        <ele>87.40000152587890625</ele>
        <time>2026-07-18T02:39:59.000Z</time>
        <extensions>
          <ns3:TrackPointExtension>
            <ns3:hr>134</ns3:hr>
          </ns3:TrackPointExtension>
        </extensions>
      </trkpt>
      <trkpt lat="36.68649944476783275604248046875" lon="117.26726987399160861968994140625">
        <ele>87.40000152587890625</ele>
        <time>2026-07-18T02:40:06.000Z</time>
        <extensions>
          <ns3:TrackPointExtension>
            <ns3:hr>136</ns3:hr>
          </ns3:TrackPointExtension>
        </extensions>
      </trkpt>
      <trkpt lat="36.68649894185364246368408203125" lon="117.26709670387208461761474609375">
        <ele>87.40000152587890625</ele>
        <time>2026-07-18T02:40:08.000Z</time>
        <extensions>
          <ns3:TrackPointExtension>
            <ns3:hr>139</ns3:hr>
          </ns3:TrackPointExtension>
        </extensions>
      </trkpt>
      <trkpt lat="36.68649877421557903289794921875" lon="117.2669252939522266387939453125">
        <ele>87.1999969482421875</ele>
        <time>2026-07-18T02:40:10.000Z</time>
        <extensions>
          <ns3:TrackPointExtension>
            <ns3:hr>142</ns3:hr>
          </ns3:TrackPointExtension>
        </extensions>
      </trkpt>
      <trkpt lat="36.686493493616580963134765625" lon="117.2666698135435581207275390625">
        <ele>87.1999969482421875</ele>
        <time>2026-07-18T02:40:13.000Z</time>
        <extensions>
          <ns3:TrackPointExtension>
            <ns3:hr>145</ns3:hr>
          </ns3:TrackPointExtension>
        </extensions>
      </trkpt>
      <trkpt lat="36.6864929907023906707763671875" lon="117.26658876053988933563232421875">
        <ele>87.1999969482421875</ele>
        <time>2026-07-18T02:40:14.000Z</time>
        <extensions>
          <ns3:TrackPointExtension>
            <ns3:hr>146</ns3:hr>
          </ns3:TrackPointExtension>
        </extensions>
      </trkpt>
      <trkpt lat="36.6864953376352787017822265625" lon="117.266363203525543212890625">
        <ele>86.8000030517578125</ele>
        <time>2026-07-18T02:40:18.000Z</time>
        <extensions>
          <ns3:TrackPointExtension>
            <ns3:hr>145</ns3:hr>
          </ns3:TrackPointExtension>
        </extensions>
      </trkpt>
      <trkpt lat="36.6864963434636592864990234375" lon="117.2662865929305553436279296875">
        <ele>86.1999969482421875</ele>
        <time>2026-07-18T02:40:22.000Z</time>
        <extensions>
          <ns3:TrackPointExtension>
            <ns3:hr>141</ns3:hr>
          </ns3:TrackPointExtension>
        </extensions>
      </trkpt>
      <trkpt lat="36.68649542145431041717529296875" lon="117.2662733495235443115234375">
        <ele>86.1999969482421875</ele>
        <time>2026-07-18T02:40:26.000Z</time>
        <extensions>
          <ns3:TrackPointExtension>
            <ns3:hr>138</ns3:hr>
          </ns3:TrackPointExtension>
        </extensions>
      </trkpt>
      <trkpt lat="36.68649542145431041717529296875" lon="117.2662733495235443115234375">
        <ele>86.40000152587890625</ele>
        <time>2026-07-18T02:40:28.000Z</time>
        <extensions>
          <ns3:TrackPointExtension>
            <ns3:hr>138</ns3:hr>
          </ns3:TrackPointExtension>
        </extensions>
      </trkpt>
      <trkpt lat="36.68649542145431041717529296875" lon="117.2662733495235443115234375">
        <ele>86</ele>
        <time>2026-07-18T02:40:36.000Z</time>
        <extensions>
          <ns3:TrackPointExtension>
            <ns3:hr>137</ns3:hr>
          </ns3:TrackPointExtension>
        </extensions>
      </trkpt>
      <trkpt lat="36.68649542145431041717529296875" lon="117.26627259515225887298583984375">
        <ele>86.1999969482421875</ele>
        <time>2026-07-18T02:40:37.000Z</time>
        <extensions>
          <ns3:TrackPointExtension>
            <ns3:hr>138</ns3:hr>
          </ns3:TrackPointExtension>
        </extensions>
      </trkpt>
      <trkpt lat="36.68649542145431041717529296875" lon="117.2662733495235443115234375">
        <ele>86.40000152587890625</ele>
        <time>2026-07-18T02:40:40.000Z</time>
        <extensions>
          <ns3:TrackPointExtension>
            <ns3:hr>137</ns3:hr>
          </ns3:TrackPointExtension>
        </extensions>
      </trkpt>
      <trkpt lat="36.6865003667771816253662109375" lon="117.2662704996764659881591796875">
        <ele>86.1999969482421875</ele>
        <time>2026-07-18T02:40:42.000Z</time>
        <extensions>
          <ns3:TrackPointExtension>
            <ns3:hr>136</ns3:hr>
          </ns3:TrackPointExtension>
        </extensions>
      </trkpt>
      <trkpt lat="36.68649542145431041717529296875" lon="117.2662733495235443115234375">
        <ele>85.8000030517578125</ele>
        <time>2026-07-18T02:40:45.000Z</time>
        <extensions>
          <ns3:TrackPointExtension>
            <ns3:hr>136</ns3:hr>
          </ns3:TrackPointExtension>
        </extensions>
      </trkpt>
      <trkpt lat="36.68649542145431041717529296875" lon="117.2662733495235443115234375">
        <ele>85.59999847412109375</ele>
        <time>2026-07-18T02:40:47.000Z</time>
        <extensions>
          <ns3:TrackPointExtension>
            <ns3:hr>136</ns3:hr>
          </ns3:TrackPointExtension>
        </extensions>
      </trkpt>
      <trkpt lat="36.68649542145431041717529296875" lon="117.2662733495235443115234375">
        <ele>85.59999847412109375</ele>
        <time>2026-07-18T02:40:50.000Z</time>
        <extensions>
          <ns3:TrackPointExtension>
            <ns3:hr>134</ns3:hr>
          </ns3:TrackPointExtension>
        </extensions>
      </trkpt>
      <trkpt lat="36.68649340979754924774169921875" lon="117.266257591545581817626953125">
        <ele>85.59999847412109375</ele>
        <time>2026-07-18T02:40:59.000Z</time>
        <extensions>
          <ns3:TrackPointExtension>
            <ns3:hr>134</ns3:hr>
          </ns3:TrackPointExtension>
        </extensions>
      </trkpt>
      <trkpt lat="36.68650162406265735626220703125" lon="117.26623755879700183868408203125">
        <ele>85</ele>
        <time>2026-07-18T02:41:04.000Z</time>
        <extensions>
          <ns3:TrackPointExtension>
            <ns3:hr>133</ns3:hr>
          </ns3:TrackPointExtension>
        </extensions>
      </trkpt>
      <trkpt lat="36.68650648556649684906005859375" lon="117.26623035036027431488037109375">
        <ele>85</ele>
        <time>2026-07-18T02:41:05.000Z</time>
        <extensions>
          <ns3:TrackPointExtension>
            <ns3:hr>134</ns3:hr>
          </ns3:TrackPointExtension>
        </extensions>
      </trkpt>
      <trkpt lat="36.6865332238376140594482421875" lon="117.2661675699055194854736328125">
        <ele>84.8000030517578125</ele>
        <time>2026-07-18T02:41:11.000Z</time>
        <extensions>
          <ns3:TrackPointExtension>
            <ns3:hr>134</ns3:hr>
          </ns3:TrackPointExtension>
        </extensions>
      </trkpt>
      <trkpt lat="36.6865469701588153839111328125" lon="117.26612985134124755859375">
        <ele>84.8000030517578125</ele>
        <time>2026-07-18T02:41:13.000Z</time>
        <extensions>
          <ns3:TrackPointExtension>
            <ns3:hr>132</ns3:hr>
          </ns3:TrackPointExtension>
        </extensions>
      </trkpt>
      <trkpt lat="36.68654881417751312255859375" lon="117.26606908254325389862060546875">
        <ele>84.8000030517578125</ele>
        <time>2026-07-18T02:41:15.000Z</time>
        <extensions>
          <ns3:TrackPointExtension>
            <ns3:hr>128</ns3:hr>
          </ns3:TrackPointExtension>
        </extensions>
      </trkpt>
      <trkpt lat="36.6865560226142406463623046875" lon="117.26598543114960193634033203125">
        <ele>84.40000152587890625</ele>
        <time>2026-07-18T02:41:17.000Z</time>
        <extensions>
          <ns3:TrackPointExtension>
            <ns3:hr>125</ns3:hr>
          </ns3:TrackPointExtension>
        </extensions>
      </trkpt>
      <trkpt lat="36.68657035566866397857666015625" lon="117.26585333235561847686767578125">
        <ele>84</ele>
        <time>2026-07-18T02:41:20.000Z</time>
        <extensions>
          <ns3:TrackPointExtension>
            <ns3:hr>124</ns3:hr>
          </ns3:TrackPointExtension>
        </extensions>
      </trkpt>
      <trkpt lat="36.6865789890289306640625" lon="117.26554001681506633758544921875">
        <ele>85</ele>
        <time>2026-07-18T02:41:25.000Z</time>
        <extensions>
          <ns3:TrackPointExtension>
            <ns3:hr>122</ns3:hr>
          </ns3:TrackPointExtension>
        </extensions>
      </trkpt>
      <trkpt lat="36.6865841858088970184326171875" lon="117.26538143120706081390380859375">
        <ele>85.59999847412109375</ele>
        <time>2026-07-18T02:41:27.000Z</time>
        <extensions>
          <ns3:TrackPointExtension>
            <ns3:hr>122</ns3:hr>
          </ns3:TrackPointExtension>
        </extensions>
      </trkpt>
      <trkpt lat="36.6865774802863597869873046875" lon="117.2651312313973903656005859375">
        <ele>85.8000030517578125</ele>
        <time>2026-07-18T02:41:30.000Z</time>
        <extensions>
          <ns3:TrackPointExtension>
            <ns3:hr>125</ns3:hr>
          </ns3:TrackPointExtension>
        </extensions>
      </trkpt>
      <trkpt lat="36.68657622300088405609130859375" lon="117.2650448977947235107421875">
        <ele>86</ele>
        <time>2026-07-18T02:41:31.000Z</time>
        <extensions>
          <ns3:TrackPointExtension>
            <ns3:hr>126</ns3:hr>
          </ns3:TrackPointExtension>
        </extensions>
      </trkpt>
      <trkpt lat="36.6865774802863597869873046875" lon="117.26467835716903209686279296875">
        <ele>86.1999969482421875</ele>
        <time>2026-07-18T02:41:35.000Z</time>
        <extensions>
          <ns3:TrackPointExtension>
            <ns3:hr>129</ns3:hr>
          </ns3:TrackPointExtension>
        </extensions>
      </trkpt>
      <trkpt lat="36.68657002039253711700439453125" lon="117.26448406465351581573486328125">
        <ele>86.1999969482421875</ele>
        <time>2026-07-18T02:41:37.000Z</time>
        <extensions>
          <ns3:TrackPointExtension>
            <ns3:hr>131</ns3:hr>
          </ns3:TrackPointExtension>
        </extensions>
      </trkpt>
      <trkpt lat="36.6865654103457927703857421875" lon="117.26438708603382110595703125">
        <ele>86</ele>
        <time>2026-07-18T02:41:38.000Z</time>
        <extensions>
          <ns3:TrackPointExtension>
            <ns3:hr>136</ns3:hr>
          </ns3:TrackPointExtension>
        </extensions>
      </trkpt>
      <trkpt lat="36.68656264431774616241455078125" lon="117.26429052650928497314453125">
        <ele>85.8000030517578125</ele>
        <time>2026-07-18T02:41:39.000Z</time>
        <extensions>
          <ns3:TrackPointExtension>
            <ns3:hr>139</ns3:hr>
          </ns3:TrackPointExtension>
        </extensions>
      </trkpt>
      <trkpt lat="36.68655862100422382354736328125" lon="117.26399590261280536651611328125">
        <ele>85.8000030517578125</ele>
        <time>2026-07-18T02:41:42.000Z</time>
        <extensions>
          <ns3:TrackPointExtension>
            <ns3:hr>142</ns3:hr>
          </ns3:TrackPointExtension>
        </extensions>
      </trkpt>
      <trkpt lat="36.68655191548168659210205078125" lon="117.2637039609253406524658203125">
        <ele>85.59999847412109375</ele>
        <time>2026-07-18T02:41:45.000Z</time>
        <extensions>
          <ns3:TrackPointExtension>
            <ns3:hr>144</ns3:hr>
          </ns3:TrackPointExtension>
        </extensions>
      </trkpt>
      <trkpt lat="36.686549820005893707275390625" lon="117.26351209916174411773681640625">
        <ele>85.59999847412109375</ele>
        <time>2026-07-18T02:41:47.000Z</time>
        <extensions>
          <ns3:TrackPointExtension>
            <ns3:hr>147</ns3:hr>
          </ns3:TrackPointExtension>
        </extensions>
      </trkpt>
      <trkpt lat="36.686549820005893707275390625" lon="117.26302846334874629974365234375">
        <ele>85.59999847412109375</ele>
        <time>2026-07-18T02:41:52.000Z</time>
        <extensions>
          <ns3:TrackPointExtension>
            <ns3:hr>150</ns3:hr>
          </ns3:TrackPointExtension>
        </extensions>
      </trkpt>
      <trkpt lat="36.68655359186232089996337890625" lon="117.26245078258216381072998046875">
        <ele>85.59999847412109375</ele>
        <time>2026-07-18T02:41:58.000Z</time>
        <extensions>
          <ns3:TrackPointExtension>
            <ns3:hr>152</ns3:hr>
          </ns3:TrackPointExtension>
        </extensions>
      </trkpt>
      <trkpt lat="36.6865566931664943695068359375" lon="117.2619383968412876129150390625">
        <ele>85.1999969482421875</ele>
        <time>2026-07-18T02:42:04.000Z</time>
        <extensions>
          <ns3:TrackPointExtension>
            <ns3:hr>152</ns3:hr>
          </ns3:TrackPointExtension>
        </extensions>
      </trkpt>
      <trkpt lat="36.68656624853610992431640625" lon="117.2617060504853725433349609375">
        <ele>85.1999969482421875</ele>
        <time>2026-07-18T02:42:07.000Z</time>
        <extensions>
          <ns3:TrackPointExtension>
            <ns3:hr>152</ns3:hr>
          </ns3:TrackPointExtension>
        </extensions>
      </trkpt>
      <trkpt lat="36.686560548841953277587890625" lon="117.26146725006401538848876953125">
        <ele>85.1999969482421875</ele>
        <time>2026-07-18T02:42:10.000Z</time>
        <extensions>
          <ns3:TrackPointExtension>
            <ns3:hr>151</ns3:hr>
          </ns3:TrackPointExtension>
        </extensions>
      </trkpt>
      <trkpt lat="36.68657136149704456329345703125" lon="117.26089694537222385406494140625">
        <ele>84.8000030517578125</ele>
        <time>2026-07-18T02:42:17.000Z</time>
        <extensions>
          <ns3:TrackPointExtension>
            <ns3:hr>149</ns3:hr>
          </ns3:TrackPointExtension>
        </extensions>
      </trkpt>
      <trkpt lat="36.68658007867634296417236328125" lon="117.2606053389608860015869140625">
        <ele>84.59999847412109375</ele>
        <time>2026-07-18T02:42:21.000Z</time>
        <extensions>
          <ns3:TrackPointExtension>
            <ns3:hr>148</ns3:hr>
          </ns3:TrackPointExtension>
        </extensions>
      </trkpt>
      <trkpt lat="36.68657437898218631744384765625" lon="117.26053400896489620208740234375">
        <ele>84.59999847412109375</ele>
        <time>2026-07-18T02:42:22.000Z</time>
        <extensions>
          <ns3:TrackPointExtension>
            <ns3:hr>148</ns3:hr>
          </ns3:TrackPointExtension>
        </extensions>
      </trkpt>
      <trkpt lat="36.68656490743160247802734375" lon="117.26027416996657848358154296875">
        <ele>84.59999847412109375</ele>
        <time>2026-07-18T02:42:26.000Z</time>
        <extensions>
          <ns3:TrackPointExtension>
            <ns3:hr>146</ns3:hr>
          </ns3:TrackPointExtension>
        </extensions>
      </trkpt>
      <trkpt lat="36.68656767345964908599853515625" lon="117.26020728237926959991455078125">
        <ele>84.59999847412109375</ele>
        <time>2026-07-18T02:42:27.000Z</time>
        <extensions>
          <ns3:TrackPointExtension>
            <ns3:hr>145</ns3:hr>
          </ns3:TrackPointExtension>
        </extensions>
      </trkpt>
      <trkpt lat="36.68656784109771251678466796875" lon="117.26005724631249904632568359375">
        <ele>84.8000030517578125</ele>
        <time>2026-07-18T02:42:29.000Z</time>
        <extensions>
          <ns3:TrackPointExtension>
            <ns3:hr>142</ns3:hr>
          </ns3:TrackPointExtension>
        </extensions>
      </trkpt>
      <trkpt lat="36.68656683526933193206787109375" lon="117.25973370485007762908935546875">
        <ele>85</ele>
        <time>2026-07-18T02:42:33.000Z</time>
        <extensions>
          <ns3:TrackPointExtension>
            <ns3:hr>142</ns3:hr>
          </ns3:TrackPointExtension>
        </extensions>
      </trkpt>
      <trkpt lat="36.6865722835063934326171875" lon="117.25905259139835834503173828125">
        <ele>84.8000030517578125</ele>
        <time>2026-07-18T02:42:41.000Z</time>
        <extensions>
          <ns3:TrackPointExtension>
            <ns3:hr>142</ns3:hr>
          </ns3:TrackPointExtension>
        </extensions>
      </trkpt>
      <trkpt lat="36.6865999437868595123291015625" lon="117.25865059532225131988525390625">
        <ele>84.40000152587890625</ele>
        <time>2026-07-18T02:42:46.000Z</time>
        <extensions>
          <ns3:TrackPointExtension>
            <ns3:hr>144</ns3:hr>
          </ns3:TrackPointExtension>
        </extensions>
      </trkpt>
      <trkpt lat="36.68660782277584075927734375" lon="117.2584220208227634429931640625">
        <ele>84.1999969482421875</ele>
        <time>2026-07-18T02:42:49.000Z</time>
        <extensions>
          <ns3:TrackPointExtension>
            <ns3:hr>147</ns3:hr>
          </ns3:TrackPointExtension>
        </extensions>
      </trkpt>
      <trkpt lat="36.68661159463226795196533203125" lon="117.2582101263105869293212890625">
        <ele>84.1999969482421875</ele>
        <time>2026-07-18T02:42:52.000Z</time>
        <extensions>
          <ns3:TrackPointExtension>
            <ns3:hr>148</ns3:hr>
          </ns3:TrackPointExtension>
        </extensions>
      </trkpt>
      <trkpt lat="36.6866069845855236053466796875" lon="117.25813242606818675994873046875">
        <ele>84.1999969482421875</ele>
        <time>2026-07-18T02:42:53.000Z</time>
        <extensions>
          <ns3:TrackPointExtension>
            <ns3:hr>148</ns3:hr>
          </ns3:TrackPointExtension>
        </extensions>
      </trkpt>
      <trkpt lat="36.6866059787571430206298828125" lon="117.25794710218906402587890625">
        <ele>84.59999847412109375</ele>
        <time>2026-07-18T02:42:56.000Z</time>
        <extensions>
          <ns3:TrackPointExtension>
            <ns3:hr>148</ns3:hr>
          </ns3:TrackPointExtension>
        </extensions>
      </trkpt>
      <trkpt lat="36.686608493328094482421875" lon="117.25783084519207477569580078125">
        <ele>85</ele>
        <time>2026-07-18T02:43:00.000Z</time>
        <extensions>
          <ns3:TrackPointExtension>
            <ns3:hr>148</ns3:hr>
          </ns3:TrackPointExtension>
        </extensions>
      </trkpt>
      <trkpt lat="36.68660790659487247467041015625" lon="117.257759012281894683837890625">
        <ele>85.1999969482421875</ele>
        <time>2026-07-18T02:43:06.000Z</time>
        <extensions>
          <ns3:TrackPointExtension>
            <ns3:hr>145</ns3:hr>
          </ns3:TrackPointExtension>
        </extensions>
      </trkpt>
      <trkpt lat="36.68660555966198444366455078125" lon="117.25775172002613544464111328125">
        <ele>85.8000030517578125</ele>
        <time>2026-07-18T02:43:08.000Z</time>
        <extensions>
          <ns3:TrackPointExtension>
            <ns3:hr>144</ns3:hr>
          </ns3:TrackPointExtension>
        </extensions>
      </trkpt>
      <trkpt lat="36.6866006143391132354736328125" lon="117.25775104947388172149658203125">
        <ele>85.8000030517578125</ele>
        <time>2026-07-18T02:43:12.000Z</time>
        <extensions>
          <ns3:TrackPointExtension>
            <ns3:hr>141</ns3:hr>
          </ns3:TrackPointExtension>
        </extensions>
      </trkpt>
      <trkpt lat="36.6866006143391132354736328125" lon="117.25775104947388172149658203125">
        <ele>85.8000030517578125</ele>
        <time>2026-07-18T02:43:13.000Z</time>
        <extensions>
          <ns3:TrackPointExtension>
            <ns3:hr>141</ns3:hr>
          </ns3:TrackPointExtension>
        </extensions>
      </trkpt>
      <trkpt lat="36.6866006143391132354736328125" lon="117.25775104947388172149658203125">
        <ele>85.8000030517578125</ele>
        <time>2026-07-18T02:43:24.000Z</time>
        <extensions>
          <ns3:TrackPointExtension>
            <ns3:hr>140</ns3:hr>
          </ns3:TrackPointExtension>
        </extensions>
      </trkpt>
      <trkpt lat="36.6866006143391132354736328125" lon="117.25775104947388172149658203125">
        <ele>85.8000030517578125</ele>
        <time>2026-07-18T02:43:35.000Z</time>
        <extensions>
          <ns3:TrackPointExtension>
            <ns3:hr>138</ns3:hr>
          </ns3:TrackPointExtension>
        </extensions>
      </trkpt>
      <trkpt lat="36.6866006143391132354736328125" lon="117.25775104947388172149658203125">
        <ele>85.8000030517578125</ele>
        <time>2026-07-18T02:43:44.000Z</time>
        <extensions>
          <ns3:TrackPointExtension>
            <ns3:hr>136</ns3:hr>
          </ns3:TrackPointExtension>
        </extensions>
      </trkpt>
      <trkpt lat="36.68661209754645824432373046875" lon="117.25773177109658718109130859375">
        <ele>85.8000030517578125</ele>
        <time>2026-07-18T02:43:50.000Z</time>
        <extensions>
          <ns3:TrackPointExtension>
            <ns3:hr>136</ns3:hr>
          </ns3:TrackPointExtension>
        </extensions>
      </trkpt>
      <trkpt lat="36.68662316165864467620849609375" lon="117.2576768696308135986328125">
        <ele>85.8000030517578125</ele>
        <time>2026-07-18T02:43:55.000Z</time>
        <extensions>
          <ns3:TrackPointExtension>
            <ns3:hr>134</ns3:hr>
          </ns3:TrackPointExtension>
        </extensions>
      </trkpt>
      <trkpt lat="36.68660220690071582794189453125" lon="117.25753798149526119232177734375">
        <ele>85.8000030517578125</ele>
        <time>2026-07-18T02:44:00.000Z</time>
        <extensions>
          <ns3:TrackPointExtension>
            <ns3:hr>134</ns3:hr>
          </ns3:TrackPointExtension>
        </extensions>
      </trkpt>
      <trkpt lat="36.6866036318242549896240234375" lon="117.25731284357607364654541015625">
        <ele>86</ele>
        <time>2026-07-18T02:44:05.000Z</time>
        <extensions>
          <ns3:TrackPointExtension>
            <ns3:hr>131</ns3:hr>
          </ns3:TrackPointExtension>
        </extensions>
      </trkpt>
      <trkpt lat="36.68660924769937992095947265625" lon="117.25712190382182598114013671875">
        <ele>86.59999847412109375</ele>
        <time>2026-07-18T02:44:08.000Z</time>
        <extensions>
          <ns3:TrackPointExtension>
            <ns3:hr>129</ns3:hr>
          </ns3:TrackPointExtension>
        </extensions>
      </trkpt>
      <trkpt lat="36.68660891242325305938720703125" lon="117.256985194981098175048828125">
        <ele>86.8000030517578125</ele>
        <time>2026-07-18T02:44:10.000Z</time>
        <extensions>
          <ns3:TrackPointExtension>
            <ns3:hr>127</ns3:hr>
          </ns3:TrackPointExtension>
        </extensions>
      </trkpt>
      <trkpt lat="36.68661042116582393646240234375" lon="117.25662611424922943115234375">
        <ele>88.1999969482421875</ele>
        <time>2026-07-18T02:44:15.000Z</time>
        <extensions>
          <ns3:TrackPointExtension>
            <ns3:hr>128</ns3:hr>
          </ns3:TrackPointExtension>
        </extensions>
      </trkpt>
      <trkpt lat="36.68660924769937992095947265625" lon="117.25647230632603168487548828125">
        <ele>88.59999847412109375</ele>
        <time>2026-07-18T02:44:17.000Z</time>
        <extensions>
          <ns3:TrackPointExtension>
            <ns3:hr>131</ns3:hr>
          </ns3:TrackPointExtension>
        </extensions>
      </trkpt>
      <trkpt lat="36.68660338036715984344482421875" lon="117.2563131339848041534423828125">
        <ele>89.1999969482421875</ele>
        <time>2026-07-18T02:44:19.000Z</time>
        <extensions>
          <ns3:TrackPointExtension>
            <ns3:hr>133</ns3:hr>
          </ns3:TrackPointExtension>
        </extensions>
      </trkpt>
      <trkpt lat="36.6865910589694976806640625" lon="117.25623442791402339935302734375">
        <ele>89.40000152587890625</ele>
        <time>2026-07-18T02:44:20.000Z</time>
        <extensions>
          <ns3:TrackPointExtension>
            <ns3:hr>135</ns3:hr>
          </ns3:TrackPointExtension>
        </extensions>
      </trkpt>
      <trkpt lat="36.68656758964061737060546875" lon="117.25600208155810832977294921875">
        <ele>90</ele>
        <time>2026-07-18T02:44:23.000Z</time>
        <extensions>
          <ns3:TrackPointExtension>
            <ns3:hr>137</ns3:hr>
          </ns3:TrackPointExtension>
        </extensions>
      </trkpt>
      <trkpt lat="36.686569936573505401611328125" lon="117.25592614151537418365478515625">
        <ele>90.1999969482421875</ele>
        <time>2026-07-18T02:44:24.000Z</time>
        <extensions>
          <ns3:TrackPointExtension>
            <ns3:hr>138</ns3:hr>
          </ns3:TrackPointExtension>
        </extensions>
      </trkpt>
      <trkpt lat="36.686581671237945556640625" lon="117.25570787675678730010986328125">
        <ele>90.8000030517578125</ele>
        <time>2026-07-18T02:44:27.000Z</time>
        <extensions>
          <ns3:TrackPointExtension>
            <ns3:hr>141</ns3:hr>
          </ns3:TrackPointExtension>
        </extensions>
      </trkpt>
      <trkpt lat="36.6865885443985462188720703125" lon="117.25563503801822662353515625">
        <ele>91</ele>
        <time>2026-07-18T02:44:28.000Z</time>
        <extensions>
          <ns3:TrackPointExtension>
            <ns3:hr>143</ns3:hr>
          </ns3:TrackPointExtension>
        </extensions>
      </trkpt>
      <trkpt lat="36.68659818358719348907470703125" lon="117.25556605495512485504150390625">
        <ele>91.1999969482421875</ele>
        <time>2026-07-18T02:44:29.000Z</time>
        <extensions>
          <ns3:TrackPointExtension>
            <ns3:hr>144</ns3:hr>
          </ns3:TrackPointExtension>
        </extensions>
      </trkpt>
      <trkpt lat="36.68659131042659282684326171875" lon="117.2554960660636425018310546875">
        <ele>91.40000152587890625</ele>
        <time>2026-07-18T02:44:30.000Z</time>
        <extensions>
          <ns3:TrackPointExtension>
            <ns3:hr>146</ns3:hr>
          </ns3:TrackPointExtension>
        </extensions>
      </trkpt>
      <trkpt lat="36.6865717805922031402587890625" lon="117.255361787974834442138671875">
        <ele>91.8000030517578125</ele>
        <time>2026-07-18T02:44:32.000Z</time>
        <extensions>
          <ns3:TrackPointExtension>
            <ns3:hr>148</ns3:hr>
          </ns3:TrackPointExtension>
        </extensions>
      </trkpt>
      <trkpt lat="36.6865717805922031402587890625" lon="117.25529666058719158172607421875">
        <ele>92</ele>
        <time>2026-07-18T02:44:33.000Z</time>
        <extensions>
          <ns3:TrackPointExtension>
            <ns3:hr>149</ns3:hr>
          </ns3:TrackPointExtension>
        </extensions>
      </trkpt>
      <trkpt lat="36.686563231050968170166015625" lon="117.2551044635474681854248046875">
        <ele>92.40000152587890625</ele>
        <time>2026-07-18T02:44:36.000Z</time>
        <extensions>
          <ns3:TrackPointExtension>
            <ns3:hr>150</ns3:hr>
          </ns3:TrackPointExtension>
        </extensions>
      </trkpt>
      <trkpt lat="36.686558537185192108154296875" lon="117.25504637695848941802978515625">
        <ele>92.40000152587890625</ele>
        <time>2026-07-18T02:44:37.000Z</time>
        <extensions>
          <ns3:TrackPointExtension>
            <ns3:hr>151</ns3:hr>
          </ns3:TrackPointExtension>
        </extensions>
      </trkpt>
      <trkpt lat="36.68655577115714550018310546875" lon="117.25480883382260799407958984375">
        <ele>93.1999969482421875</ele>
        <time>2026-07-18T02:44:42.000Z</time>
        <extensions>
          <ns3:TrackPointExtension>
            <ns3:hr>152</ns3:hr>
          </ns3:TrackPointExtension>
        </extensions>
      </trkpt>
      <trkpt lat="36.6865533404052257537841796875" lon="117.25476759485900402069091796875">
        <ele>93.40000152587890625</ele>
        <time>2026-07-18T02:44:43.000Z</time>
        <extensions>
          <ns3:TrackPointExtension>
            <ns3:hr>152</ns3:hr>
          </ns3:TrackPointExtension>
        </extensions>
      </trkpt>
      <trkpt lat="36.686569266021251678466796875" lon="117.25452284328639507293701171875">
        <ele>94</ele>
        <time>2026-07-18T02:44:49.000Z</time>
        <extensions>
          <ns3:TrackPointExtension>
            <ns3:hr>152</ns3:hr>
          </ns3:TrackPointExtension>
        </extensions>
      </trkpt>
      <trkpt lat="36.68656985275447368621826171875" lon="117.25439711473882198333740234375">
        <ele>94.40000152587890625</ele>
        <time>2026-07-18T02:44:52.000Z</time>
        <extensions>
          <ns3:TrackPointExtension>
            <ns3:hr>152</ns3:hr>
          </ns3:TrackPointExtension>
        </extensions>
      </trkpt>
      <trkpt lat="36.686568595468997955322265625" lon="117.25428546778857707977294921875">
        <ele>94.8000030517578125</ele>
        <time>2026-07-18T02:44:55.000Z</time>
        <extensions>
          <ns3:TrackPointExtension>
            <ns3:hr>151</ns3:hr>
          </ns3:TrackPointExtension>
        </extensions>
      </trkpt>
      <trkpt lat="36.68657555244863033294677734375" lon="117.25409813225269317626953125">
        <ele>95.1999969482421875</ele>
        <time>2026-07-18T02:45:00.000Z</time>
        <extensions>
          <ns3:TrackPointExtension>
            <ns3:hr>148</ns3:hr>
          </ns3:TrackPointExtension>
        </extensions>
      </trkpt>
      <trkpt lat="36.6865801624953746795654296875" lon="117.254055552184581756591796875">
        <ele>95.40000152587890625</ele>
        <time>2026-07-18T02:45:01.000Z</time>
        <extensions>
          <ns3:TrackPointExtension>
            <ns3:hr>148</ns3:hr>
          </ns3:TrackPointExtension>
        </extensions>
      </trkpt>
      <trkpt lat="36.68658695183694362640380859375" lon="117.254014313220977783203125">
        <ele>95.40000152587890625</ele>
        <time>2026-07-18T02:45:02.000Z</time>
        <extensions>
          <ns3:TrackPointExtension>
            <ns3:hr>148</ns3:hr>
          </ns3:TrackPointExtension>
        </extensions>
      </trkpt>
      <trkpt lat="36.6865945793688297271728515625" lon="117.25380350835621356964111328125">
        <ele>96</ele>
        <time>2026-07-18T02:45:07.000Z</time>
        <extensions>
          <ns3:TrackPointExtension>
            <ns3:hr>149</ns3:hr>
          </ns3:TrackPointExtension>
        </extensions>
      </trkpt>
      <trkpt lat="36.6866059787571430206298828125" lon="117.25363804958760738372802734375">
        <ele>96.59999847412109375</ele>
        <time>2026-07-18T02:45:11.000Z</time>
        <extensions>
          <ns3:TrackPointExtension>
            <ns3:hr>148</ns3:hr>
          </ns3:TrackPointExtension>
        </extensions>
      </trkpt>
      <trkpt lat="36.68660019524395465850830078125" lon="117.2535541467368602752685546875">
        <ele>96.8000030517578125</ele>
        <time>2026-07-18T02:45:13.000Z</time>
        <extensions>
          <ns3:TrackPointExtension>
            <ns3:hr>148</ns3:hr>
          </ns3:TrackPointExtension>
        </extensions>
      </trkpt>
      <trkpt lat="36.68660488910973072052001953125" lon="117.25336865521967411041259765625">
        <ele>97.40000152587890625</ele>
        <time>2026-07-18T02:45:18.000Z</time>
        <extensions>
          <ns3:TrackPointExtension>
            <ns3:hr>148</ns3:hr>
          </ns3:TrackPointExtension>
        </extensions>
      </trkpt>
      <trkpt lat="36.68659315444529056549072265625" lon="117.2532460279762744903564453125">
        <ele>97.59999847412109375</ele>
        <time>2026-07-18T02:45:21.000Z</time>
        <extensions>
          <ns3:TrackPointExtension>
            <ns3:hr>148</ns3:hr>
          </ns3:TrackPointExtension>
        </extensions>
      </trkpt>
      <trkpt lat="36.686604134738445281982421875" lon="117.25312306545674800872802734375">
        <ele>97.8000030517578125</ele>
        <time>2026-07-18T02:45:24.000Z</time>
        <extensions>
          <ns3:TrackPointExtension>
            <ns3:hr>148</ns3:hr>
          </ns3:TrackPointExtension>
        </extensions>
      </trkpt>
      <trkpt lat="36.68660539202392101287841796875" lon="117.25287982262670993804931640625">
        <ele>98.40000152587890625</ele>
        <time>2026-07-18T02:45:30.000Z</time>
        <extensions>
          <ns3:TrackPointExtension>
            <ns3:hr>150</ns3:hr>
          </ns3:TrackPointExtension>
        </extensions>
      </trkpt>
      <trkpt lat="36.68662282638251781463623046875" lon="117.2528460435569286346435546875">
        <ele>98.59999847412109375</ele>
        <time>2026-07-18T02:45:31.000Z</time>
        <extensions>
          <ns3:TrackPointExtension>
            <ns3:hr>150</ns3:hr>
          </ns3:TrackPointExtension>
        </extensions>
      </trkpt>
      <trkpt lat="36.68669625185430049896240234375" lon="117.2527846880257129669189453125">
        <ele>98.59999847412109375</ele>
        <time>2026-07-18T02:45:34.000Z</time>
        <extensions>
          <ns3:TrackPointExtension>
            <ns3:hr>150</ns3:hr>
          </ns3:TrackPointExtension>
        </extensions>
      </trkpt>
      <trkpt lat="36.6868980042636394500732421875" lon="117.25270179100334644317626953125">
        <ele>99</ele>
        <time>2026-07-18T02:45:39.000Z</time>
        <extensions>
          <ns3:TrackPointExtension>
            <ns3:hr>150</ns3:hr>
          </ns3:TrackPointExtension>
        </extensions>
      </trkpt>
      <trkpt lat="36.6871481202542781829833984375" lon="117.2525808401405811309814453125">
        <ele>98</ele>
        <time>2026-07-18T02:45:44.000Z</time>
        <extensions>
          <ns3:TrackPointExtension>
            <ns3:hr>150</ns3:hr>
          </ns3:TrackPointExtension>
        </extensions>
      </trkpt>
      <trkpt lat="36.68730108998715877532958984375" lon="117.25249626673758029937744140625">
        <ele>98.40000152587890625</ele>
        <time>2026-07-18T02:45:47.000Z</time>
        <extensions>
          <ns3:TrackPointExtension>
            <ns3:hr>150</ns3:hr>
          </ns3:TrackPointExtension>
        </extensions>
      </trkpt>
      <trkpt lat="36.687462441623210906982421875" lon="117.25240993313491344451904296875">
        <ele>98.40000152587890625</ele>
        <time>2026-07-18T02:45:50.000Z</time>
        <extensions>
          <ns3:TrackPointExtension>
            <ns3:hr>150</ns3:hr>
          </ns3:TrackPointExtension>
        </extensions>
      </trkpt>
      <trkpt lat="36.68793610297143459320068359375" lon="117.25214791484177112579345703125">
        <ele>97.8000030517578125</ele>
        <time>2026-07-18T02:45:58.000Z</time>
        <extensions>
          <ns3:TrackPointExtension>
            <ns3:hr>151</ns3:hr>
          </ns3:TrackPointExtension>
        </extensions>
      </trkpt>
      <trkpt lat="36.6880580596625804901123046875" lon="117.2520785965025424957275390625">
        <ele>97.40000152587890625</ele>
        <time>2026-07-18T02:46:00.000Z</time>
        <extensions>
          <ns3:TrackPointExtension>
            <ns3:hr>152</ns3:hr>
          </ns3:TrackPointExtension>
        </extensions>
      </trkpt>
      <trkpt lat="36.68847371824085712432861328125" lon="117.25184348411858081817626953125">
        <ele>96.1999969482421875</ele>
        <time>2026-07-18T02:46:07.000Z</time>
        <extensions>
          <ns3:TrackPointExtension>
            <ns3:hr>152</ns3:hr>
          </ns3:TrackPointExtension>
        </extensions>
      </trkpt>
      <trkpt lat="36.6885304637253284454345703125" lon="117.251809202134609222412109375">
        <ele>96</ele>
        <time>2026-07-18T02:46:08.000Z</time>
        <extensions>
          <ns3:TrackPointExtension>
            <ns3:hr>151</ns3:hr>
          </ns3:TrackPointExtension>
        </extensions>
      </trkpt>
      <trkpt lat="36.68883229605853557586669921875" lon="117.25167903117835521697998046875">
        <ele>95.59999847412109375</ele>
        <time>2026-07-18T02:46:13.000Z</time>
        <extensions>
          <ns3:TrackPointExtension>
            <ns3:hr>148</ns3:hr>
          </ns3:TrackPointExtension>
        </extensions>
      </trkpt>
      <trkpt lat="36.6888945735991001129150390625" lon="117.25166260264813899993896484375">
        <ele>95.40000152587890625</ele>
        <time>2026-07-18T02:46:14.000Z</time>
        <extensions>
          <ns3:TrackPointExtension>
            <ns3:hr>148</ns3:hr>
          </ns3:TrackPointExtension>
        </extensions>
      </trkpt>
      <trkpt lat="36.68902189470827579498291015625" lon="117.251644916832447052001953125">
        <ele>95.1999969482421875</ele>
        <time>2026-07-18T02:46:16.000Z</time>
        <extensions>
          <ns3:TrackPointExtension>
            <ns3:hr>146</ns3:hr>
          </ns3:TrackPointExtension>
        </extensions>
      </trkpt>
      <trkpt lat="36.6890850104391574859619140625" lon="117.25163997150957584381103515625">
        <ele>95.1999969482421875</ele>
        <time>2026-07-18T02:46:17.000Z</time>
        <extensions>
          <ns3:TrackPointExtension>
            <ns3:hr>145</ns3:hr>
          </ns3:TrackPointExtension>
        </extensions>
      </trkpt>
      <trkpt lat="36.6892104037106037139892578125" lon="117.25162739865481853485107421875">
        <ele>95</ele>
        <time>2026-07-18T02:46:19.000Z</time>
        <extensions>
          <ns3:TrackPointExtension>
            <ns3:hr>144</ns3:hr>
          </ns3:TrackPointExtension>
        </extensions>
      </trkpt>
      <trkpt lat="36.68958616442978382110595703125" lon="117.251634858548641204833984375">
        <ele>94</ele>
        <time>2026-07-18T02:46:25.000Z</time>
        <extensions>
          <ns3:TrackPointExtension>
            <ns3:hr>143</ns3:hr>
          </ns3:TrackPointExtension>
        </extensions>
      </trkpt>
      <trkpt lat="36.6897761821746826171875" lon="117.251643240451812744140625">
        <ele>93.40000152587890625</ele>
        <time>2026-07-18T02:46:29.000Z</time>
        <extensions>
          <ns3:TrackPointExtension>
            <ns3:hr>142</ns3:hr>
          </ns3:TrackPointExtension>
        </extensions>
      </trkpt>
      <trkpt lat="36.68978716246783733367919921875" lon="117.25165438838303089141845703125">
        <ele>93</ele>
        <time>2026-07-18T02:46:32.000Z</time>
        <extensions>
          <ns3:TrackPointExtension>
            <ns3:hr>141</ns3:hr>
          </ns3:TrackPointExtension>
        </extensions>
      </trkpt>
      <trkpt lat="36.68978816829621791839599609375" lon="117.25165405310690402984619140625">
        <ele>93</ele>
        <time>2026-07-18T02:46:33.000Z</time>
        <extensions>
          <ns3:TrackPointExtension>
            <ns3:hr>141</ns3:hr>
          </ns3:TrackPointExtension>
        </extensions>
      </trkpt>
      <trkpt lat="36.6898014955222606658935546875" lon="117.25165195763111114501953125">
        <ele>93</ele>
        <time>2026-07-18T02:46:34.000Z</time>
        <extensions>
          <ns3:TrackPointExtension>
            <ns3:hr>141</ns3:hr>
          </ns3:TrackPointExtension>
        </extensions>
      </trkpt>
      <trkpt lat="36.68984600342810153961181640625" lon="117.25164433009922504425048828125">
        <ele>93.1999969482421875</ele>
        <time>2026-07-18T02:46:36.000Z</time>
        <extensions>
          <ns3:TrackPointExtension>
            <ns3:hr>140</ns3:hr>
          </ns3:TrackPointExtension>
        </extensions>
      </trkpt>
      <trkpt lat="36.68999922461807727813720703125" lon="117.2516360320150852203369140625">
        <ele>92.8000030517578125</ele>
        <time>2026-07-18T02:46:41.000Z</time>
        <extensions>
          <ns3:TrackPointExtension>
            <ns3:hr>140</ns3:hr>
          </ns3:TrackPointExtension>
        </extensions>
      </trkpt>
      <trkpt lat="36.6900591552257537841796875" lon="117.2516028396785259246826171875">
        <ele>92.8000030517578125</ele>
        <time>2026-07-18T02:46:43.000Z</time>
        <extensions>
          <ns3:TrackPointExtension>
            <ns3:hr>139</ns3:hr>
          </ns3:TrackPointExtension>
        </extensions>
      </trkpt>
      <trkpt lat="36.69011657126247882843017578125" lon="117.25157174281775951385498046875">
        <ele>92.59999847412109375</ele>
        <time>2026-07-18T02:46:45.000Z</time>
        <extensions>
          <ns3:TrackPointExtension>
            <ns3:hr>138</ns3:hr>
          </ns3:TrackPointExtension>
        </extensions>
      </trkpt>
      <trkpt lat="36.6902507655322551727294921875" lon="117.25159755907952785491943359375">
        <ele>92.8000030517578125</ele>
        <time>2026-07-18T02:46:49.000Z</time>
        <extensions>
          <ns3:TrackPointExtension>
            <ns3:hr>136</ns3:hr>
          </ns3:TrackPointExtension>
        </extensions>
      </trkpt>
      <trkpt lat="36.6903837025165557861328125" lon="117.2516333498060703277587890625">
        <ele>92.1999969482421875</ele>
        <time>2026-07-18T02:46:52.000Z</time>
        <extensions>
          <ns3:TrackPointExtension>
            <ns3:hr>134</ns3:hr>
          </ns3:TrackPointExtension>
        </extensions>
      </trkpt>
      <trkpt lat="36.6904301382601261138916015625" lon="117.2516407258808612823486328125">
        <ele>91.59999847412109375</ele>
        <time>2026-07-18T02:46:53.000Z</time>
        <extensions>
          <ns3:TrackPointExtension>
            <ns3:hr>134</ns3:hr>
          </ns3:TrackPointExtension>
        </extensions>
      </trkpt>
      <trkpt lat="36.69048068113625049591064453125" lon="117.2516353614628314971923828125">
        <ele>91</ele>
        <time>2026-07-18T02:46:54.000Z</time>
        <extensions>
          <ns3:TrackPointExtension>
            <ns3:hr>134</ns3:hr>
          </ns3:TrackPointExtension>
        </extensions>
      </trkpt>
      <trkpt lat="36.6906953416764736175537109375" lon="117.25159403868019580841064453125">
        <ele>91</ele>
        <time>2026-07-18T02:46:58.000Z</time>
        <extensions>
          <ns3:TrackPointExtension>
            <ns3:hr>132</ns3:hr>
          </ns3:TrackPointExtension>
        </extensions>
      </trkpt>
      <trkpt lat="36.69107663445174694061279296875" lon="117.25157626904547214508056640625">
        <ele>91.59999847412109375</ele>
        <time>2026-07-18T02:47:04.000Z</time>
        <extensions>
          <ns3:TrackPointExtension>
            <ns3:hr>132</ns3:hr>
          </ns3:TrackPointExtension>
        </extensions>
      </trkpt>
      <trkpt lat="36.69150662608444690704345703125" lon="117.25156612694263458251953125">
        <ele>91.1999969482421875</ele>
        <time>2026-07-18T02:47:10.000Z</time>
        <extensions>
          <ns3:TrackPointExtension>
            <ns3:hr>134</ns3:hr>
          </ns3:TrackPointExtension>
        </extensions>
      </trkpt>
      <trkpt lat="36.69189588166773319244384765625" lon="117.25154936313629150390625">
        <ele>90.59999847412109375</ele>
        <time>2026-07-18T02:47:15.000Z</time>
        <extensions>
          <ns3:TrackPointExtension>
            <ns3:hr>137</ns3:hr>
          </ns3:TrackPointExtension>
        </extensions>
      </trkpt>
      <trkpt lat="36.69197517447173595428466796875" lon="117.25155514664947986602783203125">
        <ele>90.59999847412109375</ele>
        <time>2026-07-18T02:47:16.000Z</time>
        <extensions>
          <ns3:TrackPointExtension>
            <ns3:hr>138</ns3:hr>
          </ns3:TrackPointExtension>
        </extensions>
      </trkpt>
      <trkpt lat="36.69224674813449382781982421875" lon="117.25154710002243518829345703125">
        <ele>89.40000152587890625</ele>
        <time>2026-07-18T02:47:20.000Z</time>
        <extensions>
          <ns3:TrackPointExtension>
            <ns3:hr>139</ns3:hr>
          </ns3:TrackPointExtension>
        </extensions>
      </trkpt>
      <trkpt lat="36.6923148930072784423828125" lon="117.2515426576137542724609375">
        <ele>89.1999969482421875</ele>
        <time>2026-07-18T02:47:21.000Z</time>
        <extensions>
          <ns3:TrackPointExtension>
            <ns3:hr>140</ns3:hr>
          </ns3:TrackPointExtension>
        </extensions>
      </trkpt>
      <trkpt lat="36.69268160127103328704833984375" lon="117.2515243850648403167724609375">
        <ele>88.1999969482421875</ele>
        <time>2026-07-18T02:47:27.000Z</time>
        <extensions>
          <ns3:TrackPointExtension>
            <ns3:hr>139</ns3:hr>
          </ns3:TrackPointExtension>
        </extensions>
      </trkpt>
      <trkpt lat="36.69297806918621063232421875" lon="117.2515230439603328704833984375">
        <ele>87</ele>
        <time>2026-07-18T02:47:32.000Z</time>
        <extensions>
          <ns3:TrackPointExtension>
            <ns3:hr>138</ns3:hr>
          </ns3:TrackPointExtension>
        </extensions>
      </trkpt>
      <trkpt lat="36.69309206306934356689453125" lon="117.2515300847589969635009765625">
        <ele>86.8000030517578125</ele>
        <time>2026-07-18T02:47:34.000Z</time>
        <extensions>
          <ns3:TrackPointExtension>
            <ns3:hr>136</ns3:hr>
          </ns3:TrackPointExtension>
        </extensions>
      </trkpt>
      <trkpt lat="36.69314696453511714935302734375" lon="117.2515220381319522857666015625">
        <ele>86.59999847412109375</ele>
        <time>2026-07-18T02:47:35.000Z</time>
        <extensions>
          <ns3:TrackPointExtension>
            <ns3:hr>136</ns3:hr>
          </ns3:TrackPointExtension>
        </extensions>
      </trkpt>
      <trkpt lat="36.69331711716949939727783203125" lon="117.25149731151759624481201171875">
        <ele>86.40000152587890625</ele>
        <time>2026-07-18T02:47:38.000Z</time>
        <extensions>
          <ns3:TrackPointExtension>
            <ns3:hr>135</ns3:hr>
          </ns3:TrackPointExtension>
        </extensions>
      </trkpt>
      <trkpt lat="36.69343496672809123992919921875" lon="117.2515059448778629302978515625">
        <ele>86.59999847412109375</ele>
        <time>2026-07-18T02:47:40.000Z</time>
        <extensions>
          <ns3:TrackPointExtension>
            <ns3:hr>134</ns3:hr>
          </ns3:TrackPointExtension>
        </extensions>
      </trkpt>
      <trkpt lat="36.6936062090098857879638671875" lon="117.25150099955499172210693359375">
        <ele>86.40000152587890625</ele>
        <time>2026-07-18T02:47:43.000Z</time>
        <extensions>
          <ns3:TrackPointExtension>
            <ns3:hr>134</ns3:hr>
          </ns3:TrackPointExtension>
        </extensions>
      </trkpt>
      <trkpt lat="36.6937745176255702972412109375" lon="117.251494713127613067626953125">
        <ele>86</ele>
        <time>2026-07-18T02:47:46.000Z</time>
        <extensions>
          <ns3:TrackPointExtension>
            <ns3:hr>133</ns3:hr>
          </ns3:TrackPointExtension>
        </extensions>
      </trkpt>
      <trkpt lat="36.6939389705657958984375" lon="117.25148306228220462799072265625">
        <ele>85</ele>
        <time>2026-07-18T02:47:49.000Z</time>
        <extensions>
          <ns3:TrackPointExtension>
            <ns3:hr>133</ns3:hr>
          </ns3:TrackPointExtension>
        </extensions>
      </trkpt>
      <trkpt lat="36.69399462640285491943359375" lon="117.25147987715899944305419921875">
        <ele>84.59999847412109375</ele>
        <time>2026-07-18T02:47:50.000Z</time>
        <extensions>
          <ns3:TrackPointExtension>
            <ns3:hr>134</ns3:hr>
          </ns3:TrackPointExtension>
        </extensions>
      </trkpt>
      <trkpt lat="36.69431590475142002105712890625" lon="117.251482643187046051025390625">
        <ele>84</ele>
        <time>2026-07-18T02:47:56.000Z</time>
        <extensions>
          <ns3:TrackPointExtension>
            <ns3:hr>132</ns3:hr>
          </ns3:TrackPointExtension>
        </extensions>
      </trkpt>
      <trkpt lat="36.6945030726492404937744140625" lon="117.251488007605075836181640625">
        <ele>84.59999847412109375</ele>
        <time>2026-07-18T02:48:00.000Z</time>
        <extensions>
          <ns3:TrackPointExtension>
            <ns3:hr>130</ns3:hr>
          </ns3:TrackPointExtension>
        </extensions>
      </trkpt>
      <trkpt lat="36.69460575096309185028076171875" lon="117.25146445445716381072998046875">
        <ele>84.59999847412109375</ele>
        <time>2026-07-18T02:48:02.000Z</time>
        <extensions>
          <ns3:TrackPointExtension>
            <ns3:hr>130</ns3:hr>
          </ns3:TrackPointExtension>
        </extensions>
      </trkpt>
      <trkpt lat="36.694717146456241607666015625" lon="117.25145221687853336334228515625">
        <ele>84.40000152587890625</ele>
        <time>2026-07-18T02:48:04.000Z</time>
        <extensions>
          <ns3:TrackPointExtension>
            <ns3:hr>130</ns3:hr>
          </ns3:TrackPointExtension>
        </extensions>
      </trkpt>
      <trkpt lat="36.69495007954537868499755859375" lon="117.251433692872524261474609375">
        <ele>83.40000152587890625</ele>
        <time>2026-07-18T02:48:08.000Z</time>
        <extensions>
          <ns3:TrackPointExtension>
            <ns3:hr>130</ns3:hr>
          </ns3:TrackPointExtension>
        </extensions>
      </trkpt>
      <trkpt lat="36.69529289938509464263916015625" lon="117.25142086856067180633544921875">
        <ele>82.1999969482421875</ele>
        <time>2026-07-18T02:48:14.000Z</time>
        <extensions>
          <ns3:TrackPointExtension>
            <ns3:hr>130</ns3:hr>
          </ns3:TrackPointExtension>
        </extensions>
      </trkpt>
      <trkpt lat="36.69534805230796337127685546875" lon="117.2514211200177669525146484375">
        <ele>82</ele>
        <time>2026-07-18T02:48:15.000Z</time>
        <extensions>
          <ns3:TrackPointExtension>
            <ns3:hr>130</ns3:hr>
          </ns3:TrackPointExtension>
        </extensions>
      </trkpt>
      <trkpt lat="36.6955679096281528472900390625" lon="117.25142757408320903778076171875">
        <ele>81.59999847412109375</ele>
        <time>2026-07-18T02:48:19.000Z</time>
        <extensions>
          <ns3:TrackPointExtension>
            <ns3:hr>130</ns3:hr>
          </ns3:TrackPointExtension>
        </extensions>
      </trkpt>
      <trkpt lat="36.6956770420074462890625" lon="117.25141298957169055938720703125">
        <ele>81.40000152587890625</ele>
        <time>2026-07-18T02:48:21.000Z</time>
        <extensions>
          <ns3:TrackPointExtension>
            <ns3:hr>129</ns3:hr>
          </ns3:TrackPointExtension>
        </extensions>
      </trkpt>
      <trkpt lat="36.69576915912330150604248046875" lon="117.25137661211192607879638671875">
        <ele>81.1999969482421875</ele>
        <time>2026-07-18T02:48:23.000Z</time>
        <extensions>
          <ns3:TrackPointExtension>
            <ns3:hr>130</ns3:hr>
          </ns3:TrackPointExtension>
        </extensions>
      </trkpt>
      <trkpt lat="36.69591131620109081268310546875" lon="117.2513513825833797454833984375">
        <ele>80.8000030517578125</ele>
        <time>2026-07-18T02:48:26.000Z</time>
        <extensions>
          <ns3:TrackPointExtension>
            <ns3:hr>129</ns3:hr>
          </ns3:TrackPointExtension>
        </extensions>
      </trkpt>
      <trkpt lat="36.69607627205550670623779296875" lon="117.2513790428638458251953125">
        <ele>80.8000030517578125</ele>
        <time>2026-07-18T02:48:29.000Z</time>
        <extensions>
          <ns3:TrackPointExtension>
            <ns3:hr>129</ns3:hr>
          </ns3:TrackPointExtension>
        </extensions>
      </trkpt>
      <trkpt lat="36.6961316764354705810546875" lon="117.25137493573129177093505859375">
        <ele>80.59999847412109375</ele>
        <time>2026-07-18T02:48:30.000Z</time>
        <extensions>
          <ns3:TrackPointExtension>
            <ns3:hr>129</ns3:hr>
          </ns3:TrackPointExtension>
        </extensions>
      </trkpt>
      <trkpt lat="36.6962468437850475311279296875" lon="117.25137510336935520172119140625">
        <ele>80</ele>
        <time>2026-07-18T02:48:32.000Z</time>
        <extensions>
          <ns3:TrackPointExtension>
            <ns3:hr>128</ns3:hr>
          </ns3:TrackPointExtension>
        </extensions>
      </trkpt>
      <trkpt lat="36.696517579257488250732421875" lon="117.251363955438137054443359375">
        <ele>79.59999847412109375</ele>
        <time>2026-07-18T02:48:37.000Z</time>
        <extensions>
          <ns3:TrackPointExtension>
            <ns3:hr>127</ns3:hr>
          </ns3:TrackPointExtension>
        </extensions>
      </trkpt>
      <trkpt lat="36.6968741454184055328369140625" lon="117.25136823020875453948974609375">
        <ele>79.40000152587890625</ele>
        <time>2026-07-18T02:48:44.000Z</time>
        <extensions>
          <ns3:TrackPointExtension>
            <ns3:hr>126</ns3:hr>
          </ns3:TrackPointExtension>
        </extensions>
      </trkpt>
      <trkpt lat="36.697022505104541778564453125" lon="117.25136856548488140106201171875">
        <ele>79.40000152587890625</ele>
        <time>2026-07-18T02:48:47.000Z</time>
        <extensions>
          <ns3:TrackPointExtension>
            <ns3:hr>126</ns3:hr>
          </ns3:TrackPointExtension>
        </extensions>
      </trkpt>
      <trkpt lat="36.6971115209162235260009765625" lon="117.25136035121977329254150390625">
        <ele>79</ele>
        <time>2026-07-18T02:48:49.000Z</time>
        <extensions>
          <ns3:TrackPointExtension>
            <ns3:hr>126</ns3:hr>
          </ns3:TrackPointExtension>
        </extensions>
      </trkpt>
      <trkpt lat="36.69720162637531757354736328125" lon="117.2513651289045810699462890625">
        <ele>78.8000030517578125</ele>
        <time>2026-07-18T02:48:51.000Z</time>
        <extensions>
          <ns3:TrackPointExtension>
            <ns3:hr>126</ns3:hr>
          </ns3:TrackPointExtension>
        </extensions>
      </trkpt>
      <trkpt lat="36.69724487699568271636962890625" lon="117.2513611055910587310791015625">
        <ele>78.59999847412109375</ele>
        <time>2026-07-18T02:48:52.000Z</time>
        <extensions>
          <ns3:TrackPointExtension>
            <ns3:hr>126</ns3:hr>
          </ns3:TrackPointExtension>
        </extensions>
      </trkpt>
      <trkpt lat="36.6974464617669582366943359375" lon="117.25134476087987422943115234375">
        <ele>78.40000152587890625</ele>
        <time>2026-07-18T02:48:57.000Z</time>
        <extensions>
          <ns3:TrackPointExtension>
            <ns3:hr>124</ns3:hr>
          </ns3:TrackPointExtension>
        </extensions>
      </trkpt>
      <trkpt lat="36.69773739762604236602783203125" lon="117.25127720274031162261962890625">
        <ele>78.8000030517578125</ele>
        <time>2026-07-18T02:49:04.000Z</time>
        <extensions>
          <ns3:TrackPointExtension>
            <ns3:hr>123</ns3:hr>
          </ns3:TrackPointExtension>
        </extensions>
      </trkpt>
      <trkpt lat="36.6980596818029880523681640625" lon="117.251208722591400146484375">
        <ele>79.1999969482421875</ele>
        <time>2026-07-18T02:49:11.000Z</time>
        <extensions>
          <ns3:TrackPointExtension>
            <ns3:hr>124</ns3:hr>
          </ns3:TrackPointExtension>
        </extensions>
      </trkpt>
      <trkpt lat="36.69814643450081348419189453125" lon="117.25116857327520847320556640625">
        <ele>79.1999969482421875</ele>
        <time>2026-07-18T02:49:13.000Z</time>
        <extensions>
          <ns3:TrackPointExtension>
            <ns3:hr>124</ns3:hr>
          </ns3:TrackPointExtension>
        </extensions>
      </trkpt>
      <trkpt lat="36.698309965431690216064453125" lon="117.25105784833431243896484375">
        <ele>78.8000030517578125</ele>
        <time>2026-07-18T02:49:17.000Z</time>
        <extensions>
          <ns3:TrackPointExtension>
            <ns3:hr>126</ns3:hr>
          </ns3:TrackPointExtension>
        </extensions>
      </trkpt>
      <trkpt lat="36.698478274047374725341796875" lon="117.25093773566186428070068359375">
        <ele>78.59999847412109375</ele>
        <time>2026-07-18T02:49:21.000Z</time>
        <extensions>
          <ns3:TrackPointExtension>
            <ns3:hr>127</ns3:hr>
          </ns3:TrackPointExtension>
        </extensions>
      </trkpt>
      <trkpt lat="36.6986216045916080474853515625" lon="117.25082181394100189208984375">
        <ele>79</ele>
        <time>2026-07-18T02:49:24.000Z</time>
        <extensions>
          <ns3:TrackPointExtension>
            <ns3:hr>128</ns3:hr>
          </ns3:TrackPointExtension>
        </extensions>
      </trkpt>
      <trkpt lat="36.69875085353851318359375" lon="117.250704802572727203369140625">
        <ele>79.40000152587890625</ele>
        <time>2026-07-18T02:49:27.000Z</time>
        <extensions>
          <ns3:TrackPointExtension>
            <ns3:hr>128</ns3:hr>
          </ns3:TrackPointExtension>
        </extensions>
      </trkpt>
      <trkpt lat="36.69882905669510364532470703125" lon="117.25062668323516845703125">
        <ele>79.40000152587890625</ele>
        <time>2026-07-18T02:49:29.000Z</time>
        <extensions>
          <ns3:TrackPointExtension>
            <ns3:hr>129</ns3:hr>
          </ns3:TrackPointExtension>
        </extensions>
      </trkpt>
      <trkpt lat="36.6990836150944232940673828125" lon="117.25041587837040424346923828125">
        <ele>79.1999969482421875</ele>
        <time>2026-07-18T02:49:35.000Z</time>
        <extensions>
          <ns3:TrackPointExtension>
            <ns3:hr>131</ns3:hr>
          </ns3:TrackPointExtension>
        </extensions>
      </trkpt>
      <trkpt lat="36.6993444599211215972900390625" lon="117.25018688477575778961181640625">
        <ele>79.59999847412109375</ele>
        <time>2026-07-18T02:49:41.000Z</time>
        <extensions>
          <ns3:TrackPointExtension>
            <ns3:hr>133</ns3:hr>
          </ns3:TrackPointExtension>
        </extensions>
      </trkpt>
      <trkpt lat="36.6995955817401409149169921875" lon="117.24994833581149578094482421875">
        <ele>79.59999847412109375</ele>
        <time>2026-07-18T02:49:47.000Z</time>
        <extensions>
          <ns3:TrackPointExtension>
            <ns3:hr>132</ns3:hr>
          </ns3:TrackPointExtension>
        </extensions>
      </trkpt>
      <trkpt lat="36.699725501239299774169921875" lon="117.2498305700719356536865234375">
        <ele>80</ele>
        <time>2026-07-18T02:49:50.000Z</time>
        <extensions>
          <ns3:TrackPointExtension>
            <ns3:hr>133</ns3:hr>
          </ns3:TrackPointExtension>
        </extensions>
      </trkpt>
      <trkpt lat="36.69988802634179592132568359375" lon="117.24967642687261104583740234375">
        <ele>79.8000030517578125</ele>
        <time>2026-07-18T02:49:54.000Z</time>
        <extensions>
          <ns3:TrackPointExtension>
            <ns3:hr>133</ns3:hr>
          </ns3:TrackPointExtension>
        </extensions>
      </trkpt>
      <trkpt lat="36.7001913674175739288330078125" lon="117.2494208626449108123779296875">
        <ele>79.8000030517578125</ele>
        <time>2026-07-18T02:50:01.000Z</time>
        <extensions>
          <ns3:TrackPointExtension>
            <ns3:hr>135</ns3:hr>
          </ns3:TrackPointExtension>
        </extensions>
      </trkpt>
      <trkpt lat="36.70023688115179538726806640625" lon="117.24938842467963695526123046875">
        <ele>80</ele>
        <time>2026-07-18T02:50:02.000Z</time>
        <extensions>
          <ns3:TrackPointExtension>
            <ns3:hr>135</ns3:hr>
          </ns3:TrackPointExtension>
        </extensions>
      </trkpt>
      <trkpt lat="36.700322628021240234375" lon="117.24931097589433193206787109375">
        <ele>80.1999969482421875</ele>
        <time>2026-07-18T02:50:04.000Z</time>
        <extensions>
          <ns3:TrackPointExtension>
            <ns3:hr>136</ns3:hr>
          </ns3:TrackPointExtension>
        </extensions>
      </trkpt>
      <trkpt lat="36.7004562355577945709228515625" lon="117.24920502863824367523193359375">
        <ele>80.40000152587890625</ele>
        <time>2026-07-18T02:50:07.000Z</time>
        <extensions>
          <ns3:TrackPointExtension>
            <ns3:hr>136</ns3:hr>
          </ns3:TrackPointExtension>
        </extensions>
      </trkpt>
      <trkpt lat="36.7008226923644542694091796875" lon="117.2489772923290729522705078125">
        <ele>79.8000030517578125</ele>
        <time>2026-07-18T02:50:14.000Z</time>
        <extensions>
          <ns3:TrackPointExtension>
            <ns3:hr>136</ns3:hr>
          </ns3:TrackPointExtension>
        </extensions>
      </trkpt>
      <trkpt lat="36.70115654356777667999267578125" lon="117.24887981079518795013427734375">
        <ele>79.1999969482421875</ele>
        <time>2026-07-18T02:50:19.000Z</time>
        <extensions>
          <ns3:TrackPointExtension>
            <ns3:hr>138</ns3:hr>
          </ns3:TrackPointExtension>
        </extensions>
      </trkpt>
      <trkpt lat="36.7012278735637664794921875" lon="117.24886673502624034881591796875">
        <ele>79</ele>
        <time>2026-07-18T02:50:20.000Z</time>
        <extensions>
          <ns3:TrackPointExtension>
            <ns3:hr>138</ns3:hr>
          </ns3:TrackPointExtension>
        </extensions>
      </trkpt>
      <trkpt lat="36.701526604592800140380859375" lon="117.248859107494354248046875">
        <ele>78.40000152587890625</ele>
        <time>2026-07-18T02:50:24.000Z</time>
        <extensions>
          <ns3:TrackPointExtension>
            <ns3:hr>140</ns3:hr>
          </ns3:TrackPointExtension>
        </extensions>
      </trkpt>
      <trkpt lat="36.70173724181950092315673828125" lon="117.24886254407465457916259765625">
        <ele>78</ele>
        <time>2026-07-18T02:50:27.000Z</time>
        <extensions>
          <ns3:TrackPointExtension>
            <ns3:hr>142</ns3:hr>
          </ns3:TrackPointExtension>
        </extensions>
      </trkpt>
      <trkpt lat="36.70184520073235034942626953125" lon="117.2488738596439361572265625">
        <ele>77.40000152587890625</ele>
        <time>2026-07-18T02:50:29.000Z</time>
        <extensions>
          <ns3:TrackPointExtension>
            <ns3:hr>141</ns3:hr>
          </ns3:TrackPointExtension>
        </extensions>
      </trkpt>
      <trkpt lat="36.70189247466623783111572265625" lon="117.24887779913842678070068359375">
        <ele>77</ele>
        <time>2026-07-18T02:50:30.000Z</time>
        <extensions>
          <ns3:TrackPointExtension>
            <ns3:hr>140</ns3:hr>
          </ns3:TrackPointExtension>
        </extensions>
      </trkpt>
      <trkpt lat="36.70206245966255664825439453125" lon="117.24885332398116588592529296875">
        <ele>76.1999969482421875</ele>
        <time>2026-07-18T02:50:34.000Z</time>
        <extensions>
          <ns3:TrackPointExtension>
            <ns3:hr>139</ns3:hr>
          </ns3:TrackPointExtension>
        </extensions>
      </trkpt>
      <trkpt lat="36.70210939832031726837158203125" lon="117.24883488379418849945068359375">
        <ele>76.1999969482421875</ele>
        <time>2026-07-18T02:50:35.000Z</time>
        <extensions>
          <ns3:TrackPointExtension>
            <ns3:hr>139</ns3:hr>
          </ns3:TrackPointExtension>
        </extensions>
      </trkpt>
      <trkpt lat="36.7022000066936016082763671875" lon="117.24876665510237216949462890625">
        <ele>76</ele>
        <time>2026-07-18T02:50:37.000Z</time>
        <extensions>
          <ns3:TrackPointExtension>
            <ns3:hr>137</ns3:hr>
          </ns3:TrackPointExtension>
        </extensions>
      </trkpt>
      <trkpt lat="36.70223630033433437347412109375" lon="117.24871535785496234893798828125">
        <ele>76</ele>
        <time>2026-07-18T02:50:38.000Z</time>
        <extensions>
          <ns3:TrackPointExtension>
            <ns3:hr>136</ns3:hr>
          </ns3:TrackPointExtension>
        </extensions>
      </trkpt>
      <trkpt lat="36.70226496644318103790283203125" lon="117.2486577741801738739013671875">
        <ele>76</ele>
        <time>2026-07-18T02:50:39.000Z</time>
        <extensions>
          <ns3:TrackPointExtension>
            <ns3:hr>136</ns3:hr>
          </ns3:TrackPointExtension>
        </extensions>
      </trkpt>
      <trkpt lat="36.7023354582488536834716796875" lon="117.2485595382750034332275390625">
        <ele>75.8000030517578125</ele>
        <time>2026-07-18T02:50:41.000Z</time>
        <extensions>
          <ns3:TrackPointExtension>
            <ns3:hr>136</ns3:hr>
          </ns3:TrackPointExtension>
        </extensions>
      </trkpt>
      <trkpt lat="36.70236689038574695587158203125" lon="117.24850840866565704345703125">
        <ele>75.8000030517578125</ele>
        <time>2026-07-18T02:50:42.000Z</time>
        <extensions>
          <ns3:TrackPointExtension>
            <ns3:hr>136</ns3:hr>
          </ns3:TrackPointExtension>
        </extensions>
      </trkpt>
      <trkpt lat="36.702390611171722412109375" lon="117.24839500151574611663818359375">
        <ele>75.59999847412109375</ele>
        <time>2026-07-18T02:50:44.000Z</time>
        <extensions>
          <ns3:TrackPointExtension>
            <ns3:hr>136</ns3:hr>
          </ns3:TrackPointExtension>
        </extensions>
      </trkpt>
      <trkpt lat="36.7023892700672149658203125" lon="117.24833515472710132598876953125">
        <ele>75.8000030517578125</ele>
        <time>2026-07-18T02:50:45.000Z</time>
        <extensions>
          <ns3:TrackPointExtension>
            <ns3:hr>135</ns3:hr>
          </ns3:TrackPointExtension>
        </extensions>
      </trkpt>
      <trkpt lat="36.7023894377052783966064453125" lon="117.24816768430173397064208984375">
        <ele>76.1999969482421875</ele>
        <time>2026-07-18T02:50:48.000Z</time>
        <extensions>
          <ns3:TrackPointExtension>
            <ns3:hr>134</ns3:hr>
          </ns3:TrackPointExtension>
        </extensions>
      </trkpt>
      <trkpt lat="36.70239505358040332794189453125" lon="117.2480665147304534912109375">
        <ele>76.59999847412109375</ele>
        <time>2026-07-18T02:50:50.000Z</time>
        <extensions>
          <ns3:TrackPointExtension>
            <ns3:hr>135</ns3:hr>
          </ns3:TrackPointExtension>
        </extensions>
      </trkpt>
      <trkpt lat="36.70239798724651336669921875" lon="117.248019240796566009521484375">
        <ele>76.8000030517578125</ele>
        <time>2026-07-18T02:50:51.000Z</time>
        <extensions>
          <ns3:TrackPointExtension>
            <ns3:hr>135</ns3:hr>
          </ns3:TrackPointExtension>
        </extensions>
      </trkpt>
      <trkpt lat="36.7024192772805690765380859375" lon="117.24776853807270526885986328125">
        <ele>77.8000030517578125</ele>
        <time>2026-07-18T02:50:56.000Z</time>
        <extensions>
          <ns3:TrackPointExtension>
            <ns3:hr>136</ns3:hr>
          </ns3:TrackPointExtension>
        </extensions>
      </trkpt>
      <trkpt lat="36.70242690481245517730712890625" lon="117.2476479224860668182373046875">
        <ele>78.1999969482421875</ele>
        <time>2026-07-18T02:50:58.000Z</time>
        <extensions>
          <ns3:TrackPointExtension>
            <ns3:hr>136</ns3:hr>
          </ns3:TrackPointExtension>
        </extensions>
      </trkpt>
      <trkpt lat="36.7024393938481807708740234375" lon="117.24740794859826564788818359375">
        <ele>79</ele>
        <time>2026-07-18T02:51:02.000Z</time>
        <extensions>
          <ns3:TrackPointExtension>
            <ns3:hr>138</ns3:hr>
          </ns3:TrackPointExtension>
        </extensions>
      </trkpt>
      <trkpt lat="36.702442578971385955810546875" lon="117.24702112376689910888671875">
        <ele>79.8000030517578125</ele>
        <time>2026-07-18T02:51:09.000Z</time>
        <extensions>
          <ns3:TrackPointExtension>
            <ns3:hr>139</ns3:hr>
          </ns3:TrackPointExtension>
        </extensions>
      </trkpt>
      <trkpt lat="36.7024353705346584320068359375" lon="117.24696211516857147216796875">
        <ele>80</ele>
        <time>2026-07-18T02:51:10.000Z</time>
        <extensions>
          <ns3:TrackPointExtension>
            <ns3:hr>140</ns3:hr>
          </ns3:TrackPointExtension>
        </extensions>
      </trkpt>
      <trkpt lat="36.70242673717439174652099609375" lon="117.2467718459665775299072265625">
        <ele>80.1999969482421875</ele>
        <time>2026-07-18T02:51:14.000Z</time>
        <extensions>
          <ns3:TrackPointExtension>
            <ns3:hr>142</ns3:hr>
          </ns3:TrackPointExtension>
        </extensions>
      </trkpt>
      <trkpt lat="36.70242749154567718505859375" lon="117.2465190477669239044189453125">
        <ele>79.8000030517578125</ele>
        <time>2026-07-18T02:51:19.000Z</time>
        <extensions>
          <ns3:TrackPointExtension>
            <ns3:hr>142</ns3:hr>
          </ns3:TrackPointExtension>
        </extensions>
      </trkpt>
      <trkpt lat="36.702422462403774261474609375" lon="117.24619793705642223358154296875">
        <ele>79.59999847412109375</ele>
        <time>2026-07-18T02:51:24.000Z</time>
        <extensions>
          <ns3:TrackPointExtension>
            <ns3:hr>142</ns3:hr>
          </ns3:TrackPointExtension>
        </extensions>
      </trkpt>
      <trkpt lat="36.70242740772664546966552734375" lon="117.24599828012287616729736328125">
        <ele>79</ele>
        <time>2026-07-18T02:51:28.000Z</time>
        <extensions>
          <ns3:TrackPointExtension>
            <ns3:hr>142</ns3:hr>
          </ns3:TrackPointExtension>
        </extensions>
      </trkpt>
      <trkpt lat="36.70240896753966808319091796875" lon="117.2459490783512592315673828125">
        <ele>79</ele>
        <time>2026-07-18T02:51:30.000Z</time>
        <extensions>
          <ns3:TrackPointExtension>
            <ns3:hr>142</ns3:hr>
          </ns3:TrackPointExtension>
        </extensions>
      </trkpt>
      <trkpt lat="36.70240695588290691375732421875" lon="117.24588562734425067901611328125">
        <ele>79</ele>
        <time>2026-07-18T02:51:33.000Z</time>
        <extensions>
          <ns3:TrackPointExtension>
            <ns3:hr>141</ns3:hr>
          </ns3:TrackPointExtension>
        </extensions>
      </trkpt>
      <trkpt lat="36.70240863226354122161865234375" lon="117.24565227515995502471923828125">
        <ele>79</ele>
        <time>2026-07-18T02:51:39.000Z</time>
        <extensions>
          <ns3:TrackPointExtension>
            <ns3:hr>139</ns3:hr>
          </ns3:TrackPointExtension>
        </extensions>
      </trkpt>
      <trkpt lat="36.7024142481386661529541015625" lon="117.2455457411706447601318359375">
        <ele>78.8000030517578125</ele>
        <time>2026-07-18T02:51:41.000Z</time>
        <extensions>
          <ns3:TrackPointExtension>
            <ns3:hr>138</ns3:hr>
          </ns3:TrackPointExtension>
        </extensions>
      </trkpt>
      <trkpt lat="36.702420450747013092041015625" lon="117.24543216638267040252685546875">
        <ele>78.59999847412109375</ele>
        <time>2026-07-18T02:51:43.000Z</time>
        <extensions>
          <ns3:TrackPointExtension>
            <ns3:hr>137</ns3:hr>
          </ns3:TrackPointExtension>
        </extensions>
      </trkpt>
      <trkpt lat="36.70242187567055225372314453125" lon="117.2453720681369304656982421875">
        <ele>78.59999847412109375</ele>
        <time>2026-07-18T02:51:44.000Z</time>
        <extensions>
          <ns3:TrackPointExtension>
            <ns3:hr>137</ns3:hr>
          </ns3:TrackPointExtension>
        </extensions>
      </trkpt>
      <trkpt lat="36.70241215266287326812744140625" lon="117.24507140927016735076904296875">
        <ele>78.59999847412109375</ele>
        <time>2026-07-18T02:51:49.000Z</time>
        <extensions>
          <ns3:TrackPointExtension>
            <ns3:hr>134</ns3:hr>
          </ns3:TrackPointExtension>
        </extensions>
      </trkpt>
      <trkpt lat="36.7024186067283153533935546875" lon="117.24493914283812046051025390625">
        <ele>78.59999847412109375</ele>
        <time>2026-07-18T02:51:51.000Z</time>
        <extensions>
          <ns3:TrackPointExtension>
            <ns3:hr>134</ns3:hr>
          </ns3:TrackPointExtension>
        </extensions>
      </trkpt>
      <trkpt lat="36.7024192772805690765380859375" lon="117.24446363747119903564453125">
        <ele>78.8000030517578125</ele>
        <time>2026-07-18T02:51:57.000Z</time>
        <extensions>
          <ns3:TrackPointExtension>
            <ns3:hr>134</ns3:hr>
          </ns3:TrackPointExtension>
        </extensions>
      </trkpt>
      <trkpt lat="36.7024241387844085693359375" lon="117.24392543546855449676513671875">
        <ele>79</ele>
        <time>2026-07-18T02:52:03.000Z</time>
        <extensions>
          <ns3:TrackPointExtension>
            <ns3:hr>136</ns3:hr>
          </ns3:TrackPointExtension>
        </extensions>
      </trkpt>
      <trkpt lat="36.7024249769747257232666015625" lon="117.24356886930763721466064453125">
        <ele>78.59999847412109375</ele>
        <time>2026-07-18T02:52:07.000Z</time>
        <extensions>
          <ns3:TrackPointExtension>
            <ns3:hr>140</ns3:hr>
          </ns3:TrackPointExtension>
        </extensions>
      </trkpt>
      <trkpt lat="36.702416427433490753173828125" lon="117.24339653737843036651611328125">
        <ele>78.8000030517578125</ele>
        <time>2026-07-18T02:52:09.000Z</time>
        <extensions>
          <ns3:TrackPointExtension>
            <ns3:hr>143</ns3:hr>
          </ns3:TrackPointExtension>
        </extensions>
      </trkpt>
      <trkpt lat="36.702414415776729583740234375" lon="117.24323225207626819610595703125">
        <ele>78.59999847412109375</ele>
        <time>2026-07-18T02:52:11.000Z</time>
        <extensions>
          <ns3:TrackPointExtension>
            <ns3:hr>144</ns3:hr>
          </ns3:TrackPointExtension>
        </extensions>
      </trkpt>
      <trkpt lat="36.70241734944283962249755859375" lon="117.24269312806427478790283203125">
        <ele>78.1999969482421875</ele>
        <time>2026-07-18T02:52:18.000Z</time>
        <extensions>
          <ns3:TrackPointExtension>
            <ns3:hr>143</ns3:hr>
          </ns3:TrackPointExtension>
        </extensions>
      </trkpt>
      <trkpt lat="36.7024259828031063079833984375" lon="117.242547534406185150146484375">
        <ele>78.1999969482421875</ele>
        <time>2026-07-18T02:52:20.000Z</time>
        <extensions>
          <ns3:TrackPointExtension>
            <ns3:hr>142</ns3:hr>
          </ns3:TrackPointExtension>
        </extensions>
      </trkpt>
      <trkpt lat="36.7024236358702182769775390625" lon="117.24240546114742755889892578125">
        <ele>78.1999969482421875</ele>
        <time>2026-07-18T02:52:22.000Z</time>
        <extensions>
          <ns3:TrackPointExtension>
            <ns3:hr>139</ns3:hr>
          </ns3:TrackPointExtension>
        </extensions>
      </trkpt>
      <trkpt lat="36.7024172656238079071044921875" lon="117.2423327900469303131103515625">
        <ele>78</ele>
        <time>2026-07-18T02:52:23.000Z</time>
        <extensions>
          <ns3:TrackPointExtension>
            <ns3:hr>138</ns3:hr>
          </ns3:TrackPointExtension>
        </extensions>
      </trkpt>
      <trkpt lat="36.70241684652864933013916015625" lon="117.24226296879351139068603515625">
        <ele>77.8000030517578125</ele>
        <time>2026-07-18T02:52:24.000Z</time>
        <extensions>
          <ns3:TrackPointExtension>
            <ns3:hr>138</ns3:hr>
          </ns3:TrackPointExtension>
        </extensions>
      </trkpt>
      <trkpt lat="36.70242137275636196136474609375" lon="117.24195099435746669769287109375">
        <ele>77.1999969482421875</ele>
        <time>2026-07-18T02:52:28.000Z</time>
        <extensions>
          <ns3:TrackPointExtension>
            <ns3:hr>136</ns3:hr>
          </ns3:TrackPointExtension>
        </extensions>
      </trkpt>
      <trkpt lat="36.702423132956027984619140625" lon="117.24145294167101383209228515625">
        <ele>77.1999969482421875</ele>
        <time>2026-07-18T02:52:34.000Z</time>
        <extensions>
          <ns3:TrackPointExtension>
            <ns3:hr>138</ns3:hr>
          </ns3:TrackPointExtension>
        </extensions>
      </trkpt>
      <trkpt lat="36.702423132956027984619140625" lon="117.241212464869022369384765625">
        <ele>76.59999847412109375</ele>
        <time>2026-07-18T02:52:37.000Z</time>
        <extensions>
          <ns3:TrackPointExtension>
            <ns3:hr>137</ns3:hr>
          </ns3:TrackPointExtension>
        </extensions>
      </trkpt>
      <trkpt lat="36.7024233005940914154052734375" lon="117.2409802861511707305908203125">
        <ele>76.40000152587890625</ele>
        <time>2026-07-18T02:52:40.000Z</time>
        <extensions>
          <ns3:TrackPointExtension>
            <ns3:hr>136</ns3:hr>
          </ns3:TrackPointExtension>
        </extensions>
      </trkpt>
      <trkpt lat="36.7024189420044422149658203125" lon="117.2405839897692203521728515625">
        <ele>76.1999969482421875</ele>
        <time>2026-07-18T02:52:45.000Z</time>
        <extensions>
          <ns3:TrackPointExtension>
            <ns3:hr>135</ns3:hr>
          </ns3:TrackPointExtension>
        </extensions>
      </trkpt>
      <trkpt lat="36.7024129070341587066650390625" lon="117.24016673862934112548828125">
        <ele>75.59999847412109375</ele>
        <time>2026-07-18T02:52:50.000Z</time>
        <extensions>
          <ns3:TrackPointExtension>
            <ns3:hr>135</ns3:hr>
          </ns3:TrackPointExtension>
        </extensions>
      </trkpt>
      <trkpt lat="36.7024119012057781219482421875" lon="117.24002684466540813446044921875">
        <ele>75.1999969482421875</ele>
        <time>2026-07-18T02:52:52.000Z</time>
        <extensions>
          <ns3:TrackPointExtension>
            <ns3:hr>135</ns3:hr>
          </ns3:TrackPointExtension>
        </extensions>
      </trkpt>
      <trkpt lat="36.70242472551763057708740234375" lon="117.23966206423938274383544921875">
        <ele>74.8000030517578125</ele>
        <time>2026-07-18T02:52:58.000Z</time>
        <extensions>
          <ns3:TrackPointExtension>
            <ns3:hr>134</ns3:hr>
          </ns3:TrackPointExtension>
        </extensions>
      </trkpt>
      <trkpt lat="36.70241315849125385284423828125" lon="117.2392824478447437286376953125">
        <ele>75.1999969482421875</ele>
        <time>2026-07-18T02:53:04.000Z</time>
        <extensions>
          <ns3:TrackPointExtension>
            <ns3:hr>131</ns3:hr>
          </ns3:TrackPointExtension>
        </extensions>
      </trkpt>
      <trkpt lat="36.702419780194759368896484375" lon="117.23891657777130603790283203125">
        <ele>74.8000030517578125</ele>
        <time>2026-07-18T02:53:09.000Z</time>
        <extensions>
          <ns3:TrackPointExtension>
            <ns3:hr>134</ns3:hr>
          </ns3:TrackPointExtension>
        </extensions>
      </trkpt>
      <trkpt lat="36.7024202831089496612548828125" lon="117.2388385422527790069580078125">
        <ele>74.8000030517578125</ele>
        <time>2026-07-18T02:53:10.000Z</time>
        <extensions>
          <ns3:TrackPointExtension>
            <ns3:hr>136</ns3:hr>
          </ns3:TrackPointExtension>
        </extensions>
      </trkpt>
      <trkpt lat="36.70243076048791408538818359375" lon="117.2386036813259124755859375">
        <ele>74.40000152587890625</ele>
        <time>2026-07-18T02:53:13.000Z</time>
        <extensions>
          <ns3:TrackPointExtension>
            <ns3:hr>136</ns3:hr>
          </ns3:TrackPointExtension>
        </extensions>
      </trkpt>
      <trkpt lat="36.702423803508281707763671875" lon="117.238524891436100006103515625">
        <ele>74.1999969482421875</ele>
        <time>2026-07-18T02:53:14.000Z</time>
        <extensions>
          <ns3:TrackPointExtension>
            <ns3:hr>135</ns3:hr>
          </ns3:TrackPointExtension>
        </extensions>
      </trkpt>
      <trkpt lat="36.70241349376738071441650390625" lon="117.238374017179012298583984375">
        <ele>74.1999969482421875</ele>
        <time>2026-07-18T02:53:16.000Z</time>
        <extensions>
          <ns3:TrackPointExtension>
            <ns3:hr>136</ns3:hr>
          </ns3:TrackPointExtension>
        </extensions>
      </trkpt>
      <trkpt lat="36.70240427367389202117919921875" lon="117.238303609192371368408203125">
        <ele>74.40000152587890625</ele>
        <time>2026-07-18T02:53:17.000Z</time>
        <extensions>
          <ns3:TrackPointExtension>
            <ns3:hr>136</ns3:hr>
          </ns3:TrackPointExtension>
        </extensions>
      </trkpt>
      <trkpt lat="36.70239253900945186614990234375" lon="117.2381686605513095855712890625">
        <ele>74.59999847412109375</ele>
        <time>2026-07-18T02:53:19.000Z</time>
        <extensions>
          <ns3:TrackPointExtension>
            <ns3:hr>134</ns3:hr>
          </ns3:TrackPointExtension>
        </extensions>
      </trkpt>
      <trkpt lat="36.70239798724651336669921875" lon="117.238026000559329986572265625">
        <ele>74.59999847412109375</ele>
        <time>2026-07-18T02:53:21.000Z</time>
        <extensions>
          <ns3:TrackPointExtension>
            <ns3:hr>134</ns3:hr>
          </ns3:TrackPointExtension>
        </extensions>
      </trkpt>
      <trkpt lat="36.7023914493620395660400390625" lon="117.23758452571928501129150390625">
        <ele>73.59999847412109375</ele>
        <time>2026-07-18T02:53:27.000Z</time>
        <extensions>
          <ns3:TrackPointExtension>
            <ns3:hr>132</ns3:hr>
          </ns3:TrackPointExtension>
        </extensions>
      </trkpt>
      <trkpt lat="36.70238281600177288055419921875" lon="117.23709569312632083892822265625">
        <ele>74</ele>
        <time>2026-07-18T02:53:34.000Z</time>
        <extensions>
          <ns3:TrackPointExtension>
            <ns3:hr>131</ns3:hr>
          </ns3:TrackPointExtension>
        </extensions>
      </trkpt>
      <trkpt lat="36.70238801278173923492431640625" lon="117.23653410561382770538330078125">
        <ele>73.40000152587890625</ele>
        <time>2026-07-18T02:53:42.000Z</time>
        <extensions>
          <ns3:TrackPointExtension>
            <ns3:hr>130</ns3:hr>
          </ns3:TrackPointExtension>
        </extensions>
      </trkpt>
      <trkpt lat="36.70237946324050426483154296875" lon="117.23623931407928466796875">
        <ele>73.1999969482421875</ele>
        <time>2026-07-18T02:53:46.000Z</time>
        <extensions>
          <ns3:TrackPointExtension>
            <ns3:hr>130</ns3:hr>
          </ns3:TrackPointExtension>
        </extensions>
      </trkpt>
      <trkpt lat="36.7023813910782337188720703125" lon="117.23595567047595977783203125">
        <ele>72.40000152587890625</ele>
        <time>2026-07-18T02:53:50.000Z</time>
        <extensions>
          <ns3:TrackPointExtension>
            <ns3:hr>130</ns3:hr>
          </ns3:TrackPointExtension>
        </extensions>
      </trkpt>
      <trkpt lat="36.7023840732872486114501953125" lon="117.23589942790567874908447265625">
        <ele>72.1999969482421875</ele>
        <time>2026-07-18T02:53:51.000Z</time>
        <extensions>
          <ns3:TrackPointExtension>
            <ns3:hr>130</ns3:hr>
          </ns3:TrackPointExtension>
        </extensions>
      </trkpt>
      <trkpt lat="36.70239186845719814300537109375" lon="117.235788367688655853271484375">
        <ele>71.8000030517578125</ele>
        <time>2026-07-18T02:53:54.000Z</time>
        <extensions>
          <ns3:TrackPointExtension>
            <ns3:hr>128</ns3:hr>
          </ns3:TrackPointExtension>
        </extensions>
      </trkpt>
      <trkpt lat="36.70241030864417552947998046875" lon="117.2356693446636199951171875">
        <ele>71.1999969482421875</ele>
        <time>2026-07-18T02:53:59.000Z</time>
        <extensions>
          <ns3:TrackPointExtension>
            <ns3:hr>128</ns3:hr>
          </ns3:TrackPointExtension>
        </extensions>
      </trkpt>
      <trkpt lat="36.70237979851663112640380859375" lon="117.2355300374329090118408203125">
        <ele>71.1999969482421875</ele>
        <time>2026-07-18T02:54:05.000Z</time>
        <extensions>
          <ns3:TrackPointExtension>
            <ns3:hr>126</ns3:hr>
          </ns3:TrackPointExtension>
        </extensions>
      </trkpt>
      <trkpt lat="36.70236990787088871002197265625" lon="117.23551184870302677154541015625">
        <ele>71.1999969482421875</ele>
        <time>2026-07-18T02:54:11.000Z</time>
        <extensions>
          <ns3:TrackPointExtension>
            <ns3:hr>125</ns3:hr>
          </ns3:TrackPointExtension>
        </extensions>
      </trkpt>
      <trkpt lat="36.702364794909954071044921875" lon="117.2355072386562824249267578125">
        <ele>71</ele>
        <time>2026-07-18T02:54:15.000Z</time>
        <extensions>
          <ns3:TrackPointExtension>
            <ns3:hr>124</ns3:hr>
          </ns3:TrackPointExtension>
        </extensions>
      </trkpt>
      <trkpt lat="36.70235482044517993927001953125" lon="117.23550145514309406280517578125">
        <ele>71</ele>
        <time>2026-07-18T02:54:16.000Z</time>
        <extensions>
          <ns3:TrackPointExtension>
            <ns3:hr>124</ns3:hr>
          </ns3:TrackPointExtension>
        </extensions>
      </trkpt>
      <trkpt lat="36.70233738608658313751220703125" lon="117.235481925308704376220703125">
        <ele>71</ele>
        <time>2026-07-18T02:54:21.000Z</time>
        <extensions>
          <ns3:TrackPointExtension>
            <ns3:hr>124</ns3:hr>
          </ns3:TrackPointExtension>
        </extensions>
      </trkpt>
      <trkpt lat="36.7023381404578685760498046875" lon="117.23547748290002346038818359375">
        <ele>70.59999847412109375</ele>
        <time>2026-07-18T02:54:29.000Z</time>
        <extensions>
          <ns3:TrackPointExtension>
            <ns3:hr>124</ns3:hr>
          </ns3:TrackPointExtension>
        </extensions>
      </trkpt>
      <trkpt lat="36.702342331409454345703125" lon="117.23547278903424739837646484375">
        <ele>70.40000152587890625</ele>
        <time>2026-07-18T02:54:39.000Z</time>
        <extensions>
          <ns3:TrackPointExtension>
            <ns3:hr>124</ns3:hr>
          </ns3:TrackPointExtension>
        </extensions>
      </trkpt>
      <trkpt lat="36.70228776521980762481689453125" lon="117.23545317538082599639892578125">
        <ele>70.1999969482421875</ele>
        <time>2026-07-18T02:54:45.000Z</time>
        <extensions>
          <ns3:TrackPointExtension>
            <ns3:hr>124</ns3:hr>
          </ns3:TrackPointExtension>
        </extensions>
      </trkpt>
      <trkpt lat="36.70218584127724170684814453125" lon="117.235451079905033111572265625">
        <ele>70.1999969482421875</ele>
        <time>2026-07-18T02:54:50.000Z</time>
        <extensions>
          <ns3:TrackPointExtension>
            <ns3:hr>124</ns3:hr>
          </ns3:TrackPointExtension>
        </extensions>
      </trkpt>
      <trkpt lat="36.70215918682515621185302734375" lon="117.235446386039257049560546875">
        <ele>70</ele>
        <time>2026-07-18T02:54:51.000Z</time>
        <extensions>
          <ns3:TrackPointExtension>
            <ns3:hr>124</ns3:hr>
          </ns3:TrackPointExtension>
        </extensions>
      </trkpt>
      <trkpt lat="36.70199775137007236480712890625" lon="117.2354938276112079620361328125">
        <ele>70.1999969482421875</ele>
        <time>2026-07-18T02:54:58.000Z</time>
        <extensions>
          <ns3:TrackPointExtension>
            <ns3:hr>122</ns3:hr>
          </ns3:TrackPointExtension>
        </extensions>
      </trkpt>
      <trkpt lat="36.701947711408138275146484375" lon="117.23562684841454029083251953125">
        <ele>70.40000152587890625</ele>
        <time>2026-07-18T02:55:04.000Z</time>
        <extensions>
          <ns3:TrackPointExtension>
            <ns3:hr>122</ns3:hr>
          </ns3:TrackPointExtension>
        </extensions>
      </trkpt>
      <trkpt lat="36.70193321071565151214599609375" lon="117.235719300806522369384765625">
        <ele>70.1999969482421875</ele>
        <time>2026-07-18T02:55:10.000Z</time>
        <extensions>
          <ns3:TrackPointExtension>
            <ns3:hr>122</ns3:hr>
          </ns3:TrackPointExtension>
        </extensions>
      </trkpt>
      <trkpt lat="36.7019348032772541046142578125" lon="117.235785685479640960693359375">
        <ele>70.40000152587890625</ele>
        <time>2026-07-18T02:55:16.000Z</time>
        <extensions>
          <ns3:TrackPointExtension>
            <ns3:hr>122</ns3:hr>
          </ns3:TrackPointExtension>
        </extensions>
      </trkpt>
      <trkpt lat="36.7019177041947841644287109375" lon="117.2358073107898235321044921875">
        <ele>70</ele>
        <time>2026-07-18T02:55:22.000Z</time>
        <extensions>
          <ns3:TrackPointExtension>
            <ns3:hr>122</ns3:hr>
          </ns3:TrackPointExtension>
        </extensions>
      </trkpt>
      <trkpt lat="36.70190446078777313232421875" lon="117.2357980906963348388671875">
        <ele>70.1999969482421875</ele>
        <time>2026-07-18T02:55:23.000Z</time>
        <extensions>
          <ns3:TrackPointExtension>
            <ns3:hr>122</ns3:hr>
          </ns3:TrackPointExtension>
        </extensions>
      </trkpt>
      <trkpt lat="36.70188945718109607696533203125" lon="117.2357654012739658355712890625">
        <ele>70.59999847412109375</ele>
        <time>2026-07-18T02:55:27.000Z</time>
        <extensions>
          <ns3:TrackPointExtension>
            <ns3:hr>123</ns3:hr>
          </ns3:TrackPointExtension>
        </extensions>
      </trkpt>
      <trkpt lat="36.70188711024820804595947265625" lon="117.23575106821954250335693359375">
        <ele>71.1999969482421875</ele>
        <time>2026-07-18T02:55:30.000Z</time>
        <extensions>
          <ns3:TrackPointExtension>
            <ns3:hr>122</ns3:hr>
          </ns3:TrackPointExtension>
        </extensions>
      </trkpt>
      <trkpt lat="36.7018881998956203460693359375" lon="117.23571519367396831512451171875">
        <ele>71.40000152587890625</ele>
        <time>2026-07-18T02:55:34.000Z</time>
        <extensions>
          <ns3:TrackPointExtension>
            <ns3:hr>124</ns3:hr>
          </ns3:TrackPointExtension>
        </extensions>
      </trkpt>
      <trkpt lat="36.7018823325634002685546875" lon="117.235695160925388336181640625">
        <ele>71.40000152587890625</ele>
        <time>2026-07-18T02:55:41.000Z</time>
        <extensions>
          <ns3:TrackPointExtension>
            <ns3:hr>124</ns3:hr>
          </ns3:TrackPointExtension>
        </extensions>
      </trkpt>
      <trkpt lat="36.701897084712982177734375" lon="117.2356976754963397979736328125">
        <ele>71.59999847412109375</ele>
        <time>2026-07-18T02:55:51.000Z</time>
        <extensions>
          <ns3:TrackPointExtension>
            <ns3:hr>124</ns3:hr>
          </ns3:TrackPointExtension>
        </extensions>
      </trkpt>
      <trkpt lat="36.701934970915317535400390625" lon="117.23571469075977802276611328125">
        <ele>71.59999847412109375</ele>
        <time>2026-07-18T02:55:58.000Z</time>
        <extensions>
          <ns3:TrackPointExtension>
            <ns3:hr>124</ns3:hr>
          </ns3:TrackPointExtension>
        </extensions>
      </trkpt>
      <trkpt lat="36.70190856792032718658447265625" lon="117.2357082366943359375">
        <ele>71.59999847412109375</ele>
        <time>2026-07-18T02:56:09.000Z</time>
        <extensions>
          <ns3:TrackPointExtension>
            <ns3:hr>122</ns3:hr>
          </ns3:TrackPointExtension>
        </extensions>
      </trkpt>
      <trkpt lat="36.701895408332347869873046875" lon="117.2357003577053546905517578125">
        <ele>71.8000030517578125</ele>
        <time>2026-07-18T02:56:14.000Z</time>
        <extensions>
          <ns3:TrackPointExtension>
            <ns3:hr>122</ns3:hr>
          </ns3:TrackPointExtension>
        </extensions>
      </trkpt>
      <trkpt lat="36.70189599506556987762451171875" lon="117.23570245318114757537841796875">
        <ele>71.40000152587890625</ele>
        <time>2026-07-18T02:56:22.000Z</time>
        <extensions>
          <ns3:TrackPointExtension>
            <ns3:hr>122</ns3:hr>
          </ns3:TrackPointExtension>
        </extensions>
      </trkpt>
      <trkpt lat="36.701894737780094146728515625" lon="117.23570354282855987548828125">
        <ele>71</ele>
        <time>2026-07-18T02:56:31.000Z</time>
        <extensions>
          <ns3:TrackPointExtension>
            <ns3:hr>120</ns3:hr>
          </ns3:TrackPointExtension>
        </extensions>
      </trkpt>
      <trkpt lat="36.7019019462168216705322265625" lon="117.235703878104686737060546875">
        <ele>71</ele>
        <time>2026-07-18T02:56:37.000Z</time>
        <extensions>
          <ns3:TrackPointExtension>
            <ns3:hr>120</ns3:hr>
          </ns3:TrackPointExtension>
        </extensions>
      </trkpt>
      <trkpt lat="36.70191577635705471038818359375" lon="117.2357080690562725067138671875">
        <ele>71.8000030517578125</ele>
        <time>2026-07-18T02:56:49.000Z</time>
        <extensions>
          <ns3:TrackPointExtension>
            <ns3:hr>118</ns3:hr>
          </ns3:TrackPointExtension>
        </extensions>
      </trkpt>
      <trkpt lat="36.7019170336425304412841796875" lon="117.235705554485321044921875">
        <ele>72</ele>
        <time>2026-07-18T02:56:51.000Z</time>
        <extensions>
          <ns3:TrackPointExtension>
            <ns3:hr>115</ns3:hr>
          </ns3:TrackPointExtension>
        </extensions>
      </trkpt>
      <trkpt lat="36.70188660733401775360107421875" lon="117.23571695387363433837890625">
        <ele>72</ele>
        <time>2026-07-18T02:56:54.000Z</time>
        <extensions>
          <ns3:TrackPointExtension>
            <ns3:hr>112</ns3:hr>
          </ns3:TrackPointExtension>
        </extensions>
      </trkpt>
      <trkpt lat="36.7018610425293445587158203125" lon="117.23572432994842529296875">
        <ele>72</ele>
        <time>2026-07-18T02:56:56.000Z</time>
        <extensions>
          <ns3:TrackPointExtension>
            <ns3:hr>112</ns3:hr>
          </ns3:TrackPointExtension>
        </extensions>
      </trkpt>
      <trkpt lat="36.70183463953435420989990234375" lon="117.23572609014809131622314453125">
        <ele>71.8000030517578125</ele>
        <time>2026-07-18T02:57:01.000Z</time>
        <extensions>
          <ns3:TrackPointExtension>
            <ns3:hr>115</ns3:hr>
          </ns3:TrackPointExtension>
        </extensions>
      </trkpt>
      <trkpt lat="36.70183849520981311798095703125" lon="117.23573396913707256317138671875">
        <ele>71.8000030517578125</ele>
        <time>2026-07-18T02:57:05.000Z</time>
        <extensions>
          <ns3:TrackPointExtension>
            <ns3:hr>118</ns3:hr>
          </ns3:TrackPointExtension>
        </extensions>
      </trkpt>
      <trkpt lat="36.7018375732004642486572265625" lon="117.235750146210193634033203125">
        <ele>71.8000030517578125</ele>
        <time>2026-07-18T02:57:11.000Z</time>
        <extensions>
          <ns3:TrackPointExtension>
            <ns3:hr>118</ns3:hr>
          </ns3:TrackPointExtension>
        </extensions>
      </trkpt>
      <trkpt lat="36.70188325457274913787841796875" lon="117.23571636714041233062744140625">
        <ele>71.59999847412109375</ele>
        <time>2026-07-18T02:57:21.000Z</time>
        <extensions>
          <ns3:TrackPointExtension>
            <ns3:hr>118</ns3:hr>
          </ns3:TrackPointExtension>
        </extensions>
      </trkpt>
      <trkpt lat="36.7018365673720836639404296875" lon="117.23568116314709186553955078125">
        <ele>71.1999969482421875</ele>
        <time>2026-07-18T02:57:35.000Z</time>
        <extensions>
          <ns3:TrackPointExtension>
            <ns3:hr>117</ns3:hr>
          </ns3:TrackPointExtension>
        </extensions>
      </trkpt>
      <trkpt lat="36.70190169475972652435302734375" lon="117.235703878104686737060546875">
        <ele>71.40000152587890625</ele>
        <time>2026-07-18T02:57:40.000Z</time>
        <extensions>
          <ns3:TrackPointExtension>
            <ns3:hr>118</ns3:hr>
          </ns3:TrackPointExtension>
        </extensions>
      </trkpt>
      <trkpt lat="36.70192482881247997283935546875" lon="117.2357147745788097381591796875">
        <ele>71.40000152587890625</ele>
        <time>2026-07-18T02:57:42.000Z</time>
        <extensions>
          <ns3:TrackPointExtension>
            <ns3:hr>115</ns3:hr>
          </ns3:TrackPointExtension>
        </extensions>
      </trkpt>
      <trkpt lat="36.7019153572618961334228515625" lon="117.23570714704692363739013671875">
        <ele>71.40000152587890625</ele>
        <time>2026-07-18T02:57:44.000Z</time>
        <extensions>
          <ns3:TrackPointExtension>
            <ns3:hr>110</ns3:hr>
          </ns3:TrackPointExtension>
        </extensions>
      </trkpt>
      <trkpt lat="36.70191426761448383331298828125" lon="117.23570211790502071380615234375">
        <ele>71.59999847412109375</ele>
        <time>2026-07-18T02:57:45.000Z</time>
        <extensions>
          <ns3:TrackPointExtension>
            <ns3:hr>109</ns3:hr>
          </ns3:TrackPointExtension>
        </extensions>
      </trkpt>
      <trkpt lat="36.70188996009528636932373046875" lon="117.23568770103156566619873046875">
        <ele>72</ele>
        <time>2026-07-18T02:57:50.000Z</time>
        <extensions>
          <ns3:TrackPointExtension>
            <ns3:hr>112</ns3:hr>
          </ns3:TrackPointExtension>
        </extensions>
      </trkpt>
      <trkpt lat="36.7018903791904449462890625" lon="117.2356959991157054901123046875">
        <ele>71.8000030517578125</ele>
        <time>2026-07-18T02:57:56.000Z</time>
        <extensions>
          <ns3:TrackPointExtension>
            <ns3:hr>111</ns3:hr>
          </ns3:TrackPointExtension>
        </extensions>
      </trkpt>
      <trkpt lat="36.70183296315371990203857421875" lon="117.235686443746089935302734375">
        <ele>72.1999969482421875</ele>
        <time>2026-07-18T02:58:03.000Z</time>
        <extensions>
          <ns3:TrackPointExtension>
            <ns3:hr>110</ns3:hr>
          </ns3:TrackPointExtension>
        </extensions>
      </trkpt>
      <trkpt lat="36.7018152773380279541015625" lon="117.23568870685994625091552734375">
        <ele>72.40000152587890625</ele>
        <time>2026-07-18T02:58:09.000Z</time>
        <extensions>
          <ns3:TrackPointExtension>
            <ns3:hr>110</ns3:hr>
          </ns3:TrackPointExtension>
        </extensions>
      </trkpt>
      <trkpt lat="36.70179851353168487548828125" lon="117.2356799058616161346435546875">
        <ele>72.59999847412109375</ele>
        <time>2026-07-18T02:58:12.000Z</time>
        <extensions>
          <ns3:TrackPointExtension>
            <ns3:hr>110</ns3:hr>
          </ns3:TrackPointExtension>
        </extensions>
      </trkpt>
      <trkpt lat="36.70186766423285007476806640625" lon="117.2356975078582763671875">
        <ele>72.8000030517578125</ele>
        <time>2026-07-18T02:58:22.000Z</time>
        <extensions>
          <ns3:TrackPointExtension>
            <ns3:hr>112</ns3:hr>
          </ns3:TrackPointExtension>
        </extensions>
      </trkpt>
      <trkpt lat="36.70186045579612255096435546875" lon="117.23567998968064785003662109375">
        <ele>72.8000030517578125</ele>
        <time>2026-07-18T02:58:35.000Z</time>
        <extensions>
          <ns3:TrackPointExtension>
            <ns3:hr>109</ns3:hr>
          </ns3:TrackPointExtension>
        </extensions>
      </trkpt>
      <trkpt lat="36.7018768005073070526123046875" lon="117.235691137611865997314453125">
        <ele>73</ele>
        <time>2026-07-18T02:58:41.000Z</time>
        <extensions>
          <ns3:TrackPointExtension>
            <ns3:hr>106</ns3:hr>
          </ns3:TrackPointExtension>
        </extensions>
      </trkpt>
      <trkpt lat="36.70189197175204753875732421875" lon="117.2357174567878246307373046875">
        <ele>73</ele>
        <time>2026-07-18T02:58:55.000Z</time>
        <extensions>
          <ns3:TrackPointExtension>
            <ns3:hr>104</ns3:hr>
          </ns3:TrackPointExtension>
        </extensions>
      </trkpt>
      <trkpt lat="36.701919548213481903076171875" lon="117.235751487314701080322265625">
        <ele>73.40000152587890625</ele>
        <time>2026-07-18T02:59:14.000Z</time>
        <extensions>
          <ns3:TrackPointExtension>
            <ns3:hr>106</ns3:hr>
          </ns3:TrackPointExtension>
        </extensions>
      </trkpt>
      <trkpt lat="36.70192399062216281890869140625" lon="117.2357177920639514923095703125">
        <ele>74.40000152587890625</ele>
        <time>2026-07-18T02:59:27.000Z</time>
        <extensions>
          <ns3:TrackPointExtension>
            <ns3:hr>107</ns3:hr>
          </ns3:TrackPointExtension>
        </extensions>
      </trkpt>
      <trkpt lat="36.70188040472567081451416015625" lon="117.23572340793907642364501953125">
        <ele>74.1999969482421875</ele>
        <time>2026-07-18T02:59:35.000Z</time>
        <extensions>
          <ns3:TrackPointExtension>
            <ns3:hr>110</ns3:hr>
          </ns3:TrackPointExtension>
        </extensions>
      </trkpt>
      <trkpt lat="36.70192767865955829620361328125" lon="117.23572508431971073150634765625">
        <ele>74.1999969482421875</ele>
        <time>2026-07-18T02:59:45.000Z</time>
        <extensions>
          <ns3:TrackPointExtension>
            <ns3:hr>110</ns3:hr>
          </ns3:TrackPointExtension>
        </extensions>
      </trkpt>
      <trkpt lat="36.701959110796451568603515625" lon="117.2357095777988433837890625">
        <ele>74.1999969482421875</ele>
        <time>2026-07-18T02:59:56.000Z</time>
        <extensions>
          <ns3:TrackPointExtension>
            <ns3:hr>108</ns3:hr>
          </ns3:TrackPointExtension>
        </extensions>
      </trkpt>
      <trkpt lat="36.70190907083451747894287109375" lon="117.2357390820980072021484375">
        <ele>74</ele>
        <time>2026-07-18T03:00:08.000Z</time>
        <extensions>
          <ns3:TrackPointExtension>
            <ns3:hr>108</ns3:hr>
          </ns3:TrackPointExtension>
        </extensions>
      </trkpt>
      <trkpt lat="36.70210503973066806793212890625" lon="117.23747589625418186187744140625">
        <ele>76.8000030517578125</ele>
        <time>2026-07-18T03:10:40.000Z</time>
        <extensions>
          <ns3:TrackPointExtension>
            <ns3:hr>123</ns3:hr>
          </ns3:TrackPointExtension>
        </extensions>
      </trkpt>
      <trkpt lat="36.70210503973066806793212890625" lon="117.23747589625418186187744140625">
        <ele>77</ele>
        <time>2026-07-18T03:10:41.000Z</time>
        <extensions>
          <ns3:TrackPointExtension>
            <ns3:hr>121</ns3:hr>
          </ns3:TrackPointExtension>
        </extensions>
      </trkpt>
      <trkpt lat="36.702107973396778106689453125" lon="117.2375336475670337677001953125">
        <ele>76.8000030517578125</ele>
        <time>2026-07-18T03:10:45.000Z</time>
        <extensions>
          <ns3:TrackPointExtension>
            <ns3:hr>118</ns3:hr>
          </ns3:TrackPointExtension>
        </extensions>
      </trkpt>
      <trkpt lat="36.70211224816739559173583984375" lon="117.2377110086381435394287109375">
        <ele>76.8000030517578125</ele>
        <time>2026-07-18T03:10:50.000Z</time>
        <extensions>
          <ns3:TrackPointExtension>
            <ns3:hr>118</ns3:hr>
          </ns3:TrackPointExtension>
        </extensions>
      </trkpt>
      <trkpt lat="36.70212230645120143890380859375" lon="117.2378092445433139801025390625">
        <ele>77</ele>
        <time>2026-07-18T03:10:52.000Z</time>
        <extensions>
          <ns3:TrackPointExtension>
            <ns3:hr>123</ns3:hr>
          </ns3:TrackPointExtension>
        </extensions>
      </trkpt>
      <trkpt lat="36.70212708413600921630859375" lon="117.2380167804658412933349609375">
        <ele>77.8000030517578125</ele>
        <time>2026-07-18T03:10:56.000Z</time>
        <extensions>
          <ns3:TrackPointExtension>
            <ns3:hr>123</ns3:hr>
          </ns3:TrackPointExtension>
        </extensions>
      </trkpt>
      <trkpt lat="36.7021175287663936614990234375" lon="117.2383554093539714813232421875">
        <ele>78.1999969482421875</ele>
        <time>2026-07-18T03:11:02.000Z</time>
        <extensions>
          <ns3:TrackPointExtension>
            <ns3:hr>124</ns3:hr>
          </ns3:TrackPointExtension>
        </extensions>
      </trkpt>
      <trkpt lat="36.70211694203317165374755859375" lon="117.23870954476296901702880859375">
        <ele>78.40000152587890625</ele>
        <time>2026-07-18T03:11:08.000Z</time>
        <extensions>
          <ns3:TrackPointExtension>
            <ns3:hr>126</ns3:hr>
          </ns3:TrackPointExtension>
        </extensions>
      </trkpt>
      <trkpt lat="36.70212565921247005462646484375" lon="117.2389508597552776336669921875">
        <ele>79</ele>
        <time>2026-07-18T03:11:12.000Z</time>
        <extensions>
          <ns3:TrackPointExtension>
            <ns3:hr>127</ns3:hr>
          </ns3:TrackPointExtension>
        </extensions>
      </trkpt>
      <trkpt lat="36.70211425982415676116943359375" lon="117.2390708886086940765380859375">
        <ele>79.1999969482421875</ele>
        <time>2026-07-18T03:11:14.000Z</time>
        <extensions>
          <ns3:TrackPointExtension>
            <ns3:hr>127</ns3:hr>
          </ns3:TrackPointExtension>
        </extensions>
      </trkpt>
      <trkpt lat="36.70210897922515869140625" lon="117.23913316614925861358642578125">
        <ele>79.1999969482421875</ele>
        <time>2026-07-18T03:11:15.000Z</time>
        <extensions>
          <ns3:TrackPointExtension>
            <ns3:hr>128</ns3:hr>
          </ns3:TrackPointExtension>
        </extensions>
      </trkpt>
      <trkpt lat="36.70210051350295543670654296875" lon="117.23937640897929668426513671875">
        <ele>79.8000030517578125</ele>
        <time>2026-07-18T03:11:19.000Z</time>
        <extensions>
          <ns3:TrackPointExtension>
            <ns3:hr>131</ns3:hr>
          </ns3:TrackPointExtension>
        </extensions>
      </trkpt>
      <trkpt lat="36.70209816657006740570068359375" lon="117.23943592049181461334228515625">
        <ele>80</ele>
        <time>2026-07-18T03:11:20.000Z</time>
        <extensions>
          <ns3:TrackPointExtension>
            <ns3:hr>131</ns3:hr>
          </ns3:TrackPointExtension>
        </extensions>
      </trkpt>
      <trkpt lat="36.702097915112972259521484375" lon="117.23956081084907054901123046875">
        <ele>80</ele>
        <time>2026-07-18T03:11:22.000Z</time>
        <extensions>
          <ns3:TrackPointExtension>
            <ns3:hr>132</ns3:hr>
          </ns3:TrackPointExtension>
        </extensions>
      </trkpt>
      <trkpt lat="36.702106632292270660400390625" lon="117.24003757350146770477294921875">
        <ele>79.8000030517578125</ele>
        <time>2026-07-18T03:11:29.000Z</time>
        <extensions>
          <ns3:TrackPointExtension>
            <ns3:hr>134</ns3:hr>
          </ns3:TrackPointExtension>
        </extensions>
      </trkpt>
      <trkpt lat="36.702105961740016937255859375" lon="117.24045239388942718505859375">
        <ele>80</ele>
        <time>2026-07-18T03:11:35.000Z</time>
        <extensions>
          <ns3:TrackPointExtension>
            <ns3:hr>135</ns3:hr>
          </ns3:TrackPointExtension>
        </extensions>
      </trkpt>
      <trkpt lat="36.70210839249193668365478515625" lon="117.24081994034349918365478515625">
        <ele>80.59999847412109375</ele>
        <time>2026-07-18T03:11:40.000Z</time>
        <extensions>
          <ns3:TrackPointExtension>
            <ns3:hr>138</ns3:hr>
          </ns3:TrackPointExtension>
        </extensions>
      </trkpt>
      <trkpt lat="36.70211442746222019195556640625" lon="117.24103711545467376708984375">
        <ele>80.40000152587890625</ele>
        <time>2026-07-18T03:11:43.000Z</time>
        <extensions>
          <ns3:TrackPointExtension>
            <ns3:hr>139</ns3:hr>
          </ns3:TrackPointExtension>
        </extensions>
      </trkpt>
      <trkpt lat="36.702106297016143798828125" lon="117.24141103215515613555908203125">
        <ele>81</ele>
        <time>2026-07-18T03:11:48.000Z</time>
        <extensions>
          <ns3:TrackPointExtension>
            <ns3:hr>141</ns3:hr>
          </ns3:TrackPointExtension>
        </extensions>
      </trkpt>
      <trkpt lat="36.7021044529974460601806640625" lon="117.2415686957538127899169921875">
        <ele>81.1999969482421875</ele>
        <time>2026-07-18T03:11:50.000Z</time>
        <extensions>
          <ns3:TrackPointExtension>
            <ns3:hr>142</ns3:hr>
          </ns3:TrackPointExtension>
        </extensions>
      </trkpt>
      <trkpt lat="36.70209380798041820526123046875" lon="117.2417963482439517974853515625">
        <ele>81.1999969482421875</ele>
        <time>2026-07-18T03:11:53.000Z</time>
        <extensions>
          <ns3:TrackPointExtension>
            <ns3:hr>143</ns3:hr>
          </ns3:TrackPointExtension>
        </extensions>
      </trkpt>
      <trkpt lat="36.70209447853267192840576171875" lon="117.24194697104394435882568359375">
        <ele>81</ele>
        <time>2026-07-18T03:11:55.000Z</time>
        <extensions>
          <ns3:TrackPointExtension>
            <ns3:hr>144</ns3:hr>
          </ns3:TrackPointExtension>
        </extensions>
      </trkpt>
      <trkpt lat="36.70209623873233795166015625" lon="117.24215685389935970306396484375">
        <ele>80.59999847412109375</ele>
        <time>2026-07-18T03:11:59.000Z</time>
        <extensions>
          <ns3:TrackPointExtension>
            <ns3:hr>145</ns3:hr>
          </ns3:TrackPointExtension>
        </extensions>
      </trkpt>
      <trkpt lat="36.7021145112812519073486328125" lon="117.24216506816446781158447265625">
        <ele>80.1999969482421875</ele>
        <time>2026-07-18T03:12:02.000Z</time>
        <extensions>
          <ns3:TrackPointExtension>
            <ns3:hr>146</ns3:hr>
          </ns3:TrackPointExtension>
        </extensions>
      </trkpt>
      <trkpt lat="36.70211576856672763824462890625" lon="117.2421276010572910308837890625">
        <ele>80.1999969482421875</ele>
        <time>2026-07-18T03:12:06.000Z</time>
        <extensions>
          <ns3:TrackPointExtension>
            <ns3:hr>143</ns3:hr>
          </ns3:TrackPointExtension>
        </extensions>
      </trkpt>
      <trkpt lat="36.70210353098809719085693359375" lon="117.242088206112384796142578125">
        <ele>80.1999969482421875</ele>
        <time>2026-07-18T03:12:08.000Z</time>
        <extensions>
          <ns3:TrackPointExtension>
            <ns3:hr>142</ns3:hr>
          </ns3:TrackPointExtension>
        </extensions>
      </trkpt>
      <trkpt lat="36.70210520736873149871826171875" lon="117.241939343512058258056640625">
        <ele>80.40000152587890625</ele>
        <time>2026-07-18T03:12:12.000Z</time>
        <extensions>
          <ns3:TrackPointExtension>
            <ns3:hr>140</ns3:hr>
          </ns3:TrackPointExtension>
        </extensions>
      </trkpt>
      <trkpt lat="36.7021155171096324920654296875" lon="117.24157347343862056732177734375">
        <ele>80</ele>
        <time>2026-07-18T03:12:19.000Z</time>
        <extensions>
          <ns3:TrackPointExtension>
            <ns3:hr>138</ns3:hr>
          </ns3:TrackPointExtension>
        </extensions>
      </trkpt>
      <trkpt lat="36.70211367309093475341796875" lon="117.24155721254646778106689453125">
        <ele>79.59999847412109375</ele>
        <time>2026-07-18T03:12:22.000Z</time>
        <extensions>
          <ns3:TrackPointExtension>
            <ns3:hr>136</ns3:hr>
          </ns3:TrackPointExtension>
        </extensions>
      </trkpt>
      <trkpt lat="36.70211367309093475341796875" lon="117.241555787622928619384765625">
        <ele>80</ele>
        <time>2026-07-18T03:12:30.000Z</time>
        <extensions>
          <ns3:TrackPointExtension>
            <ns3:hr>135</ns3:hr>
          </ns3:TrackPointExtension>
        </extensions>
      </trkpt>
      <trkpt lat="36.70211358927190303802490234375" lon="117.24155704490840435028076171875">
        <ele>79.40000152587890625</ele>
        <time>2026-07-18T03:12:36.000Z</time>
        <extensions>
          <ns3:TrackPointExtension>
            <ns3:hr>136</ns3:hr>
          </ns3:TrackPointExtension>
        </extensions>
      </trkpt>
      <trkpt lat="36.70209816657006740570068359375" lon="117.2415519319474697113037109375">
        <ele>79</ele>
        <time>2026-07-18T03:12:41.000Z</time>
        <extensions>
          <ns3:TrackPointExtension>
            <ns3:hr>138</ns3:hr>
          </ns3:TrackPointExtension>
        </extensions>
      </trkpt>
      <trkpt lat="36.70210168696939945220947265625" lon="117.241630889475345611572265625">
        <ele>79.1999969482421875</ele>
        <time>2026-07-18T03:12:47.000Z</time>
        <extensions>
          <ns3:TrackPointExtension>
            <ns3:hr>137</ns3:hr>
          </ns3:TrackPointExtension>
        </extensions>
      </trkpt>
      <trkpt lat="36.70210386626422405242919921875" lon="117.2418556921184062957763671875">
        <ele>79.59999847412109375</ele>
        <time>2026-07-18T03:12:53.000Z</time>
        <extensions>
          <ns3:TrackPointExtension>
            <ns3:hr>135</ns3:hr>
          </ns3:TrackPointExtension>
        </extensions>
      </trkpt>
      <trkpt lat="36.70211006887257099151611328125" lon="117.24195501767098903656005859375">
        <ele>79.8000030517578125</ele>
        <time>2026-07-18T03:12:55.000Z</time>
        <extensions>
          <ns3:TrackPointExtension>
            <ns3:hr>135</ns3:hr>
          </ns3:TrackPointExtension>
        </extensions>
      </trkpt>
      <trkpt lat="36.70210671611130237579345703125" lon="117.2420652396976947784423828125">
        <ele>80</ele>
        <time>2026-07-18T03:12:57.000Z</time>
        <extensions>
          <ns3:TrackPointExtension>
            <ns3:hr>133</ns3:hr>
          </ns3:TrackPointExtension>
        </extensions>
      </trkpt>
      <trkpt lat="36.70210369862616062164306640625" lon="117.24212248809635639190673828125">
        <ele>80</ele>
        <time>2026-07-18T03:12:58.000Z</time>
        <extensions>
          <ns3:TrackPointExtension>
            <ns3:hr>133</ns3:hr>
          </ns3:TrackPointExtension>
        </extensions>
      </trkpt>
      <trkpt lat="36.70211811549961566925048828125" lon="117.2425205446779727935791015625">
        <ele>81.1999969482421875</ele>
        <time>2026-07-18T03:13:04.000Z</time>
        <extensions>
          <ns3:TrackPointExtension>
            <ns3:hr>134</ns3:hr>
          </ns3:TrackPointExtension>
        </extensions>
      </trkpt>
      <trkpt lat="36.70211928896605968475341796875" lon="117.242591790854930877685546875">
        <ele>81.40000152587890625</ele>
        <time>2026-07-18T03:13:05.000Z</time>
        <extensions>
          <ns3:TrackPointExtension>
            <ns3:hr>134</ns3:hr>
          </ns3:TrackPointExtension>
        </extensions>
      </trkpt>
      <trkpt lat="36.70212063007056713104248046875" lon="117.242872081696987152099609375">
        <ele>81.8000030517578125</ele>
        <time>2026-07-18T03:13:09.000Z</time>
        <extensions>
          <ns3:TrackPointExtension>
            <ns3:hr>138</ns3:hr>
          </ns3:TrackPointExtension>
        </extensions>
      </trkpt>
      <trkpt lat="36.70211501419544219970703125" lon="117.24300912581384181976318359375">
        <ele>81.8000030517578125</ele>
        <time>2026-07-18T03:13:11.000Z</time>
        <extensions>
          <ns3:TrackPointExtension>
            <ns3:hr>139</ns3:hr>
          </ns3:TrackPointExtension>
        </extensions>
      </trkpt>
      <trkpt lat="36.70211493037641048431396484375" lon="117.2433077730238437652587890625">
        <ele>82</ele>
        <time>2026-07-18T03:13:15.000Z</time>
        <extensions>
          <ns3:TrackPointExtension>
            <ns3:hr>142</ns3:hr>
          </ns3:TrackPointExtension>
        </extensions>
      </trkpt>
      <trkpt lat="36.70211727730929851531982421875" lon="117.2433882392942905426025390625">
        <ele>82.1999969482421875</ele>
        <time>2026-07-18T03:13:16.000Z</time>
        <extensions>
          <ns3:TrackPointExtension>
            <ns3:hr>142</ns3:hr>
          </ns3:TrackPointExtension>
        </extensions>
      </trkpt>
      <trkpt lat="36.7021145112812519073486328125" lon="117.24369518458843231201171875">
        <ele>82.8000030517578125</ele>
        <time>2026-07-18T03:13:20.000Z</time>
        <extensions>
          <ns3:TrackPointExtension>
            <ns3:hr>145</ns3:hr>
          </ns3:TrackPointExtension>
        </extensions>
      </trkpt>
      <trkpt lat="36.7021130025386810302734375" lon="117.24416532553732395172119140625">
        <ele>82.59999847412109375</ele>
        <time>2026-07-18T03:13:26.000Z</time>
        <extensions>
          <ns3:TrackPointExtension>
            <ns3:hr>147</ns3:hr>
          </ns3:TrackPointExtension>
        </extensions>
      </trkpt>
      <trkpt lat="36.7021121643483638763427734375" lon="117.244455255568027496337890625">
        <ele>82.8000030517578125</ele>
        <time>2026-07-18T03:13:30.000Z</time>
        <extensions>
          <ns3:TrackPointExtension>
            <ns3:hr>150</ns3:hr>
          </ns3:TrackPointExtension>
        </extensions>
      </trkpt>
      <trkpt lat="36.70211258344352245330810546875" lon="117.24467075429856777191162109375">
        <ele>82.8000030517578125</ele>
        <time>2026-07-18T03:13:33.000Z</time>
        <extensions>
          <ns3:TrackPointExtension>
            <ns3:hr>152</ns3:hr>
          </ns3:TrackPointExtension>
        </extensions>
      </trkpt>
      <trkpt lat="36.7021041177213191986083984375" lon="117.24494283087551593780517578125">
        <ele>83.1999969482421875</ele>
        <time>2026-07-18T03:13:37.000Z</time>
        <extensions>
          <ns3:TrackPointExtension>
            <ns3:hr>152</ns3:hr>
          </ns3:TrackPointExtension>
        </extensions>
      </trkpt>
      <trkpt lat="36.70209892094135284423828125" lon="117.24520820192992687225341796875">
        <ele>83.40000152587890625</ele>
        <time>2026-07-18T03:13:41.000Z</time>
        <extensions>
          <ns3:TrackPointExtension>
            <ns3:hr>153</ns3:hr>
          </ns3:TrackPointExtension>
        </extensions>
      </trkpt>
      <trkpt lat="36.70209866948425769805908203125" lon="117.24561371840536594390869140625">
        <ele>83.59999847412109375</ele>
        <time>2026-07-18T03:13:47.000Z</time>
        <extensions>
          <ns3:TrackPointExtension>
            <ns3:hr>152</ns3:hr>
          </ns3:TrackPointExtension>
        </extensions>
      </trkpt>
      <trkpt lat="36.70210101641714572906494140625" lon="117.246155776083469390869140625">
        <ele>84.1999969482421875</ele>
        <time>2026-07-18T03:13:55.000Z</time>
        <extensions>
          <ns3:TrackPointExtension>
            <ns3:hr>151</ns3:hr>
          </ns3:TrackPointExtension>
        </extensions>
      </trkpt>
      <trkpt lat="36.70210084877908229827880859375" lon="117.24627555347979068756103515625">
        <ele>84.1999969482421875</ele>
        <time>2026-07-18T03:13:57.000Z</time>
        <extensions>
          <ns3:TrackPointExtension>
            <ns3:hr>151</ns3:hr>
          </ns3:TrackPointExtension>
        </extensions>
      </trkpt>
      <trkpt lat="36.7021081410348415374755859375" lon="117.2466551698744297027587890625">
        <ele>84.40000152587890625</ele>
        <time>2026-07-18T03:14:03.000Z</time>
        <extensions>
          <ns3:TrackPointExtension>
            <ns3:hr>152</ns3:hr>
          </ns3:TrackPointExtension>
        </extensions>
      </trkpt>
      <trkpt lat="36.70210738666355609893798828125" lon="117.2467765398323535919189453125">
        <ele>84.59999847412109375</ele>
        <time>2026-07-18T03:14:05.000Z</time>
        <extensions>
          <ns3:TrackPointExtension>
            <ns3:hr>152</ns3:hr>
          </ns3:TrackPointExtension>
        </extensions>
      </trkpt>
      <trkpt lat="36.70211241580545902252197265625" lon="117.24702321924269199371337890625">
        <ele>84.40000152587890625</ele>
        <time>2026-07-18T03:14:09.000Z</time>
        <extensions>
          <ns3:TrackPointExtension>
            <ns3:hr>151</ns3:hr>
          </ns3:TrackPointExtension>
        </extensions>
      </trkpt>
      <trkpt lat="36.7021212168037891387939453125" lon="117.24724768660962581634521484375">
        <ele>83.59999847412109375</ele>
        <time>2026-07-18T03:14:13.000Z</time>
        <extensions>
          <ns3:TrackPointExtension>
            <ns3:hr>150</ns3:hr>
          </ns3:TrackPointExtension>
        </extensions>
      </trkpt>
      <trkpt lat="36.7021322809159755706787109375" lon="117.24736402742564678192138671875">
        <ele>83.1999969482421875</ele>
        <time>2026-07-18T03:14:15.000Z</time>
        <extensions>
          <ns3:TrackPointExtension>
            <ns3:hr>149</ns3:hr>
          </ns3:TrackPointExtension>
        </extensions>
      </trkpt>
      <trkpt lat="36.70213169418275356292724609375" lon="117.24742504768073558807373046875">
        <ele>83.1999969482421875</ele>
        <time>2026-07-18T03:14:16.000Z</time>
        <extensions>
          <ns3:TrackPointExtension>
            <ns3:hr>149</ns3:hr>
          </ns3:TrackPointExtension>
        </extensions>
      </trkpt>
      <trkpt lat="36.70210923068225383758544921875" lon="117.247565276920795440673828125">
        <ele>83.1999969482421875</ele>
        <time>2026-07-18T03:14:18.000Z</time>
        <extensions>
          <ns3:TrackPointExtension>
            <ns3:hr>147</ns3:hr>
          </ns3:TrackPointExtension>
        </extensions>
      </trkpt>
      <trkpt lat="36.70211040414869785308837890625" lon="117.247706763446331024169921875">
        <ele>82.8000030517578125</ele>
        <time>2026-07-18T03:14:20.000Z</time>
        <extensions>
          <ns3:TrackPointExtension>
            <ns3:hr>145</ns3:hr>
          </ns3:TrackPointExtension>
        </extensions>
      </trkpt>
      <trkpt lat="36.70210822485387325286865234375" lon="117.248063497245311737060546875">
        <ele>82.1999969482421875</ele>
        <time>2026-07-18T03:14:25.000Z</time>
        <extensions>
          <ns3:TrackPointExtension>
            <ns3:hr>143</ns3:hr>
          </ns3:TrackPointExtension>
        </extensions>
      </trkpt>
      <trkpt lat="36.70211107470095157623291015625" lon="117.24813432432711124420166015625">
        <ele>82</ele>
        <time>2026-07-18T03:14:26.000Z</time>
        <extensions>
          <ns3:TrackPointExtension>
            <ns3:hr>143</ns3:hr>
          </ns3:TrackPointExtension>
        </extensions>
      </trkpt>
      <trkpt lat="36.70212197117507457733154296875" lon="117.24834286607801914215087890625">
        <ele>81.59999847412109375</ele>
        <time>2026-07-18T03:14:29.000Z</time>
        <extensions>
          <ns3:TrackPointExtension>
            <ns3:hr>140</ns3:hr>
          </ns3:TrackPointExtension>
        </extensions>
      </trkpt>
      <trkpt lat="36.70211526565253734588623046875" lon="117.248539589345455169677734375">
        <ele>81.40000152587890625</ele>
        <time>2026-07-18T03:14:32.000Z</time>
        <extensions>
          <ns3:TrackPointExtension>
            <ns3:hr>140</ns3:hr>
          </ns3:TrackPointExtension>
        </extensions>
      </trkpt>
      <trkpt lat="36.70209732837975025177001953125" lon="117.2486507333815097808837890625">
        <ele>81</ele>
        <time>2026-07-18T03:14:34.000Z</time>
        <extensions>
          <ns3:TrackPointExtension>
            <ns3:hr>140</ns3:hr>
          </ns3:TrackPointExtension>
        </extensions>
      </trkpt>
      <trkpt lat="36.70203748159110546112060546875" lon="117.24870814941823482513427734375">
        <ele>80.59999847412109375</ele>
        <time>2026-07-18T03:14:36.000Z</time>
        <extensions>
          <ns3:TrackPointExtension>
            <ns3:hr>139</ns3:hr>
          </ns3:TrackPointExtension>
        </extensions>
      </trkpt>
      <trkpt lat="36.7018727771937847137451171875" lon="117.24872156046330928802490234375">
        <ele>80.59999847412109375</ele>
        <time>2026-07-18T03:14:40.000Z</time>
        <extensions>
          <ns3:TrackPointExtension>
            <ns3:hr>138</ns3:hr>
          </ns3:TrackPointExtension>
        </extensions>
      </trkpt>
      <trkpt lat="36.70162953436374664306640625" lon="117.2487194649875164031982421875">
        <ele>81</ele>
        <time>2026-07-18T03:14:46.000Z</time>
        <extensions>
          <ns3:TrackPointExtension>
            <ns3:hr>138</ns3:hr>
          </ns3:TrackPointExtension>
        </extensions>
      </trkpt>
      <trkpt lat="36.7013406939804553985595703125" lon="117.2487348876893520355224609375">
        <ele>82</ele>
        <time>2026-07-18T03:14:54.000Z</time>
        <extensions>
          <ns3:TrackPointExtension>
            <ns3:hr>138</ns3:hr>
          </ns3:TrackPointExtension>
        </extensions>
      </trkpt>
      <trkpt lat="36.701264083385467529296875" lon="117.24874067120254039764404296875">
        <ele>82.1999969482421875</ele>
        <time>2026-07-18T03:14:56.000Z</time>
        <extensions>
          <ns3:TrackPointExtension>
            <ns3:hr>138</ns3:hr>
          </ns3:TrackPointExtension>
        </extensions>
      </trkpt>
      <trkpt lat="36.70103416778147220611572265625" lon="117.24877956323325634002685546875">
        <ele>82.8000030517578125</ele>
        <time>2026-07-18T03:15:02.000Z</time>
        <extensions>
          <ns3:TrackPointExtension>
            <ns3:hr>139</ns3:hr>
          </ns3:TrackPointExtension>
        </extensions>
      </trkpt>
      <trkpt lat="36.700760163366794586181640625" lon="117.24886707030236721038818359375">
        <ele>83</ele>
        <time>2026-07-18T03:15:09.000Z</time>
        <extensions>
          <ns3:TrackPointExtension>
            <ns3:hr>140</ns3:hr>
          </ns3:TrackPointExtension>
        </extensions>
      </trkpt>
      <trkpt lat="36.70067877508699893951416015625" lon="117.24889908917248249053955078125">
        <ele>83.1999969482421875</ele>
        <time>2026-07-18T03:15:11.000Z</time>
        <extensions>
          <ns3:TrackPointExtension>
            <ns3:hr>140</ns3:hr>
          </ns3:TrackPointExtension>
        </extensions>
      </trkpt>
      <trkpt lat="36.70053024776279926300048828125" lon="117.249009646475315093994140625">
        <ele>83.59999847412109375</ele>
        <time>2026-07-18T03:15:15.000Z</time>
        <extensions>
          <ns3:TrackPointExtension>
            <ns3:hr>142</ns3:hr>
          </ns3:TrackPointExtension>
        </extensions>
      </trkpt>
      <trkpt lat="36.70029421336948871612548828125" lon="117.2491945512592792510986328125">
        <ele>84</ele>
        <time>2026-07-18T03:15:21.000Z</time>
        <extensions>
          <ns3:TrackPointExtension>
            <ns3:hr>144</ns3:hr>
          </ns3:TrackPointExtension>
        </extensions>
      </trkpt>
      <trkpt lat="36.70003688894212245941162109375" lon="117.2494007460772991180419921875">
        <ele>83.59999847412109375</ele>
        <time>2026-07-18T03:15:27.000Z</time>
        <extensions>
          <ns3:TrackPointExtension>
            <ns3:hr>144</ns3:hr>
          </ns3:TrackPointExtension>
        </extensions>
      </trkpt>
      <trkpt lat="36.69994619674980640411376953125" lon="117.24947710521519184112548828125">
        <ele>83.59999847412109375</ele>
        <time>2026-07-18T03:15:29.000Z</time>
        <extensions>
          <ns3:TrackPointExtension>
            <ns3:hr>145</ns3:hr>
          </ns3:TrackPointExtension>
        </extensions>
      </trkpt>
      <trkpt lat="36.699568592011928558349609375" lon="117.24981489591300487518310546875">
        <ele>83.59999847412109375</ele>
        <time>2026-07-18T03:15:37.000Z</time>
        <extensions>
          <ns3:TrackPointExtension>
            <ns3:hr>147</ns3:hr>
          </ns3:TrackPointExtension>
        </extensions>
      </trkpt>
      <trkpt lat="36.6991476528346538543701171875" lon="117.25017062388360500335693359375">
        <ele>83</ele>
        <time>2026-07-18T03:15:45.000Z</time>
        <extensions>
          <ns3:TrackPointExtension>
            <ns3:hr>149</ns3:hr>
          </ns3:TrackPointExtension>
        </extensions>
      </trkpt>
      <trkpt lat="36.69872579164803028106689453125" lon="117.2505453787744045257568359375">
        <ele>82.59999847412109375</ele>
        <time>2026-07-18T03:15:53.000Z</time>
        <extensions>
          <ns3:TrackPointExtension>
            <ns3:hr>148</ns3:hr>
          </ns3:TrackPointExtension>
        </extensions>
      </trkpt>
      <trkpt lat="36.698482297360897064208984375" lon="117.25076942704617977142333984375">
        <ele>82.40000152587890625</ele>
        <time>2026-07-18T03:15:58.000Z</time>
        <extensions>
          <ns3:TrackPointExtension>
            <ns3:hr>145</ns3:hr>
          </ns3:TrackPointExtension>
        </extensions>
      </trkpt>
      <trkpt lat="36.6984301619231700897216796875" lon="117.2508149407804012298583984375">
        <ele>82</ele>
        <time>2026-07-18T03:15:59.000Z</time>
        <extensions>
          <ns3:TrackPointExtension>
            <ns3:hr>144</ns3:hr>
          </ns3:TrackPointExtension>
        </extensions>
      </trkpt>
      <trkpt lat="36.69802464544773101806640625" lon="117.251085005700588226318359375">
        <ele>82</ele>
        <time>2026-07-18T03:16:06.000Z</time>
        <extensions>
          <ns3:TrackPointExtension>
            <ns3:hr>142</ns3:hr>
          </ns3:TrackPointExtension>
        </extensions>
      </trkpt>
      <trkpt lat="36.69783060438930988311767578125" lon="117.2511559166014194488525390625">
        <ele>82</ele>
        <time>2026-07-18T03:16:09.000Z</time>
        <extensions>
          <ns3:TrackPointExtension>
            <ns3:hr>141</ns3:hr>
          </ns3:TrackPointExtension>
        </extensions>
      </trkpt>
      <trkpt lat="36.6976311989128589630126953125" lon="117.2512038610875606536865234375">
        <ele>81.59999847412109375</ele>
        <time>2026-07-18T03:16:12.000Z</time>
        <extensions>
          <ns3:TrackPointExtension>
            <ns3:hr>142</ns3:hr>
          </ns3:TrackPointExtension>
        </extensions>
      </trkpt>
      <trkpt lat="36.69725392945110797882080078125" lon="117.25125457160174846649169921875">
        <ele>81.40000152587890625</ele>
        <time>2026-07-18T03:16:18.000Z</time>
        <extensions>
          <ns3:TrackPointExtension>
            <ns3:hr>141</ns3:hr>
          </ns3:TrackPointExtension>
        </extensions>
      </trkpt>
      <trkpt lat="36.69704572297632694244384765625" lon="117.25126446224749088287353515625">
        <ele>81.59999847412109375</ele>
        <time>2026-07-18T03:16:22.000Z</time>
        <extensions>
          <ns3:TrackPointExtension>
            <ns3:hr>140</ns3:hr>
          </ns3:TrackPointExtension>
        </extensions>
      </trkpt>
      <trkpt lat="36.6969978623092174530029296875" lon="117.251265384256839752197265625">
        <ele>81.59999847412109375</ele>
        <time>2026-07-18T03:16:23.000Z</time>
        <extensions>
          <ns3:TrackPointExtension>
            <ns3:hr>140</ns3:hr>
          </ns3:TrackPointExtension>
        </extensions>
      </trkpt>
      <trkpt lat="36.6967973671853542327880859375" lon="117.25128022022545337677001953125">
        <ele>81.59999847412109375</ele>
        <time>2026-07-18T03:16:27.000Z</time>
        <extensions>
          <ns3:TrackPointExtension>
            <ns3:hr>140</ns3:hr>
          </ns3:TrackPointExtension>
        </extensions>
      </trkpt>
      <trkpt lat="36.69669829308986663818359375" lon="117.25128709338605403900146484375">
        <ele>82</ele>
        <time>2026-07-18T03:16:29.000Z</time>
        <extensions>
          <ns3:TrackPointExtension>
            <ns3:hr>138</ns3:hr>
          </ns3:TrackPointExtension>
        </extensions>
      </trkpt>
      <trkpt lat="36.69639679603278636932373046875" lon="117.25128860212862491607666015625">
        <ele>82.40000152587890625</ele>
        <time>2026-07-18T03:16:35.000Z</time>
        <extensions>
          <ns3:TrackPointExtension>
            <ns3:hr>138</ns3:hr>
          </ns3:TrackPointExtension>
        </extensions>
      </trkpt>
      <trkpt lat="36.69608113355934619903564453125" lon="117.25130637176334857940673828125">
        <ele>83.1999969482421875</ele>
        <time>2026-07-18T03:16:41.000Z</time>
        <extensions>
          <ns3:TrackPointExtension>
            <ns3:hr>139</ns3:hr>
          </ns3:TrackPointExtension>
        </extensions>
      </trkpt>
      <trkpt lat="36.69596864841878414154052734375" lon="117.25131106562912464141845703125">
        <ele>83.59999847412109375</ele>
        <time>2026-07-18T03:16:43.000Z</time>
        <extensions>
          <ns3:TrackPointExtension>
            <ns3:hr>139</ns3:hr>
          </ns3:TrackPointExtension>
        </extensions>
      </trkpt>
      <trkpt lat="36.69564552605152130126953125" lon="117.25131777115166187286376953125">
        <ele>83.59999847412109375</ele>
        <time>2026-07-18T03:16:49.000Z</time>
        <extensions>
          <ns3:TrackPointExtension>
            <ns3:hr>142</ns3:hr>
          </ns3:TrackPointExtension>
        </extensions>
      </trkpt>
      <trkpt lat="36.69559297151863574981689453125" lon="117.25131860934197902679443359375">
        <ele>83.8000030517578125</ele>
        <time>2026-07-18T03:16:50.000Z</time>
        <extensions>
          <ns3:TrackPointExtension>
            <ns3:hr>142</ns3:hr>
          </ns3:TrackPointExtension>
        </extensions>
      </trkpt>
      <trkpt lat="36.6953898780047893524169921875" lon="117.251316010951995849609375">
        <ele>84</ele>
        <time>2026-07-18T03:16:54.000Z</time>
        <extensions>
          <ns3:TrackPointExtension>
            <ns3:hr>145</ns3:hr>
          </ns3:TrackPointExtension>
        </extensions>
      </trkpt>
      <trkpt lat="36.69520698487758636474609375" lon="117.25130436010658740997314453125">
        <ele>84.1999969482421875</ele>
        <time>2026-07-18T03:16:58.000Z</time>
        <extensions>
          <ns3:TrackPointExtension>
            <ns3:hr>146</ns3:hr>
          </ns3:TrackPointExtension>
        </extensions>
      </trkpt>
      <trkpt lat="36.69516549445688724517822265625" lon="117.2512977384030818939208984375">
        <ele>84.1999969482421875</ele>
        <time>2026-07-18T03:16:59.000Z</time>
        <extensions>
          <ns3:TrackPointExtension>
            <ns3:hr>147</ns3:hr>
          </ns3:TrackPointExtension>
        </extensions>
      </trkpt>
      <trkpt lat="36.69504261575639247894287109375" lon="117.25130620412528514862060546875">
        <ele>84.40000152587890625</ele>
        <time>2026-07-18T03:17:02.000Z</time>
        <extensions>
          <ns3:TrackPointExtension>
            <ns3:hr>147</ns3:hr>
          </ns3:TrackPointExtension>
        </extensions>
      </trkpt>
      <trkpt lat="36.69496332295238971710205078125" lon="117.25131190381944179534912109375">
        <ele>84.59999847412109375</ele>
        <time>2026-07-18T03:17:04.000Z</time>
        <extensions>
          <ns3:TrackPointExtension>
            <ns3:hr>148</ns3:hr>
          </ns3:TrackPointExtension>
        </extensions>
      </trkpt>
      <trkpt lat="36.694736592471599578857421875" lon="117.251323722302913665771484375">
        <ele>84.59999847412109375</ele>
        <time>2026-07-18T03:17:11.000Z</time>
        <extensions>
          <ns3:TrackPointExtension>
            <ns3:hr>148</ns3:hr>
          </ns3:TrackPointExtension>
        </extensions>
      </trkpt>
      <trkpt lat="36.69469602406024932861328125" lon="117.25132715888321399688720703125">
        <ele>84.59999847412109375</ele>
        <time>2026-07-18T03:17:16.000Z</time>
        <extensions>
          <ns3:TrackPointExtension>
            <ns3:hr>145</ns3:hr>
          </ns3:TrackPointExtension>
        </extensions>
      </trkpt>
      <trkpt lat="36.69469795189797878265380859375" lon="117.251315675675868988037109375">
        <ele>84.59999847412109375</ele>
        <time>2026-07-18T03:17:21.000Z</time>
        <extensions>
          <ns3:TrackPointExtension>
            <ns3:hr>142</ns3:hr>
          </ns3:TrackPointExtension>
        </extensions>
      </trkpt>
      <trkpt lat="36.694696359336376190185546875" lon="117.25131643004715442657470703125">
        <ele>84.59999847412109375</ele>
        <time>2026-07-18T03:17:25.000Z</time>
        <extensions>
          <ns3:TrackPointExtension>
            <ns3:hr>140</ns3:hr>
          </ns3:TrackPointExtension>
        </extensions>
      </trkpt>
      <trkpt lat="36.694696359336376190185546875" lon="117.25131643004715442657470703125">
        <ele>84.8000030517578125</ele>
        <time>2026-07-18T03:17:36.000Z</time>
        <extensions>
          <ns3:TrackPointExtension>
            <ns3:hr>138</ns3:hr>
          </ns3:TrackPointExtension>
        </extensions>
      </trkpt>
      <trkpt lat="36.694696359336376190185546875" lon="117.25131643004715442657470703125">
        <ele>85.1999969482421875</ele>
        <time>2026-07-18T03:17:45.000Z</time>
        <extensions>
          <ns3:TrackPointExtension>
            <ns3:hr>140</ns3:hr>
          </ns3:TrackPointExtension>
        </extensions>
      </trkpt>
      <trkpt lat="36.694696359336376190185546875" lon="117.25131643004715442657470703125">
        <ele>85.40000152587890625</ele>
        <time>2026-07-18T03:17:48.000Z</time>
        <extensions>
          <ns3:TrackPointExtension>
            <ns3:hr>137</ns3:hr>
          </ns3:TrackPointExtension>
        </extensions>
      </trkpt>
      <trkpt lat="36.694696359336376190185546875" lon="117.25131643004715442657470703125">
        <ele>85</ele>
        <time>2026-07-18T03:17:51.000Z</time>
        <extensions>
          <ns3:TrackPointExtension>
            <ns3:hr>134</ns3:hr>
          </ns3:TrackPointExtension>
        </extensions>
      </trkpt>
      <trkpt lat="36.694696359336376190185546875" lon="117.25131643004715442657470703125">
        <ele>84.8000030517578125</ele>
        <time>2026-07-18T03:17:53.000Z</time>
        <extensions>
          <ns3:TrackPointExtension>
            <ns3:hr>133</ns3:hr>
          </ns3:TrackPointExtension>
        </extensions>
      </trkpt>
      <trkpt lat="36.694696359336376190185546875" lon="117.25131643004715442657470703125">
        <ele>85</ele>
        <time>2026-07-18T03:17:59.000Z</time>
        <extensions>
          <ns3:TrackPointExtension>
            <ns3:hr>134</ns3:hr>
          </ns3:TrackPointExtension>
        </extensions>
      </trkpt>
      <trkpt lat="36.69465537182986736297607421875" lon="117.25133503787219524383544921875">
        <ele>84.8000030517578125</ele>
        <time>2026-07-18T03:18:04.000Z</time>
        <extensions>
          <ns3:TrackPointExtension>
            <ns3:hr>136</ns3:hr>
          </ns3:TrackPointExtension>
        </extensions>
      </trkpt>
      <trkpt lat="36.69454238377511501312255859375" lon="117.25133537314832210540771484375">
        <ele>85</ele>
        <time>2026-07-18T03:18:10.000Z</time>
        <extensions>
          <ns3:TrackPointExtension>
            <ns3:hr>135</ns3:hr>
          </ns3:TrackPointExtension>
        </extensions>
      </trkpt>
      <trkpt lat="36.69444548897445201873779296875" lon="117.25132950581610202789306640625">
        <ele>85.40000152587890625</ele>
        <time>2026-07-18T03:18:15.000Z</time>
        <extensions>
          <ns3:TrackPointExtension>
            <ns3:hr>132</ns3:hr>
          </ns3:TrackPointExtension>
        </extensions>
      </trkpt>
      <trkpt lat="36.69439838267862796783447265625" lon="117.2513339482247829437255859375">
        <ele>85.59999847412109375</ele>
        <time>2026-07-18T03:18:17.000Z</time>
        <extensions>
          <ns3:TrackPointExtension>
            <ns3:hr>130</ns3:hr>
          </ns3:TrackPointExtension>
        </extensions>
      </trkpt>
      <trkpt lat="36.694206185638904571533203125" lon="117.25134291686117649078369140625">
        <ele>85.59999847412109375</ele>
        <time>2026-07-18T03:18:23.000Z</time>
        <extensions>
          <ns3:TrackPointExtension>
            <ns3:hr>130</ns3:hr>
          </ns3:TrackPointExtension>
        </extensions>
      </trkpt>
      <trkpt lat="36.69400761835277080535888671875" lon="117.25137300789356231689453125">
        <ele>85.8000030517578125</ele>
        <time>2026-07-18T03:18:28.000Z</time>
        <extensions>
          <ns3:TrackPointExtension>
            <ns3:hr>130</ns3:hr>
          </ns3:TrackPointExtension>
        </extensions>
      </trkpt>
      <trkpt lat="36.6939636133611202239990234375" lon="117.2513731755316257476806640625">
        <ele>86</ele>
        <time>2026-07-18T03:18:29.000Z</time>
        <extensions>
          <ns3:TrackPointExtension>
            <ns3:hr>130</ns3:hr>
          </ns3:TrackPointExtension>
        </extensions>
      </trkpt>
      <trkpt lat="36.69386629946529865264892578125" lon="117.2513805516064167022705078125">
        <ele>86.40000152587890625</ele>
        <time>2026-07-18T03:18:31.000Z</time>
        <extensions>
          <ns3:TrackPointExtension>
            <ns3:hr>131</ns3:hr>
          </ns3:TrackPointExtension>
        </extensions>
      </trkpt>
      <trkpt lat="36.69367435388267040252685546875" lon="117.2513842396438121795654296875">
        <ele>86.8000030517578125</ele>
        <time>2026-07-18T03:18:35.000Z</time>
        <extensions>
          <ns3:TrackPointExtension>
            <ns3:hr>132</ns3:hr>
          </ns3:TrackPointExtension>
        </extensions>
      </trkpt>
      <trkpt lat="36.69335148297250270843505859375" lon="117.251394800841808319091796875">
        <ele>87.40000152587890625</ele>
        <time>2026-07-18T03:18:42.000Z</time>
        <extensions>
          <ns3:TrackPointExtension>
            <ns3:hr>134</ns3:hr>
          </ns3:TrackPointExtension>
        </extensions>
      </trkpt>
      <trkpt lat="36.6933099925518035888671875" lon="117.25140159018337726593017578125">
        <ele>87.40000152587890625</ele>
        <time>2026-07-18T03:18:43.000Z</time>
        <extensions>
          <ns3:TrackPointExtension>
            <ns3:hr>134</ns3:hr>
          </ns3:TrackPointExtension>
        </extensions>
      </trkpt>
      <trkpt lat="36.69317915104329586029052734375" lon="117.2514278255403041839599609375">
        <ele>87.8000030517578125</ele>
        <time>2026-07-18T03:18:46.000Z</time>
        <extensions>
          <ns3:TrackPointExtension>
            <ns3:hr>135</ns3:hr>
          </ns3:TrackPointExtension>
        </extensions>
      </trkpt>
      <trkpt lat="36.69308938086032867431640625" lon="117.25144601427018642425537109375">
        <ele>88</ele>
        <time>2026-07-18T03:18:48.000Z</time>
        <extensions>
          <ns3:TrackPointExtension>
            <ns3:hr>136</ns3:hr>
          </ns3:TrackPointExtension>
        </extensions>
      </trkpt>
      <trkpt lat="36.6929547674953937530517578125" lon="117.25144081749022006988525390625">
        <ele>88.1999969482421875</ele>
        <time>2026-07-18T03:18:51.000Z</time>
        <extensions>
          <ns3:TrackPointExtension>
            <ns3:hr>139</ns3:hr>
          </ns3:TrackPointExtension>
        </extensions>
      </trkpt>
      <trkpt lat="36.69291009195148944854736328125" lon="117.251444421708583831787109375">
        <ele>88.40000152587890625</ele>
        <time>2026-07-18T03:18:52.000Z</time>
        <extensions>
          <ns3:TrackPointExtension>
            <ns3:hr>139</ns3:hr>
          </ns3:TrackPointExtension>
        </extensions>
      </trkpt>
      <trkpt lat="36.69281755574047565460205078125" lon="117.25145121105015277862548828125">
        <ele>88.59999847412109375</ele>
        <time>2026-07-18T03:18:54.000Z</time>
        <extensions>
          <ns3:TrackPointExtension>
            <ns3:hr>140</ns3:hr>
          </ns3:TrackPointExtension>
        </extensions>
      </trkpt>
      <trkpt lat="36.69246870093047618865966796875" lon="117.25146529264748096466064453125">
        <ele>89.8000030517578125</ele>
        <time>2026-07-18T03:19:01.000Z</time>
        <extensions>
          <ns3:TrackPointExtension>
            <ns3:hr>141</ns3:hr>
          </ns3:TrackPointExtension>
        </extensions>
      </trkpt>
      <trkpt lat="36.69241924770176410675048828125" lon="117.2514673881232738494873046875">
        <ele>90</ele>
        <time>2026-07-18T03:19:02.000Z</time>
        <extensions>
          <ns3:TrackPointExtension>
            <ns3:hr>140</ns3:hr>
          </ns3:TrackPointExtension>
        </extensions>
      </trkpt>
      <trkpt lat="36.692049019038677215576171875" lon="117.25147400982677936553955078125">
        <ele>90.59999847412109375</ele>
        <time>2026-07-18T03:19:10.000Z</time>
        <extensions>
          <ns3:TrackPointExtension>
            <ns3:hr>142</ns3:hr>
          </ns3:TrackPointExtension>
        </extensions>
      </trkpt>
      <trkpt lat="36.691959165036678314208984375" lon="117.251478619873523712158203125">
        <ele>90.8000030517578125</ele>
        <time>2026-07-18T03:19:12.000Z</time>
        <extensions>
          <ns3:TrackPointExtension>
            <ns3:hr>143</ns3:hr>
          </ns3:TrackPointExtension>
        </extensions>
      </trkpt>
      <trkpt lat="36.69177484698593616485595703125" lon="117.2514925338327884674072265625">
        <ele>91.40000152587890625</ele>
        <time>2026-07-18T03:19:16.000Z</time>
        <extensions>
          <ns3:TrackPointExtension>
            <ns3:hr>143</ns3:hr>
          </ns3:TrackPointExtension>
        </extensions>
      </trkpt>
      <trkpt lat="36.6916880942881107330322265625" lon="117.2514895163476467132568359375">
        <ele>91.59999847412109375</ele>
        <time>2026-07-18T03:19:18.000Z</time>
        <extensions>
          <ns3:TrackPointExtension>
            <ns3:hr>144</ns3:hr>
          </ns3:TrackPointExtension>
        </extensions>
      </trkpt>
      <trkpt lat="36.69160050339996814727783203125" lon="117.251496054232120513916015625">
        <ele>92</ele>
        <time>2026-07-18T03:19:20.000Z</time>
        <extensions>
          <ns3:TrackPointExtension>
            <ns3:hr>144</ns3:hr>
          </ns3:TrackPointExtension>
        </extensions>
      </trkpt>
      <trkpt lat="36.6913873516023159027099609375" lon="117.25151457823812961578369140625">
        <ele>91.59999847412109375</ele>
        <time>2026-07-18T03:19:25.000Z</time>
        <extensions>
          <ns3:TrackPointExtension>
            <ns3:hr>144</ns3:hr>
          </ns3:TrackPointExtension>
        </extensions>
      </trkpt>
      <trkpt lat="36.69104008935391902923583984375" lon="117.251522541046142578125">
        <ele>92.59999847412109375</ele>
        <time>2026-07-18T03:19:33.000Z</time>
        <extensions>
          <ns3:TrackPointExtension>
            <ns3:hr>146</ns3:hr>
          </ns3:TrackPointExtension>
        </extensions>
      </trkpt>
      <trkpt lat="36.69095970690250396728515625" lon="117.2515210323035717010498046875">
        <ele>93</ele>
        <time>2026-07-18T03:19:35.000Z</time>
        <extensions>
          <ns3:TrackPointExtension>
            <ns3:hr>147</ns3:hr>
          </ns3:TrackPointExtension>
        </extensions>
      </trkpt>
      <trkpt lat="36.6907255165278911590576171875" lon="117.2515292465686798095703125">
        <ele>93.40000152587890625</ele>
        <time>2026-07-18T03:19:41.000Z</time>
        <extensions>
          <ns3:TrackPointExtension>
            <ns3:hr>148</ns3:hr>
          </ns3:TrackPointExtension>
        </extensions>
      </trkpt>
      <trkpt lat="36.690452434122562408447265625" lon="117.2515565715730190277099609375">
        <ele>94</ele>
        <time>2026-07-18T03:19:48.000Z</time>
        <extensions>
          <ns3:TrackPointExtension>
            <ns3:hr>149</ns3:hr>
          </ns3:TrackPointExtension>
        </extensions>
      </trkpt>
      <trkpt lat="36.69041966088116168975830078125" lon="117.2515622712671756744384765625">
        <ele>94</ele>
        <time>2026-07-18T03:19:49.000Z</time>
        <extensions>
          <ns3:TrackPointExtension>
            <ns3:hr>149</ns3:hr>
          </ns3:TrackPointExtension>
        </extensions>
      </trkpt>
      <trkpt lat="36.6901637613773345947265625" lon="117.25157962180674076080322265625">
        <ele>94</ele>
        <time>2026-07-18T03:19:56.000Z</time>
        <extensions>
          <ns3:TrackPointExtension>
            <ns3:hr>148</ns3:hr>
          </ns3:TrackPointExtension>
        </extensions>
      </trkpt>
      <trkpt lat="36.68993837200105190277099609375" lon="117.251579202711582183837890625">
        <ele>94.40000152587890625</ele>
        <time>2026-07-18T03:20:02.000Z</time>
        <extensions>
          <ns3:TrackPointExtension>
            <ns3:hr>148</ns3:hr>
          </ns3:TrackPointExtension>
        </extensions>
      </trkpt>
      <trkpt lat="36.68979252688586711883544921875" lon="117.25158683024346828460693359375">
        <ele>95</ele>
        <time>2026-07-18T03:20:06.000Z</time>
        <extensions>
          <ns3:TrackPointExtension>
            <ns3:hr>148</ns3:hr>
          </ns3:TrackPointExtension>
        </extensions>
      </trkpt>
      <trkpt lat="36.6897206939756870269775390625" lon="117.25158532150089740753173828125">
        <ele>95.1999969482421875</ele>
        <time>2026-07-18T03:20:08.000Z</time>
        <extensions>
          <ns3:TrackPointExtension>
            <ns3:hr>148</ns3:hr>
          </ns3:TrackPointExtension>
        </extensions>
      </trkpt>
      <trkpt lat="36.6894534789025783538818359375" lon="117.2515941224992275238037109375">
        <ele>95.8000030517578125</ele>
        <time>2026-07-18T03:20:15.000Z</time>
        <extensions>
          <ns3:TrackPointExtension>
            <ns3:hr>147</ns3:hr>
          </ns3:TrackPointExtension>
        </extensions>
      </trkpt>
      <trkpt lat="36.68929866515100002288818359375" lon="117.2515991516411304473876953125">
        <ele>96</ele>
        <time>2026-07-18T03:20:19.000Z</time>
        <extensions>
          <ns3:TrackPointExtension>
            <ns3:hr>146</ns3:hr>
          </ns3:TrackPointExtension>
        </extensions>
      </trkpt>
      <trkpt lat="36.6892231442034244537353515625" lon="117.25160677917301654815673828125">
        <ele>96.1999969482421875</ele>
        <time>2026-07-18T03:20:21.000Z</time>
        <extensions>
          <ns3:TrackPointExtension>
            <ns3:hr>146</ns3:hr>
          </ns3:TrackPointExtension>
        </extensions>
      </trkpt>
      <trkpt lat="36.68901787139475345611572265625" lon="117.2516216151416301727294921875">
        <ele>96.8000030517578125</ele>
        <time>2026-07-18T03:20:28.000Z</time>
        <extensions>
          <ns3:TrackPointExtension>
            <ns3:hr>146</ns3:hr>
          </ns3:TrackPointExtension>
        </extensions>
      </trkpt>
      <trkpt lat="36.68888367712497711181640625" lon="117.2516397200524806976318359375">
        <ele>96.8000030517578125</ele>
        <time>2026-07-18T03:20:34.000Z</time>
        <extensions>
          <ns3:TrackPointExtension>
            <ns3:hr>145</ns3:hr>
          </ns3:TrackPointExtension>
        </extensions>
      </trkpt>
      <trkpt lat="36.6887716948986053466796875" lon="117.25166427902877330780029296875">
        <ele>97.1999969482421875</ele>
        <time>2026-07-18T03:20:38.000Z</time>
        <extensions>
          <ns3:TrackPointExtension>
            <ns3:hr>142</ns3:hr>
          </ns3:TrackPointExtension>
        </extensions>
      </trkpt>
      <trkpt lat="36.68868460692465305328369140625" lon="117.25169512443244457244873046875">
        <ele>97.59999847412109375</ele>
        <time>2026-07-18T03:20:41.000Z</time>
        <extensions>
          <ns3:TrackPointExtension>
            <ns3:hr>141</ns3:hr>
          </ns3:TrackPointExtension>
        </extensions>
      </trkpt>
      <trkpt lat="36.68846852146089076995849609375" lon="117.25180224515497684478759765625">
        <ele>97.8000030517578125</ele>
        <time>2026-07-18T03:20:48.000Z</time>
        <extensions>
          <ns3:TrackPointExtension>
            <ns3:hr>142</ns3:hr>
          </ns3:TrackPointExtension>
        </extensions>
      </trkpt>
      <trkpt lat="36.68825067579746246337890625" lon="117.251916825771331787109375">
        <ele>98</ele>
        <time>2026-07-18T03:20:55.000Z</time>
        <extensions>
          <ns3:TrackPointExtension>
            <ns3:hr>142</ns3:hr>
          </ns3:TrackPointExtension>
        </extensions>
      </trkpt>
      <trkpt lat="36.6881549544632434844970703125" lon="117.25197021849453449249267578125">
        <ele>98.1999969482421875</ele>
        <time>2026-07-18T03:20:58.000Z</time>
        <extensions>
          <ns3:TrackPointExtension>
            <ns3:hr>142</ns3:hr>
          </ns3:TrackPointExtension>
        </extensions>
      </trkpt>
      <trkpt lat="36.6879993863403797149658203125" lon="117.25205336697399616241455078125">
        <ele>98.8000030517578125</ele>
        <time>2026-07-18T03:21:03.000Z</time>
        <extensions>
          <ns3:TrackPointExtension>
            <ns3:hr>142</ns3:hr>
          </ns3:TrackPointExtension>
        </extensions>
      </trkpt>
      <trkpt lat="36.6877626813948154449462890625" lon="117.252189405262470245361328125">
        <ele>99.59999847412109375</ele>
        <time>2026-07-18T03:21:10.000Z</time>
        <extensions>
          <ns3:TrackPointExtension>
            <ns3:hr>142</ns3:hr>
          </ns3:TrackPointExtension>
        </extensions>
      </trkpt>
      <trkpt lat="36.68769151903688907623291015625" lon="117.2522274591028690338134765625">
        <ele>100</ele>
        <time>2026-07-18T03:21:12.000Z</time>
        <extensions>
          <ns3:TrackPointExtension>
            <ns3:hr>142</ns3:hr>
          </ns3:TrackPointExtension>
        </extensions>
      </trkpt>
      <trkpt lat="36.6876242123544216156005859375" lon="117.25226526148617267608642578125">
        <ele>100.59999847412109375</ele>
        <time>2026-07-18T03:21:14.000Z</time>
        <extensions>
          <ns3:TrackPointExtension>
            <ns3:hr>143</ns3:hr>
          </ns3:TrackPointExtension>
        </extensions>
      </trkpt>
      <trkpt lat="36.687448360025882720947265625" lon="117.2523655928671360015869140625">
        <ele>100.40000152587890625</ele>
        <time>2026-07-18T03:21:19.000Z</time>
        <extensions>
          <ns3:TrackPointExtension>
            <ns3:hr>145</ns3:hr>
          </ns3:TrackPointExtension>
        </extensions>
      </trkpt>
      <trkpt lat="36.68719631619751453399658203125" lon="117.25248654372990131378173828125">
        <ele>100.59999847412109375</ele>
        <time>2026-07-18T03:21:26.000Z</time>
        <extensions>
          <ns3:TrackPointExtension>
            <ns3:hr>146</ns3:hr>
          </ns3:TrackPointExtension>
        </extensions>
      </trkpt>
      <trkpt lat="36.68700889684259891510009765625" lon="117.25257086567580699920654296875">
        <ele>100.8000030517578125</ele>
        <time>2026-07-18T03:21:31.000Z</time>
        <extensions>
          <ns3:TrackPointExtension>
            <ns3:hr>148</ns3:hr>
          </ns3:TrackPointExtension>
        </extensions>
      </trkpt>
      <trkpt lat="36.68696698732674121856689453125" lon="117.25258192978799343109130859375">
        <ele>100.59999847412109375</ele>
        <time>2026-07-18T03:21:32.000Z</time>
        <extensions>
          <ns3:TrackPointExtension>
            <ns3:hr>148</ns3:hr>
          </ns3:TrackPointExtension>
        </extensions>
      </trkpt>
      <trkpt lat="36.68681443668901920318603515625" lon="117.25264144130051136016845703125">
        <ele>100.59999847412109375</ele>
        <time>2026-07-18T03:21:36.000Z</time>
        <extensions>
          <ns3:TrackPointExtension>
            <ns3:hr>148</ns3:hr>
          </ns3:TrackPointExtension>
        </extensions>
      </trkpt>
      <trkpt lat="36.68659382499754428863525390625" lon="117.252711094915866851806640625">
        <ele>101</ele>
        <time>2026-07-18T03:21:42.000Z</time>
        <extensions>
          <ns3:TrackPointExtension>
            <ns3:hr>147</ns3:hr>
          </ns3:TrackPointExtension>
        </extensions>
      </trkpt>
      <trkpt lat="36.686460636556148529052734375" lon="117.25277446210384368896484375">
        <ele>101.1999969482421875</ele>
        <time>2026-07-18T03:21:46.000Z</time>
        <extensions>
          <ns3:TrackPointExtension>
            <ns3:hr>144</ns3:hr>
          </ns3:TrackPointExtension>
        </extensions>
      </trkpt>
      <trkpt lat="36.686430461704730987548828125" lon="117.252802960574626922607421875">
        <ele>101.8000030517578125</ele>
        <time>2026-07-18T03:21:47.000Z</time>
        <extensions>
          <ns3:TrackPointExtension>
            <ns3:hr>143</ns3:hr>
          </ns3:TrackPointExtension>
        </extensions>
      </trkpt>
      <trkpt lat="36.68640196323394775390625" lon="117.25283774547278881072998046875">
        <ele>102.1999969482421875</ele>
        <time>2026-07-18T03:21:48.000Z</time>
        <extensions>
          <ns3:TrackPointExtension>
            <ns3:hr>143</ns3:hr>
          </ns3:TrackPointExtension>
        </extensions>
      </trkpt>
      <trkpt lat="36.68631437234580516815185546875" lon="117.252957187592983245849609375">
        <ele>102.8000030517578125</ele>
        <time>2026-07-18T03:21:51.000Z</time>
        <extensions>
          <ns3:TrackPointExtension>
            <ns3:hr>141</ns3:hr>
          </ns3:TrackPointExtension>
        </extensions>
      </trkpt>
      <trkpt lat="36.68628369458019733428955078125" lon="117.253002114593982696533203125">
        <ele>102.8000030517578125</ele>
        <time>2026-07-18T03:21:52.000Z</time>
        <extensions>
          <ns3:TrackPointExtension>
            <ns3:hr>141</ns3:hr>
          </ns3:TrackPointExtension>
        </extensions>
      </trkpt>
      <trkpt lat="36.68626475147902965545654296875" lon="117.25305475294589996337890625">
        <ele>102.40000152587890625</ele>
        <time>2026-07-18T03:21:53.000Z</time>
        <extensions>
          <ns3:TrackPointExtension>
            <ns3:hr>140</ns3:hr>
          </ns3:TrackPointExtension>
        </extensions>
      </trkpt>
      <trkpt lat="36.68625201098620891571044921875" lon="117.2531085647642612457275390625">
        <ele>102</ele>
        <time>2026-07-18T03:21:54.000Z</time>
        <extensions>
          <ns3:TrackPointExtension>
            <ns3:hr>140</ns3:hr>
          </ns3:TrackPointExtension>
        </extensions>
      </trkpt>
      <trkpt lat="36.68624346144497394561767578125" lon="117.2531653940677642822265625">
        <ele>101.8000030517578125</ele>
        <time>2026-07-18T03:21:55.000Z</time>
        <extensions>
          <ns3:TrackPointExtension>
            <ns3:hr>140</ns3:hr>
          </ns3:TrackPointExtension>
        </extensions>
      </trkpt>
      <trkpt lat="36.686243712902069091796875" lon="117.25322549231350421905517578125">
        <ele>101.40000152587890625</ele>
        <time>2026-07-18T03:21:56.000Z</time>
        <extensions>
          <ns3:TrackPointExtension>
            <ns3:hr>140</ns3:hr>
          </ns3:TrackPointExtension>
        </extensions>
      </trkpt>
      <trkpt lat="36.6862479038536548614501953125" lon="117.25328416563570499420166015625">
        <ele>100.8000030517578125</ele>
        <time>2026-07-18T03:21:57.000Z</time>
        <extensions>
          <ns3:TrackPointExtension>
            <ns3:hr>140</ns3:hr>
          </ns3:TrackPointExtension>
        </extensions>
      </trkpt>
      <trkpt lat="36.6862475685775279998779296875" lon="117.2533469460904598236083984375">
        <ele>100.59999847412109375</ele>
        <time>2026-07-18T03:21:58.000Z</time>
        <extensions>
          <ns3:TrackPointExtension>
            <ns3:hr>140</ns3:hr>
          </ns3:TrackPointExtension>
        </extensions>
      </trkpt>
      <trkpt lat="36.686255447566509246826171875" lon="117.2536838985979557037353515625">
        <ele>99.40000152587890625</ele>
        <time>2026-07-18T03:22:03.000Z</time>
        <extensions>
          <ns3:TrackPointExtension>
            <ns3:hr>139</ns3:hr>
          </ns3:TrackPointExtension>
        </extensions>
      </trkpt>
      <trkpt lat="36.6862660087645053863525390625" lon="117.25413828156888484954833984375">
        <ele>98.59999847412109375</ele>
        <time>2026-07-18T03:22:09.000Z</time>
        <extensions>
          <ns3:TrackPointExtension>
            <ns3:hr>137</ns3:hr>
          </ns3:TrackPointExtension>
        </extensions>
      </trkpt>
      <trkpt lat="36.6862643323838710784912109375" lon="117.2543866373598575592041015625">
        <ele>98.1999969482421875</ele>
        <time>2026-07-18T03:22:12.000Z</time>
        <extensions>
          <ns3:TrackPointExtension>
            <ns3:hr>137</ns3:hr>
          </ns3:TrackPointExtension>
        </extensions>
      </trkpt>
      <trkpt lat="36.6862653382122516632080078125" lon="117.2546387650072574615478515625">
        <ele>97.59999847412109375</ele>
        <time>2026-07-18T03:22:15.000Z</time>
        <extensions>
          <ns3:TrackPointExtension>
            <ns3:hr>136</ns3:hr>
          </ns3:TrackPointExtension>
        </extensions>
      </trkpt>
      <trkpt lat="36.68626642785966396331787109375" lon="117.25497513078153133392333984375">
        <ele>97</ele>
        <time>2026-07-18T03:22:19.000Z</time>
        <extensions>
          <ns3:TrackPointExtension>
            <ns3:hr>134</ns3:hr>
          </ns3:TrackPointExtension>
        </extensions>
      </trkpt>
      <trkpt lat="36.68626659549772739410400390625" lon="117.25522960536181926727294921875">
        <ele>96.1999969482421875</ele>
        <time>2026-07-18T03:22:22.000Z</time>
        <extensions>
          <ns3:TrackPointExtension>
            <ns3:hr>134</ns3:hr>
          </ns3:TrackPointExtension>
        </extensions>
      </trkpt>
      <trkpt lat="36.6862707026302814483642578125" lon="117.2553996741771697998046875">
        <ele>96</ele>
        <time>2026-07-18T03:22:24.000Z</time>
        <extensions>
          <ns3:TrackPointExtension>
            <ns3:hr>133</ns3:hr>
          </ns3:TrackPointExtension>
        </extensions>
      </trkpt>
      <trkpt lat="36.68626994825899600982666015625" lon="117.25581935606896877288818359375">
        <ele>95</ele>
        <time>2026-07-18T03:22:29.000Z</time>
        <extensions>
          <ns3:TrackPointExtension>
            <ns3:hr>130</ns3:hr>
          </ns3:TrackPointExtension>
        </extensions>
      </trkpt>
      <trkpt lat="36.68626726604998111724853515625" lon="117.25590351037681102752685546875">
        <ele>94.8000030517578125</ele>
        <time>2026-07-18T03:22:30.000Z</time>
        <extensions>
          <ns3:TrackPointExtension>
            <ns3:hr>130</ns3:hr>
          </ns3:TrackPointExtension>
        </extensions>
      </trkpt>
      <trkpt lat="36.686248071491718292236328125" lon="117.25615597330033779144287109375">
        <ele>93.59999847412109375</ele>
        <time>2026-07-18T03:22:33.000Z</time>
        <extensions>
          <ns3:TrackPointExtension>
            <ns3:hr>130</ns3:hr>
          </ns3:TrackPointExtension>
        </extensions>
      </trkpt>
      <trkpt lat="36.686231978237628936767578125" lon="117.2563241980969905853271484375">
        <ele>93</ele>
        <time>2026-07-18T03:22:35.000Z</time>
        <extensions>
          <ns3:TrackPointExtension>
            <ns3:hr>130</ns3:hr>
          </ns3:TrackPointExtension>
        </extensions>
      </trkpt>
      <trkpt lat="36.68623021803796291351318359375" lon="117.2564982064068317413330078125">
        <ele>92.40000152587890625</ele>
        <time>2026-07-18T03:22:37.000Z</time>
        <extensions>
          <ns3:TrackPointExtension>
            <ns3:hr>129</ns3:hr>
          </ns3:TrackPointExtension>
        </extensions>
      </trkpt>
      <trkpt lat="36.68622753582894802093505859375" lon="117.25674211978912353515625">
        <ele>91</ele>
        <time>2026-07-18T03:22:40.000Z</time>
        <extensions>
          <ns3:TrackPointExtension>
            <ns3:hr>128</ns3:hr>
          </ns3:TrackPointExtension>
        </extensions>
      </trkpt>
      <trkpt lat="36.68621890246868133544921875" lon="117.2569253481924533843994140625">
        <ele>89.8000030517578125</ele>
        <time>2026-07-18T03:22:43.000Z</time>
        <extensions>
          <ns3:TrackPointExtension>
            <ns3:hr>126</ns3:hr>
          </ns3:TrackPointExtension>
        </extensions>
      </trkpt>
      <trkpt lat="36.686218567192554473876953125" lon="117.2569776512682437896728515625">
        <ele>89.59999847412109375</ele>
        <time>2026-07-18T03:22:44.000Z</time>
        <extensions>
          <ns3:TrackPointExtension>
            <ns3:hr>126</ns3:hr>
          </ns3:TrackPointExtension>
        </extensions>
      </trkpt>
      <trkpt lat="36.68622116558253765106201171875" lon="117.257064320147037506103515625">
        <ele>88.8000030517578125</ele>
        <time>2026-07-18T03:22:47.000Z</time>
        <extensions>
          <ns3:TrackPointExtension>
            <ns3:hr>126</ns3:hr>
          </ns3:TrackPointExtension>
        </extensions>
      </trkpt>
      <trkpt lat="36.6862204112112522125244140625" lon="117.25708452053368091583251953125">
        <ele>88.59999847412109375</ele>
        <time>2026-07-18T03:22:48.000Z</time>
        <extensions>
          <ns3:TrackPointExtension>
            <ns3:hr>126</ns3:hr>
          </ns3:TrackPointExtension>
        </extensions>
      </trkpt>
      <trkpt lat="36.68621161021292209625244140625" lon="117.25711352191865444183349609375">
        <ele>88.40000152587890625</ele>
        <time>2026-07-18T03:22:53.000Z</time>
        <extensions>
          <ns3:TrackPointExtension>
            <ns3:hr>126</ns3:hr>
          </ns3:TrackPointExtension>
        </extensions>
      </trkpt>
      <trkpt lat="36.68621161021292209625244140625" lon="117.25711352191865444183349609375">
        <ele>89</ele>
        <time>2026-07-18T03:23:02.000Z</time>
        <extensions>
          <ns3:TrackPointExtension>
            <ns3:hr>126</ns3:hr>
          </ns3:TrackPointExtension>
        </extensions>
      </trkpt>
      <trkpt lat="36.68621161021292209625244140625" lon="117.25711352191865444183349609375">
        <ele>88.59999847412109375</ele>
        <time>2026-07-18T03:23:10.000Z</time>
        <extensions>
          <ns3:TrackPointExtension>
            <ns3:hr>128</ns3:hr>
          </ns3:TrackPointExtension>
        </extensions>
      </trkpt>
      <trkpt lat="36.68621161021292209625244140625" lon="117.25711352191865444183349609375">
        <ele>88.8000030517578125</ele>
        <time>2026-07-18T03:23:15.000Z</time>
        <extensions>
          <ns3:TrackPointExtension>
            <ns3:hr>127</ns3:hr>
          </ns3:TrackPointExtension>
        </extensions>
      </trkpt>
      <trkpt lat="36.68621161021292209625244140625" lon="117.25711352191865444183349609375">
        <ele>88.8000030517578125</ele>
        <time>2026-07-18T03:23:22.000Z</time>
        <extensions>
          <ns3:TrackPointExtension>
            <ns3:hr>124</ns3:hr>
          </ns3:TrackPointExtension>
        </extensions>
      </trkpt>
      <trkpt lat="36.68621161021292209625244140625" lon="117.25711352191865444183349609375">
        <ele>89</ele>
        <time>2026-07-18T03:23:26.000Z</time>
        <extensions>
          <ns3:TrackPointExtension>
            <ns3:hr>124</ns3:hr>
          </ns3:TrackPointExtension>
        </extensions>
      </trkpt>
      <trkpt lat="36.6862214170396327972412109375" lon="117.2571194730699062347412109375">
        <ele>88.1999969482421875</ele>
        <time>2026-07-18T03:23:32.000Z</time>
        <extensions>
          <ns3:TrackPointExtension>
            <ns3:hr>124</ns3:hr>
          </ns3:TrackPointExtension>
        </extensions>
      </trkpt>
      <trkpt lat="36.6862284578382968902587890625" lon="117.25714101456105709075927734375">
        <ele>88.1999969482421875</ele>
        <time>2026-07-18T03:23:34.000Z</time>
        <extensions>
          <ns3:TrackPointExtension>
            <ns3:hr>125</ns3:hr>
          </ns3:TrackPointExtension>
        </extensions>
      </trkpt>
      <trkpt lat="36.68622560799121856689453125" lon="117.25719365291297435760498046875">
        <ele>88.40000152587890625</ele>
        <time>2026-07-18T03:23:36.000Z</time>
        <extensions>
          <ns3:TrackPointExtension>
            <ns3:hr>126</ns3:hr>
          </ns3:TrackPointExtension>
        </extensions>
      </trkpt>
      <trkpt lat="36.6862324811518192291259765625" lon="117.25732474587857723236083984375">
        <ele>88.59999847412109375</ele>
        <time>2026-07-18T03:23:41.000Z</time>
        <extensions>
          <ns3:TrackPointExtension>
            <ns3:hr>122</ns3:hr>
          </ns3:TrackPointExtension>
        </extensions>
      </trkpt>
      <trkpt lat="36.68623088859021663665771484375" lon="117.2573907114565372467041015625">
        <ele>88.8000030517578125</ele>
        <time>2026-07-18T03:23:43.000Z</time>
        <extensions>
          <ns3:TrackPointExtension>
            <ns3:hr>120</ns3:hr>
          </ns3:TrackPointExtension>
        </extensions>
      </trkpt>
      <trkpt lat="36.68621999211609363555908203125" lon="117.25762381218373775482177734375">
        <ele>89.40000152587890625</ele>
        <time>2026-07-18T03:23:48.000Z</time>
        <extensions>
          <ns3:TrackPointExtension>
            <ns3:hr>120</ns3:hr>
          </ns3:TrackPointExtension>
        </extensions>
      </trkpt>
      <trkpt lat="36.68622803874313831329345703125" lon="117.2580069489777088165283203125">
        <ele>89.59999847412109375</ele>
        <time>2026-07-18T03:23:54.000Z</time>
        <extensions>
          <ns3:TrackPointExtension>
            <ns3:hr>123</ns3:hr>
          </ns3:TrackPointExtension>
        </extensions>
      </trkpt>
      <trkpt lat="36.686229966580867767333984375" lon="117.2581564821302890777587890625">
        <ele>89.8000030517578125</ele>
        <time>2026-07-18T03:23:56.000Z</time>
        <extensions>
          <ns3:TrackPointExtension>
            <ns3:hr>126</ns3:hr>
          </ns3:TrackPointExtension>
        </extensions>
      </trkpt>
      <trkpt lat="36.68622820638120174407958984375" lon="117.2583983838558197021484375">
        <ele>89.8000030517578125</ele>
        <time>2026-07-18T03:23:59.000Z</time>
        <extensions>
          <ns3:TrackPointExtension>
            <ns3:hr>129</ns3:hr>
          </ns3:TrackPointExtension>
        </extensions>
      </trkpt>
      <trkpt lat="36.686229966580867767333984375" lon="117.2585625015199184417724609375">
        <ele>89.59999847412109375</ele>
        <time>2026-07-18T03:24:01.000Z</time>
        <extensions>
          <ns3:TrackPointExtension>
            <ns3:hr>131</ns3:hr>
          </ns3:TrackPointExtension>
        </extensions>
      </trkpt>
      <trkpt lat="36.68625955469906330108642578125" lon="117.2589658387005329132080078125">
        <ele>89.59999847412109375</ele>
        <time>2026-07-18T03:24:06.000Z</time>
        <extensions>
          <ns3:TrackPointExtension>
            <ns3:hr>134</ns3:hr>
          </ns3:TrackPointExtension>
        </extensions>
      </trkpt>
      <trkpt lat="36.68626022525131702423095703125" lon="117.2590452991425991058349609375">
        <ele>89.59999847412109375</ele>
        <time>2026-07-18T03:24:07.000Z</time>
        <extensions>
          <ns3:TrackPointExtension>
            <ns3:hr>134</ns3:hr>
          </ns3:TrackPointExtension>
        </extensions>
      </trkpt>
      <trkpt lat="36.6862596385180950164794921875" lon="117.2593604587018489837646484375">
        <ele>89.59999847412109375</ele>
        <time>2026-07-18T03:24:11.000Z</time>
        <extensions>
          <ns3:TrackPointExtension>
            <ns3:hr>137</ns3:hr>
          </ns3:TrackPointExtension>
        </extensions>
      </trkpt>
      <trkpt lat="36.68625838123261928558349609375" lon="117.25959506817162036895751953125">
        <ele>89.8000030517578125</ele>
        <time>2026-07-18T03:24:14.000Z</time>
        <extensions>
          <ns3:TrackPointExtension>
            <ns3:hr>139</ns3:hr>
          </ns3:TrackPointExtension>
        </extensions>
      </trkpt>
      <trkpt lat="36.6862606443464756011962890625" lon="117.26027383469045162200927734375">
        <ele>90</ele>
        <time>2026-07-18T03:24:23.000Z</time>
        <extensions>
          <ns3:TrackPointExtension>
            <ns3:hr>140</ns3:hr>
          </ns3:TrackPointExtension>
        </extensions>
      </trkpt>
      <trkpt lat="36.6862616501748561859130859375" lon="117.2607049159705638885498046875">
        <ele>90.40000152587890625</ele>
        <time>2026-07-18T03:24:29.000Z</time>
        <extensions>
          <ns3:TrackPointExtension>
            <ns3:hr>137</ns3:hr>
          </ns3:TrackPointExtension>
        </extensions>
      </trkpt>
      <trkpt lat="36.68626156635582447052001953125" lon="117.26078010164201259613037109375">
        <ele>90.1999969482421875</ele>
        <time>2026-07-18T03:24:30.000Z</time>
        <extensions>
          <ns3:TrackPointExtension>
            <ns3:hr>139</ns3:hr>
          </ns3:TrackPointExtension>
        </extensions>
      </trkpt>
      <trkpt lat="36.6862576268613338470458984375" lon="117.261011190712451934814453125">
        <ele>90.1999969482421875</ele>
        <time>2026-07-18T03:24:33.000Z</time>
        <extensions>
          <ns3:TrackPointExtension>
            <ns3:hr>142</ns3:hr>
          </ns3:TrackPointExtension>
        </extensions>
      </trkpt>
      <trkpt lat="36.68625704012811183929443359375" lon="117.26129315793514251708984375">
        <ele>89.8000030517578125</ele>
        <time>2026-07-18T03:24:37.000Z</time>
        <extensions>
          <ns3:TrackPointExtension>
            <ns3:hr>142</ns3:hr>
          </ns3:TrackPointExtension>
        </extensions>
      </trkpt>
      <trkpt lat="36.6862609796226024627685546875" lon="117.26176346652209758758544921875">
        <ele>89.1999969482421875</ele>
        <time>2026-07-18T03:24:44.000Z</time>
        <extensions>
          <ns3:TrackPointExtension>
            <ns3:hr>143</ns3:hr>
          </ns3:TrackPointExtension>
        </extensions>
      </trkpt>
      <trkpt lat="36.68626693077385425567626953125" lon="117.2623098827898502349853515625">
        <ele>89.59999847412109375</ele>
        <time>2026-07-18T03:24:52.000Z</time>
        <extensions>
          <ns3:TrackPointExtension>
            <ns3:hr>142</ns3:hr>
          </ns3:TrackPointExtension>
        </extensions>
      </trkpt>
      <trkpt lat="36.686270199716091156005859375" lon="117.262876331806182861328125">
        <ele>90.1999969482421875</ele>
        <time>2026-07-18T03:25:00.000Z</time>
        <extensions>
          <ns3:TrackPointExtension>
            <ns3:hr>145</ns3:hr>
          </ns3:TrackPointExtension>
        </extensions>
      </trkpt>
      <trkpt lat="36.686270199716091156005859375" lon="117.2629405371844768524169921875">
        <ele>90.1999969482421875</ele>
        <time>2026-07-18T03:25:01.000Z</time>
        <extensions>
          <ns3:TrackPointExtension>
            <ns3:hr>145</ns3:hr>
          </ns3:TrackPointExtension>
        </extensions>
      </trkpt>
      <trkpt lat="36.6862646676599979400634765625" lon="117.263272963464260101318359375">
        <ele>89.59999847412109375</ele>
        <time>2026-07-18T03:25:07.000Z</time>
        <extensions>
          <ns3:TrackPointExtension>
            <ns3:hr>147</ns3:hr>
          </ns3:TrackPointExtension>
        </extensions>
      </trkpt>
      <trkpt lat="36.6862639971077442169189453125" lon="117.263480834662914276123046875">
        <ele>89.40000152587890625</ele>
        <time>2026-07-18T03:25:11.000Z</time>
        <extensions>
          <ns3:TrackPointExtension>
            <ns3:hr>144</ns3:hr>
          </ns3:TrackPointExtension>
        </extensions>
      </trkpt>
      <trkpt lat="36.6862633265554904937744140625" lon="117.2636982612311840057373046875">
        <ele>89.40000152587890625</ele>
        <time>2026-07-18T03:25:15.000Z</time>
        <extensions>
          <ns3:TrackPointExtension>
            <ns3:hr>142</ns3:hr>
          </ns3:TrackPointExtension>
        </extensions>
      </trkpt>
      <trkpt lat="36.6862700320780277252197265625" lon="117.2640449367463588714599609375">
        <ele>89.8000030517578125</ele>
        <time>2026-07-18T03:25:21.000Z</time>
        <extensions>
          <ns3:TrackPointExtension>
            <ns3:hr>140</ns3:hr>
          </ns3:TrackPointExtension>
        </extensions>
      </trkpt>
      <trkpt lat="36.6862636618316173553466796875" lon="117.26435565389692783355712890625">
        <ele>90</ele>
        <time>2026-07-18T03:25:26.000Z</time>
        <extensions>
          <ns3:TrackPointExtension>
            <ns3:hr>140</ns3:hr>
          </ns3:TrackPointExtension>
        </extensions>
      </trkpt>
      <trkpt lat="36.6862338222563266754150390625" lon="117.26481112651526927947998046875">
        <ele>89.8000030517578125</ele>
        <time>2026-07-18T03:25:33.000Z</time>
        <extensions>
          <ns3:TrackPointExtension>
            <ns3:hr>142</ns3:hr>
          </ns3:TrackPointExtension>
        </extensions>
      </trkpt>
      <trkpt lat="36.6862321458756923675537109375" lon="117.2652874700725078582763671875">
        <ele>90</ele>
        <time>2026-07-18T03:25:40.000Z</time>
        <extensions>
          <ns3:TrackPointExtension>
            <ns3:hr>142</ns3:hr>
          </ns3:TrackPointExtension>
        </extensions>
      </trkpt>
      <trkpt lat="36.68623910285532474517822265625" lon="117.2656874544918537139892578125">
        <ele>90.1999969482421875</ele>
        <time>2026-07-18T03:25:46.000Z</time>
        <extensions>
          <ns3:TrackPointExtension>
            <ns3:hr>141</ns3:hr>
          </ns3:TrackPointExtension>
        </extensions>
      </trkpt>
      <trkpt lat="36.68624446727335453033447265625" lon="117.265815027058124542236328125">
        <ele>90.1999969482421875</ele>
        <time>2026-07-18T03:25:48.000Z</time>
        <extensions>
          <ns3:TrackPointExtension>
            <ns3:hr>140</ns3:hr>
          </ns3:TrackPointExtension>
        </extensions>
      </trkpt>
      <trkpt lat="36.68624782003462314605712890625" lon="117.26594134233891963958740234375">
        <ele>90.1999969482421875</ele>
        <time>2026-07-18T03:25:50.000Z</time>
        <extensions>
          <ns3:TrackPointExtension>
            <ns3:hr>141</ns3:hr>
          </ns3:TrackPointExtension>
        </extensions>
      </trkpt>
      <trkpt lat="36.6862489096820354461669921875" lon="117.26600219495594501495361328125">
        <ele>90.1999969482421875</ele>
        <time>2026-07-18T03:25:51.000Z</time>
        <extensions>
          <ns3:TrackPointExtension>
            <ns3:hr>141</ns3:hr>
          </ns3:TrackPointExtension>
        </extensions>
      </trkpt>
      <trkpt lat="36.68625821359455585479736328125" lon="117.2660636343061923980712890625">
        <ele>90.1999969482421875</ele>
        <time>2026-07-18T03:25:52.000Z</time>
        <extensions>
          <ns3:TrackPointExtension>
            <ns3:hr>141</ns3:hr>
          </ns3:TrackPointExtension>
        </extensions>
      </trkpt>
      <trkpt lat="36.68627430684864521026611328125" lon="117.266179807484149932861328125">
        <ele>90.40000152587890625</ele>
        <time>2026-07-18T03:25:54.000Z</time>
        <extensions>
          <ns3:TrackPointExtension>
            <ns3:hr>141</ns3:hr>
          </ns3:TrackPointExtension>
        </extensions>
      </trkpt>
      <trkpt lat="36.6863018833100795745849609375" lon="117.26630042307078838348388671875">
        <ele>90.40000152587890625</ele>
        <time>2026-07-18T03:25:56.000Z</time>
        <extensions>
          <ns3:TrackPointExtension>
            <ns3:hr>141</ns3:hr>
          </ns3:TrackPointExtension>
        </extensions>
      </trkpt>
      <trkpt lat="36.68632359243929386138916015625" lon="117.266610302031040191650390625">
        <ele>90.59999847412109375</ele>
        <time>2026-07-18T03:26:01.000Z</time>
        <extensions>
          <ns3:TrackPointExtension>
            <ns3:hr>140</ns3:hr>
          </ns3:TrackPointExtension>
        </extensions>
      </trkpt>
      <trkpt lat="36.68631470762193202972412109375" lon="117.266932837665081024169921875">
        <ele>90.8000030517578125</ele>
        <time>2026-07-18T03:26:06.000Z</time>
        <extensions>
          <ns3:TrackPointExtension>
            <ns3:hr>140</ns3:hr>
          </ns3:TrackPointExtension>
        </extensions>
      </trkpt>
      <trkpt lat="36.68631487525999546051025390625" lon="117.2669879905879497528076171875">
        <ele>91</ele>
        <time>2026-07-18T03:26:07.000Z</time>
        <extensions>
          <ns3:TrackPointExtension>
            <ns3:hr>141</ns3:hr>
          </ns3:TrackPointExtension>
        </extensions>
      </trkpt>
      <trkpt lat="36.68630540370941162109375" lon="117.26724891923367977142333984375">
        <ele>90.40000152587890625</ele>
        <time>2026-07-18T03:26:12.000Z</time>
        <extensions>
          <ns3:TrackPointExtension>
            <ns3:hr>142</ns3:hr>
          </ns3:TrackPointExtension>
        </extensions>
      </trkpt>
      <trkpt lat="36.686307080090045928955078125" lon="117.267469279468059539794921875">
        <ele>90.1999969482421875</ele>
        <time>2026-07-18T03:26:17.000Z</time>
        <extensions>
          <ns3:TrackPointExtension>
            <ns3:hr>141</ns3:hr>
          </ns3:TrackPointExtension>
        </extensions>
      </trkpt>
      <trkpt lat="36.6863072477281093597412109375" lon="117.26769450120627880096435546875">
        <ele>90.40000152587890625</ele>
        <time>2026-07-18T03:26:22.000Z</time>
        <extensions>
          <ns3:TrackPointExtension>
            <ns3:hr>137</ns3:hr>
          </ns3:TrackPointExtension>
        </extensions>
      </trkpt>
      <trkpt lat="36.68631001375615596771240234375" lon="117.267792485654354095458984375">
        <ele>90.40000152587890625</ele>
        <time>2026-07-18T03:26:24.000Z</time>
        <extensions>
          <ns3:TrackPointExtension>
            <ns3:hr>136</ns3:hr>
          </ns3:TrackPointExtension>
        </extensions>
      </trkpt>
      <trkpt lat="36.686309091746807098388671875" lon="117.2680893726646900177001953125">
        <ele>90.8000030517578125</ele>
        <time>2026-07-18T03:26:30.000Z</time>
        <extensions>
          <ns3:TrackPointExtension>
            <ns3:hr>134</ns3:hr>
          </ns3:TrackPointExtension>
        </extensions>
      </trkpt>
      <trkpt lat="36.68630607426166534423828125" lon="117.2685208730399608612060546875">
        <ele>91.1999969482421875</ele>
        <time>2026-07-18T03:26:37.000Z</time>
        <extensions>
          <ns3:TrackPointExtension>
            <ns3:hr>134</ns3:hr>
          </ns3:TrackPointExtension>
        </extensions>
      </trkpt>
      <trkpt lat="36.68631738983094692230224609375" lon="117.26887752301990985870361328125">
        <ele>92</ele>
        <time>2026-07-18T03:26:42.000Z</time>
        <extensions>
          <ns3:TrackPointExtension>
            <ns3:hr>134</ns3:hr>
          </ns3:TrackPointExtension>
        </extensions>
      </trkpt>
      <trkpt lat="36.6863176412880420684814453125" lon="117.268951870501041412353515625">
        <ele>92.1999969482421875</ele>
        <time>2026-07-18T03:26:43.000Z</time>
        <extensions>
          <ns3:TrackPointExtension>
            <ns3:hr>134</ns3:hr>
          </ns3:TrackPointExtension>
        </extensions>
      </trkpt>
      <trkpt lat="36.68631973676383495330810546875" lon="117.26927063427865505218505859375">
        <ele>93.1999969482421875</ele>
        <time>2026-07-18T03:26:47.000Z</time>
        <extensions>
          <ns3:TrackPointExtension>
            <ns3:hr>138</ns3:hr>
          </ns3:TrackPointExtension>
        </extensions>
      </trkpt>
      <trkpt lat="36.686314456164836883544921875" lon="117.26934975944459438323974609375">
        <ele>93.1999969482421875</ele>
        <time>2026-07-18T03:26:48.000Z</time>
        <extensions>
          <ns3:TrackPointExtension>
            <ns3:hr>139</ns3:hr>
          </ns3:TrackPointExtension>
        </extensions>
      </trkpt>
      <trkpt lat="36.686310432851314544677734375" lon="117.26942871697247028350830078125">
        <ele>93.1999969482421875</ele>
        <time>2026-07-18T03:26:49.000Z</time>
        <extensions>
          <ns3:TrackPointExtension>
            <ns3:hr>139</ns3:hr>
          </ns3:TrackPointExtension>
        </extensions>
      </trkpt>
      <trkpt lat="36.6863055713474750518798828125" lon="117.26965972222387790679931640625">
        <ele>92.1999969482421875</ele>
        <time>2026-07-18T03:26:52.000Z</time>
        <extensions>
          <ns3:TrackPointExtension>
            <ns3:hr>141</ns3:hr>
          </ns3:TrackPointExtension>
        </extensions>
      </trkpt>
      <trkpt lat="36.6863045655190944671630859375" lon="117.2697280347347259521484375">
        <ele>92</ele>
        <time>2026-07-18T03:26:53.000Z</time>
        <extensions>
          <ns3:TrackPointExtension>
            <ns3:hr>141</ns3:hr>
          </ns3:TrackPointExtension>
        </extensions>
      </trkpt>
      <trkpt lat="36.6863059066236019134521484375" lon="117.26979433558881282806396484375">
        <ele>91.8000030517578125</ele>
        <time>2026-07-18T03:26:54.000Z</time>
        <extensions>
          <ns3:TrackPointExtension>
            <ns3:hr>142</ns3:hr>
          </ns3:TrackPointExtension>
        </extensions>
      </trkpt>
      <trkpt lat="36.68629802763462066650390625" lon="117.2698581218719482421875">
        <ele>91.40000152587890625</ele>
        <time>2026-07-18T03:26:55.000Z</time>
        <extensions>
          <ns3:TrackPointExtension>
            <ns3:hr>142</ns3:hr>
          </ns3:TrackPointExtension>
        </extensions>
      </trkpt>
      <trkpt lat="36.686299704015254974365234375" lon="117.2700364887714385986328125">
        <ele>91.1999969482421875</ele>
        <time>2026-07-18T03:26:58.000Z</time>
        <extensions>
          <ns3:TrackPointExtension>
            <ns3:hr>142</ns3:hr>
          </ns3:TrackPointExtension>
        </extensions>
      </trkpt>
      <trkpt lat="36.68629257939755916595458984375" lon="117.27030211128294467926025390625">
        <ele>92.1999969482421875</ele>
        <time>2026-07-18T03:27:03.000Z</time>
        <extensions>
          <ns3:TrackPointExtension>
            <ns3:hr>143</ns3:hr>
          </ns3:TrackPointExtension>
        </extensions>
      </trkpt>
      <trkpt lat="36.6862941719591617584228515625" lon="117.2704054601490497589111328125">
        <ele>92.59999847412109375</ele>
        <time>2026-07-18T03:27:05.000Z</time>
        <extensions>
          <ns3:TrackPointExtension>
            <ns3:hr>142</ns3:hr>
          </ns3:TrackPointExtension>
        </extensions>
      </trkpt>
      <trkpt lat="36.6863055713474750518798828125" lon="117.27070310153067111968994140625">
        <ele>92.40000152587890625</ele>
        <time>2026-07-18T03:27:10.000Z</time>
        <extensions>
          <ns3:TrackPointExtension>
            <ns3:hr>142</ns3:hr>
          </ns3:TrackPointExtension>
        </extensions>
      </trkpt>
      <trkpt lat="36.68631051667034626007080078125" lon="117.2707561589777469635009765625">
        <ele>92.59999847412109375</ele>
        <time>2026-07-18T03:27:11.000Z</time>
        <extensions>
          <ns3:TrackPointExtension>
            <ns3:hr>142</ns3:hr>
          </ns3:TrackPointExtension>
        </extensions>
      </trkpt>
      <trkpt lat="36.686309091746807098388671875" lon="117.27086185477674007415771484375">
        <ele>92.8000030517578125</ele>
        <time>2026-07-18T03:27:13.000Z</time>
        <extensions>
          <ns3:TrackPointExtension>
            <ns3:hr>141</ns3:hr>
          </ns3:TrackPointExtension>
        </extensions>
      </trkpt>
      <trkpt lat="36.68631001375615596771240234375" lon="117.27108783088624477386474609375">
        <ele>92.8000030517578125</ele>
        <time>2026-07-18T03:27:17.000Z</time>
        <extensions>
          <ns3:TrackPointExtension>
            <ns3:hr>140</ns3:hr>
          </ns3:TrackPointExtension>
        </extensions>
      </trkpt>
      <trkpt lat="36.68630632571876049041748046875" lon="117.27139611728489398956298828125">
        <ele>93</ele>
        <time>2026-07-18T03:27:22.000Z</time>
        <extensions>
          <ns3:TrackPointExtension>
            <ns3:hr>139</ns3:hr>
          </ns3:TrackPointExtension>
        </extensions>
      </trkpt>
      <trkpt lat="36.686304397881031036376953125" lon="117.27145881392061710357666015625">
        <ele>93.1999969482421875</ele>
        <time>2026-07-18T03:27:23.000Z</time>
        <extensions>
          <ns3:TrackPointExtension>
            <ns3:hr>139</ns3:hr>
          </ns3:TrackPointExtension>
        </extensions>
      </trkpt>
      <trkpt lat="36.6862955130636692047119140625" lon="117.27192065678536891937255859375">
        <ele>93.40000152587890625</ele>
        <time>2026-07-18T03:27:30.000Z</time>
        <extensions>
          <ns3:TrackPointExtension>
            <ns3:hr>140</ns3:hr>
          </ns3:TrackPointExtension>
        </extensions>
      </trkpt>
      <trkpt lat="36.6863069124519824981689453125" lon="117.2720550186932086944580078125">
        <ele>93.59999847412109375</ele>
        <time>2026-07-18T03:27:32.000Z</time>
        <extensions>
          <ns3:TrackPointExtension>
            <ns3:hr>140</ns3:hr>
          </ns3:TrackPointExtension>
        </extensions>
      </trkpt>
      <trkpt lat="36.6862924955785274505615234375" lon="117.27223732508718967437744140625">
        <ele>93.59999847412109375</ele>
        <time>2026-07-18T03:27:35.000Z</time>
        <extensions>
          <ns3:TrackPointExtension>
            <ns3:hr>140</ns3:hr>
          </ns3:TrackPointExtension>
        </extensions>
      </trkpt>
      <trkpt lat="36.68629442341625690460205078125" lon="117.27250537835061550140380859375">
        <ele>93.59999847412109375</ele>
        <time>2026-07-18T03:27:40.000Z</time>
        <extensions>
          <ns3:TrackPointExtension>
            <ns3:hr>140</ns3:hr>
          </ns3:TrackPointExtension>
        </extensions>
      </trkpt>
      <trkpt lat="36.6862857900559902191162109375" lon="117.2726658917963504791259765625">
        <ele>93.59999847412109375</ele>
        <time>2026-07-18T03:27:43.000Z</time>
        <extensions>
          <ns3:TrackPointExtension>
            <ns3:hr>140</ns3:hr>
          </ns3:TrackPointExtension>
        </extensions>
      </trkpt>
      <trkpt lat="36.68628671206533908843994140625" lon="117.2727721743285655975341796875">
        <ele>93.59999847412109375</ele>
        <time>2026-07-18T03:27:45.000Z</time>
        <extensions>
          <ns3:TrackPointExtension>
            <ns3:hr>140</ns3:hr>
          </ns3:TrackPointExtension>
        </extensions>
      </trkpt>
      <trkpt lat="36.68628755025565624237060546875" lon="117.2731641121208667755126953125">
        <ele>94.1999969482421875</ele>
        <time>2026-07-18T03:27:52.000Z</time>
        <extensions>
          <ns3:TrackPointExtension>
            <ns3:hr>139</ns3:hr>
          </ns3:TrackPointExtension>
        </extensions>
      </trkpt>
      <trkpt lat="36.6862879693508148193359375" lon="117.27322052232921123504638671875">
        <ele>94.1999969482421875</ele>
        <time>2026-07-18T03:27:53.000Z</time>
        <extensions>
          <ns3:TrackPointExtension>
            <ns3:hr>139</ns3:hr>
          </ns3:TrackPointExtension>
        </extensions>
      </trkpt>
      <trkpt lat="36.6862814314663410186767578125" lon="117.27356267161667346954345703125">
        <ele>93.59999847412109375</ele>
        <time>2026-07-18T03:28:00.000Z</time>
        <extensions>
          <ns3:TrackPointExtension>
            <ns3:hr>138</ns3:hr>
          </ns3:TrackPointExtension>
        </extensions>
      </trkpt>
      <trkpt lat="36.68627866543829441070556640625" lon="117.27372444234788417816162109375">
        <ele>93.40000152587890625</ele>
        <time>2026-07-18T03:28:04.000Z</time>
        <extensions>
          <ns3:TrackPointExtension>
            <ns3:hr>138</ns3:hr>
          </ns3:TrackPointExtension>
        </extensions>
      </trkpt>
      <trkpt lat="36.686285622417926788330078125" lon="117.2739040665328502655029296875">
        <ele>93.40000152587890625</ele>
        <time>2026-07-18T03:28:09.000Z</time>
        <extensions>
          <ns3:TrackPointExtension>
            <ns3:hr>136</ns3:hr>
          </ns3:TrackPointExtension>
        </extensions>
      </trkpt>
      <trkpt lat="36.6862852871417999267578125" lon="117.27403675206005573272705078125">
        <ele>93.40000152587890625</ele>
        <time>2026-07-18T03:28:12.000Z</time>
        <extensions>
          <ns3:TrackPointExtension>
            <ns3:hr>133</ns3:hr>
          </ns3:TrackPointExtension>
        </extensions>
      </trkpt>
      <trkpt lat="36.68628755025565624237060546875" lon="117.27412006817758083343505859375">
        <ele>93.40000152587890625</ele>
        <time>2026-07-18T03:28:14.000Z</time>
        <extensions>
          <ns3:TrackPointExtension>
            <ns3:hr>132</ns3:hr>
          </ns3:TrackPointExtension>
        </extensions>
      </trkpt>
      <trkpt lat="36.686284281313419342041015625" lon="117.2743865288794040679931640625">
        <ele>93.8000030517578125</ele>
        <time>2026-07-18T03:28:20.000Z</time>
        <extensions>
          <ns3:TrackPointExtension>
            <ns3:hr>132</ns3:hr>
          </ns3:TrackPointExtension>
        </extensions>
      </trkpt>
      <trkpt lat="36.68628101237118244171142578125" lon="117.2746011056005954742431640625">
        <ele>94</ele>
        <time>2026-07-18T03:28:24.000Z</time>
        <extensions>
          <ns3:TrackPointExtension>
            <ns3:hr>137</ns3:hr>
          </ns3:TrackPointExtension>
        </extensions>
      </trkpt>
      <trkpt lat="36.6862810961902141571044921875" lon="117.27471115998923778533935546875">
        <ele>94.1999969482421875</ele>
        <time>2026-07-18T03:28:26.000Z</time>
        <extensions>
          <ns3:TrackPointExtension>
            <ns3:hr>136</ns3:hr>
          </ns3:TrackPointExtension>
        </extensions>
      </trkpt>
      <trkpt lat="36.68628822080790996551513671875" lon="117.275110222399234771728515625">
        <ele>94.1999969482421875</ele>
        <time>2026-07-18T03:28:33.000Z</time>
        <extensions>
          <ns3:TrackPointExtension>
            <ns3:hr>134</ns3:hr>
          </ns3:TrackPointExtension>
        </extensions>
      </trkpt>
      <trkpt lat="36.68628201819956302642822265625" lon="117.275497801601886749267578125">
        <ele>94.59999847412109375</ele>
        <time>2026-07-18T03:28:39.000Z</time>
        <extensions>
          <ns3:TrackPointExtension>
            <ns3:hr>136</ns3:hr>
          </ns3:TrackPointExtension>
        </extensions>
      </trkpt>
      <trkpt lat="36.68628327548503875732421875" lon="117.2756890766322612762451171875">
        <ele>94.59999847412109375</ele>
        <time>2026-07-18T03:28:42.000Z</time>
        <extensions>
          <ns3:TrackPointExtension>
            <ns3:hr>138</ns3:hr>
          </ns3:TrackPointExtension>
        </extensions>
      </trkpt>
      <trkpt lat="36.68628637678921222686767578125" lon="117.2758201695978641510009765625">
        <ele>94.59999847412109375</ele>
        <time>2026-07-18T03:28:44.000Z</time>
        <extensions>
          <ns3:TrackPointExtension>
            <ns3:hr>138</ns3:hr>
          </ns3:TrackPointExtension>
        </extensions>
      </trkpt>
      <trkpt lat="36.686282269656658172607421875" lon="117.2761443816125392913818359375">
        <ele>94.40000152587890625</ele>
        <time>2026-07-18T03:28:50.000Z</time>
        <extensions>
          <ns3:TrackPointExtension>
            <ns3:hr>140</ns3:hr>
          </ns3:TrackPointExtension>
        </extensions>
      </trkpt>
      <trkpt lat="36.686281599104404449462890625" lon="117.27632098831236362457275390625">
        <ele>94.1999969482421875</ele>
        <time>2026-07-18T03:28:55.000Z</time>
        <extensions>
          <ns3:TrackPointExtension>
            <ns3:hr>138</ns3:hr>
          </ns3:TrackPointExtension>
        </extensions>
      </trkpt>
      <trkpt lat="36.68627296574413776397705078125" lon="117.276342026889324188232421875">
        <ele>94.1999969482421875</ele>
        <time>2026-07-18T03:29:00.000Z</time>
        <extensions>
          <ns3:TrackPointExtension>
            <ns3:hr>136</ns3:hr>
          </ns3:TrackPointExtension>
        </extensions>
      </trkpt>
      <trkpt lat="36.6862670145928859710693359375" lon="117.276405729353427886962890625">
        <ele>94.1999969482421875</ele>
        <time>2026-07-18T03:29:08.000Z</time>
        <extensions>
          <ns3:TrackPointExtension>
            <ns3:hr>134</ns3:hr>
          </ns3:TrackPointExtension>
        </extensions>
      </trkpt>
      <trkpt lat="36.6862502507865428924560546875" lon="117.27649952284991741180419921875">
        <ele>94.40000152587890625</ele>
        <time>2026-07-18T03:29:12.000Z</time>
        <extensions>
          <ns3:TrackPointExtension>
            <ns3:hr>134</ns3:hr>
          </ns3:TrackPointExtension>
        </extensions>
      </trkpt>
      <trkpt lat="36.6862710379064083099365234375" lon="117.27671158500015735626220703125">
        <ele>94.40000152587890625</ele>
        <time>2026-07-18T03:29:18.000Z</time>
        <extensions>
          <ns3:TrackPointExtension>
            <ns3:hr>132</ns3:hr>
          </ns3:TrackPointExtension>
        </extensions>
      </trkpt>
      <trkpt lat="36.68627330102026462554931640625" lon="117.27677545510232448577880859375">
        <ele>94.59999847412109375</ele>
        <time>2026-07-18T03:29:20.000Z</time>
        <extensions>
          <ns3:TrackPointExtension>
            <ns3:hr>129</ns3:hr>
          </ns3:TrackPointExtension>
        </extensions>
      </trkpt>
      <trkpt lat="36.68628285638988018035888671875" lon="117.276907302439212799072265625">
        <ele>94.59999847412109375</ele>
        <time>2026-07-18T03:29:24.000Z</time>
        <extensions>
          <ns3:TrackPointExtension>
            <ns3:hr>128</ns3:hr>
          </ns3:TrackPointExtension>
        </extensions>
      </trkpt>
      <trkpt lat="36.68627765960991382598876953125" lon="117.27716823108494281768798828125">
        <ele>94.8000030517578125</ele>
        <time>2026-07-18T03:29:30.000Z</time>
        <extensions>
          <ns3:TrackPointExtension>
            <ns3:hr>129</ns3:hr>
          </ns3:TrackPointExtension>
        </extensions>
      </trkpt>
      <trkpt lat="36.6862777434289455413818359375" lon="117.27722589857876300811767578125">
        <ele>94.8000030517578125</ele>
        <time>2026-07-18T03:29:31.000Z</time>
        <extensions>
          <ns3:TrackPointExtension>
            <ns3:hr>130</ns3:hr>
          </ns3:TrackPointExtension>
        </extensions>
      </trkpt>
      <trkpt lat="36.6862826049327850341796875" lon="117.2773326002061367034912109375">
        <ele>94.59999847412109375</ele>
        <time>2026-07-18T03:29:33.000Z</time>
        <extensions>
          <ns3:TrackPointExtension>
            <ns3:hr>130</ns3:hr>
          </ns3:TrackPointExtension>
        </extensions>
      </trkpt>
      <trkpt lat="36.68628738261759281158447265625" lon="117.2775525413453578948974609375">
        <ele>95</ele>
        <time>2026-07-18T03:29:37.000Z</time>
        <extensions>
          <ns3:TrackPointExtension>
            <ns3:hr>129</ns3:hr>
          </ns3:TrackPointExtension>
        </extensions>
      </trkpt>
      <trkpt lat="36.68629056774079799652099609375" lon="117.2776745818555355072021484375">
        <ele>95.1999969482421875</ele>
        <time>2026-07-18T03:29:39.000Z</time>
        <extensions>
          <ns3:TrackPointExtension>
            <ns3:hr>130</ns3:hr>
          </ns3:TrackPointExtension>
        </extensions>
      </trkpt>
      <trkpt lat="36.68628193438053131103515625" lon="117.2778640128672122955322265625">
        <ele>95</ele>
        <time>2026-07-18T03:29:42.000Z</time>
        <extensions>
          <ns3:TrackPointExtension>
            <ns3:hr>130</ns3:hr>
          </ns3:TrackPointExtension>
        </extensions>
      </trkpt>
      <trkpt lat="36.6862804256379604339599609375" lon="117.27798580192029476165771484375">
        <ele>95.40000152587890625</ele>
        <time>2026-07-18T03:29:44.000Z</time>
        <extensions>
          <ns3:TrackPointExtension>
            <ns3:hr>130</ns3:hr>
          </ns3:TrackPointExtension>
        </extensions>
      </trkpt>
      <trkpt lat="36.68628738261759281158447265625" lon="117.2782579623162746429443359375">
        <ele>94.8000030517578125</ele>
        <time>2026-07-18T03:29:49.000Z</time>
        <extensions>
          <ns3:TrackPointExtension>
            <ns3:hr>131</ns3:hr>
          </ns3:TrackPointExtension>
        </extensions>
      </trkpt>
      <trkpt lat="36.68628922663629055023193359375" lon="117.2783079184591770172119140625">
        <ele>95</ele>
        <time>2026-07-18T03:29:50.000Z</time>
        <extensions>
          <ns3:TrackPointExtension>
            <ns3:hr>132</ns3:hr>
          </ns3:TrackPointExtension>
        </extensions>
      </trkpt>
      <trkpt lat="36.68627380393445491790771484375" lon="117.278694324195384979248046875">
        <ele>95.1999969482421875</ele>
        <time>2026-07-18T03:29:57.000Z</time>
        <extensions>
          <ns3:TrackPointExtension>
            <ns3:hr>133</ns3:hr>
          </ns3:TrackPointExtension>
        </extensions>
      </trkpt>
      <trkpt lat="36.68627581559121608734130859375" lon="117.27899582125246524810791015625">
        <ele>95.40000152587890625</ele>
        <time>2026-07-18T03:30:02.000Z</time>
        <extensions>
          <ns3:TrackPointExtension>
            <ns3:hr>134</ns3:hr>
          </ns3:TrackPointExtension>
        </extensions>
      </trkpt>
      <trkpt lat="36.68628386221826076507568359375" lon="117.27945196442306041717529296875">
        <ele>95.59999847412109375</ele>
        <time>2026-07-18T03:30:09.000Z</time>
        <extensions>
          <ns3:TrackPointExtension>
            <ns3:hr>134</ns3:hr>
          </ns3:TrackPointExtension>
        </extensions>
      </trkpt>
      <trkpt lat="36.68627849780023097991943359375" lon="117.27951935492455959320068359375">
        <ele>95.59999847412109375</ele>
        <time>2026-07-18T03:30:10.000Z</time>
        <extensions>
          <ns3:TrackPointExtension>
            <ns3:hr>135</ns3:hr>
          </ns3:TrackPointExtension>
        </extensions>
      </trkpt>
      <trkpt lat="36.68628201819956302642822265625" lon="117.279854379594326019287109375">
        <ele>96</ele>
        <time>2026-07-18T03:30:15.000Z</time>
        <extensions>
          <ns3:TrackPointExtension>
            <ns3:hr>138</ns3:hr>
          </ns3:TrackPointExtension>
        </extensions>
      </trkpt>
      <trkpt lat="36.6862790845334529876708984375" lon="117.27992520667612552642822265625">
        <ele>96</ele>
        <time>2026-07-18T03:30:16.000Z</time>
        <extensions>
          <ns3:TrackPointExtension>
            <ns3:hr>138</ns3:hr>
          </ns3:TrackPointExtension>
        </extensions>
      </trkpt>
      <trkpt lat="36.686281263828277587890625" lon="117.28022494353353977203369140625">
        <ele>96.1999969482421875</ele>
        <time>2026-07-18T03:30:20.000Z</time>
        <extensions>
          <ns3:TrackPointExtension>
            <ns3:hr>138</ns3:hr>
          </ns3:TrackPointExtension>
        </extensions>
      </trkpt>
      <trkpt lat="36.6862834431231021881103515625" lon="117.2803013026714324951171875">
        <ele>96.1999969482421875</ele>
        <time>2026-07-18T03:30:21.000Z</time>
        <extensions>
          <ns3:TrackPointExtension>
            <ns3:hr>139</ns3:hr>
          </ns3:TrackPointExtension>
        </extensions>
      </trkpt>
      <trkpt lat="36.6862807609140872955322265625" lon="117.280743531882762908935546875">
        <ele>96.40000152587890625</ele>
        <time>2026-07-18T03:30:27.000Z</time>
        <extensions>
          <ns3:TrackPointExtension>
            <ns3:hr>140</ns3:hr>
          </ns3:TrackPointExtension>
        </extensions>
      </trkpt>
      <trkpt lat="36.686268858611583709716796875" lon="117.28111543692648410797119140625">
        <ele>96.59999847412109375</ele>
        <time>2026-07-18T03:30:33.000Z</time>
        <extensions>
          <ns3:TrackPointExtension>
            <ns3:hr>140</ns3:hr>
          </ns3:TrackPointExtension>
        </extensions>
      </trkpt>
      <trkpt lat="36.68627195991575717926025390625" lon="117.28116706945002079010009765625">
        <ele>96.59999847412109375</ele>
        <time>2026-07-18T03:30:34.000Z</time>
        <extensions>
          <ns3:TrackPointExtension>
            <ns3:hr>140</ns3:hr>
          </ns3:TrackPointExtension>
        </extensions>
      </trkpt>
      <trkpt lat="36.6862572915852069854736328125" lon="117.2812791354954242706298828125">
        <ele>96.59999847412109375</ele>
        <time>2026-07-18T03:30:36.000Z</time>
        <extensions>
          <ns3:TrackPointExtension>
            <ns3:hr>140</ns3:hr>
          </ns3:TrackPointExtension>
        </extensions>
      </trkpt>
      <trkpt lat="36.6862572915852069854736328125" lon="117.28133504278957843780517578125">
        <ele>96.59999847412109375</ele>
        <time>2026-07-18T03:30:37.000Z</time>
        <extensions>
          <ns3:TrackPointExtension>
            <ns3:hr>140</ns3:hr>
          </ns3:TrackPointExtension>
        </extensions>
      </trkpt>
      <trkpt lat="36.6862747259438037872314453125" lon="117.28160728700459003448486328125">
        <ele>97</ele>
        <time>2026-07-18T03:30:42.000Z</time>
        <extensions>
          <ns3:TrackPointExtension>
            <ns3:hr>137</ns3:hr>
          </ns3:TrackPointExtension>
        </extensions>
      </trkpt>
      <trkpt lat="36.686270199716091156005859375" lon="117.281683646142482757568359375">
        <ele>97</ele>
        <time>2026-07-18T03:30:43.000Z</time>
        <extensions>
          <ns3:TrackPointExtension>
            <ns3:hr>137</ns3:hr>
          </ns3:TrackPointExtension>
        </extensions>
      </trkpt>
      <trkpt lat="36.68627246282994747161865234375" lon="117.2820599935948848724365234375">
        <ele>96.59999847412109375</ele>
        <time>2026-07-18T03:30:49.000Z</time>
        <extensions>
          <ns3:TrackPointExtension>
            <ns3:hr>137</ns3:hr>
          </ns3:TrackPointExtension>
        </extensions>
      </trkpt>
      <trkpt lat="36.68626374565064907073974609375" lon="117.28239476680755615234375">
        <ele>96.40000152587890625</ele>
        <time>2026-07-18T03:30:54.000Z</time>
        <extensions>
          <ns3:TrackPointExtension>
            <ns3:hr>136</ns3:hr>
          </ns3:TrackPointExtension>
        </extensions>
      </trkpt>
      <trkpt lat="36.6862606443464756011962890625" lon="117.28273364715278148651123046875">
        <ele>96.8000030517578125</ele>
        <time>2026-07-18T03:30:59.000Z</time>
        <extensions>
          <ns3:TrackPointExtension>
            <ns3:hr>137</ns3:hr>
          </ns3:TrackPointExtension>
        </extensions>
      </trkpt>
      <trkpt lat="36.68626307509839534759521484375" lon="117.2830661572515964508056640625">
        <ele>97</ele>
        <time>2026-07-18T03:31:05.000Z</time>
        <extensions>
          <ns3:TrackPointExtension>
            <ns3:hr>139</ns3:hr>
          </ns3:TrackPointExtension>
        </extensions>
      </trkpt>
      <trkpt lat="36.6862691938877105712890625" lon="117.28344124741852283477783203125">
        <ele>97.1999969482421875</ele>
        <time>2026-07-18T03:31:12.000Z</time>
        <extensions>
          <ns3:TrackPointExtension>
            <ns3:hr>138</ns3:hr>
          </ns3:TrackPointExtension>
        </extensions>
      </trkpt>
      <trkpt lat="36.68626726604998111724853515625" lon="117.283765710890293121337890625">
        <ele>97.8000030517578125</ele>
        <time>2026-07-18T03:31:18.000Z</time>
        <extensions>
          <ns3:TrackPointExtension>
            <ns3:hr>137</ns3:hr>
          </ns3:TrackPointExtension>
        </extensions>
      </trkpt>
      <trkpt lat="36.68625913560390472412109375" lon="117.28412085212767124176025390625">
        <ele>97.59999847412109375</ele>
        <time>2026-07-18T03:31:25.000Z</time>
        <extensions>
          <ns3:TrackPointExtension>
            <ns3:hr>135</ns3:hr>
          </ns3:TrackPointExtension>
        </extensions>
      </trkpt>
      <trkpt lat="36.686259470880031585693359375" lon="117.28428547270596027374267578125">
        <ele>96.8000030517578125</ele>
        <time>2026-07-18T03:31:30.000Z</time>
        <extensions>
          <ns3:TrackPointExtension>
            <ns3:hr>134</ns3:hr>
          </ns3:TrackPointExtension>
        </extensions>
      </trkpt>
      <trkpt lat="36.6862495802342891693115234375" lon="117.28435210883617401123046875">
        <ele>96.59999847412109375</ele>
        <time>2026-07-18T03:31:37.000Z</time>
        <extensions>
          <ns3:TrackPointExtension>
            <ns3:hr>132</ns3:hr>
          </ns3:TrackPointExtension>
        </extensions>
      </trkpt>
      <trkpt lat="36.686257459223270416259765625" lon="117.284534163773059844970703125">
        <ele>96.8000030517578125</ele>
        <time>2026-07-18T03:31:42.000Z</time>
        <extensions>
          <ns3:TrackPointExtension>
            <ns3:hr>133</ns3:hr>
          </ns3:TrackPointExtension>
        </extensions>
      </trkpt>
      <trkpt lat="36.68626642785966396331787109375" lon="117.2848394326865673065185546875">
        <ele>97.1999969482421875</ele>
        <time>2026-07-18T03:31:49.000Z</time>
        <extensions>
          <ns3:TrackPointExtension>
            <ns3:hr>132</ns3:hr>
          </ns3:TrackPointExtension>
        </extensions>
      </trkpt>
      <trkpt lat="36.68622829020023345947265625" lon="117.285104803740978240966796875">
        <ele>97.59999847412109375</ele>
        <time>2026-07-18T03:31:55.000Z</time>
        <extensions>
          <ns3:TrackPointExtension>
            <ns3:hr>130</ns3:hr>
          </ns3:TrackPointExtension>
        </extensions>
      </trkpt>
      <trkpt lat="36.6861862130463123321533203125" lon="117.2852957434952259063720703125">
        <ele>97.8000030517578125</ele>
        <time>2026-07-18T03:31:59.000Z</time>
        <extensions>
          <ns3:TrackPointExtension>
            <ns3:hr>130</ns3:hr>
          </ns3:TrackPointExtension>
        </extensions>
      </trkpt>
      <trkpt lat="36.68621429242193698883056640625" lon="117.28549204766750335693359375">
        <ele>98</ele>
        <time>2026-07-18T03:32:03.000Z</time>
        <extensions>
          <ns3:TrackPointExtension>
            <ns3:hr>132</ns3:hr>
          </ns3:TrackPointExtension>
        </extensions>
      </trkpt>
      <trkpt lat="36.6862167231738567352294921875" lon="117.28562473319470882415771484375">
        <ele>98.40000152587890625</ele>
        <time>2026-07-18T03:32:06.000Z</time>
        <extensions>
          <ns3:TrackPointExtension>
            <ns3:hr>132</ns3:hr>
          </ns3:TrackPointExtension>
        </extensions>
      </trkpt>
      <trkpt lat="36.6862130351364612579345703125" lon="117.285673432052135467529296875">
        <ele>98.59999847412109375</ele>
        <time>2026-07-18T03:32:07.000Z</time>
        <extensions>
          <ns3:TrackPointExtension>
            <ns3:hr>133</ns3:hr>
          </ns3:TrackPointExtension>
        </extensions>
      </trkpt>
      <trkpt lat="36.686204485595226287841796875" lon="117.28581768460571765899658203125">
        <ele>98.40000152587890625</ele>
        <time>2026-07-18T03:32:10.000Z</time>
        <extensions>
          <ns3:TrackPointExtension>
            <ns3:hr>136</ns3:hr>
          </ns3:TrackPointExtension>
        </extensions>
      </trkpt>
      <trkpt lat="36.68620356358587741851806640625" lon="117.28601851500570774078369140625">
        <ele>98.40000152587890625</ele>
        <time>2026-07-18T03:32:14.000Z</time>
        <extensions>
          <ns3:TrackPointExtension>
            <ns3:hr>137</ns3:hr>
          </ns3:TrackPointExtension>
        </extensions>
      </trkpt>
      <trkpt lat="36.68621093966066837310791015625" lon="117.28631255216896533966064453125">
        <ele>98.1999969482421875</ele>
        <time>2026-07-18T03:32:20.000Z</time>
        <extensions>
          <ns3:TrackPointExtension>
            <ns3:hr>137</ns3:hr>
          </ns3:TrackPointExtension>
        </extensions>
      </trkpt>
      <trkpt lat="36.68620808981359004974365234375" lon="117.28642118163406848907470703125">
        <ele>97.40000152587890625</ele>
        <time>2026-07-18T03:32:24.000Z</time>
        <extensions>
          <ns3:TrackPointExtension>
            <ns3:hr>136</ns3:hr>
          </ns3:TrackPointExtension>
        </extensions>
      </trkpt>
      <trkpt lat="36.6862063296139240264892578125" lon="117.28642537258565425872802734375">
        <ele>97.1999969482421875</ele>
        <time>2026-07-18T03:32:25.000Z</time>
        <extensions>
          <ns3:TrackPointExtension>
            <ns3:hr>136</ns3:hr>
          </ns3:TrackPointExtension>
        </extensions>
      </trkpt>
      <trkpt lat="36.68620490469038486480712890625" lon="117.28642520494759082794189453125">
        <ele>97</ele>
        <time>2026-07-18T03:32:30.000Z</time>
        <extensions>
          <ns3:TrackPointExtension>
            <ns3:hr>136</ns3:hr>
          </ns3:TrackPointExtension>
        </extensions>
      </trkpt>
      <trkpt lat="36.68620490469038486480712890625" lon="117.28642520494759082794189453125">
        <ele>96.8000030517578125</ele>
        <time>2026-07-18T03:32:37.000Z</time>
        <extensions>
          <ns3:TrackPointExtension>
            <ns3:hr>134</ns3:hr>
          </ns3:TrackPointExtension>
        </extensions>
      </trkpt>
      <trkpt lat="36.686197780072689056396484375" lon="117.28641766123473644256591796875">
        <ele>96.8000030517578125</ele>
        <time>2026-07-18T03:32:49.000Z</time>
        <extensions>
          <ns3:TrackPointExtension>
            <ns3:hr>133</ns3:hr>
          </ns3:TrackPointExtension>
        </extensions>
      </trkpt>
      <trkpt lat="36.68620490469038486480712890625" lon="117.28642520494759082794189453125">
        <ele>96.8000030517578125</ele>
        <time>2026-07-18T03:32:54.000Z</time>
        <extensions>
          <ns3:TrackPointExtension>
            <ns3:hr>131</ns3:hr>
          </ns3:TrackPointExtension>
        </extensions>
      </trkpt>
    </trkseg>
  </trk>
</gpx>
