<gpx xmlns:ns3="http://www.garmin.com/xmlschemas/TrackPointExtension/v1" xmlns="http://www.topografix.com/GPX/1/1" xmlns:xsi="http://www.w3.org/2001/XMLSchema-instance" xmlns:ns2="http://www.garmin.com/xmlschemas/GpxExtensions/v3" creator="Garmin Connect" version="1.1" xsi:schemaLocation="http://www.topografix.com/GPX/1/1 http://www.topografix.com/GPX/11.xsd">
  <extensions>
<distance>4916.62</distance>
<average_hr>107.0</average_hr>
<average_speed>1.1770000457763672</average_speed>
<start_time>2026-08-13T23:12:36+00:00</start_time>
<end_time>2026-08-14T00:22:12.467000+00:00</end_time>
<moving_time>3787.0</moving_time>
<elapsed_time>4404.046</elapsed_time>
</extensions>
<metadata>
    <link href="connect.garmin.com">
      <text>Garmin Connect</text>
    </link>
    <time>2026-08-13T23:12:36.000Z</time>
  </metadata>
  <trk>
    <name>济南市 追踪活动</name>
    <type>other</type>
    <trkseg>
      <trkpt lat="36.682674027979373931884765625" lon="117.2911795042455196380615234375">
        <ele>145.600006103515625</ele>
        <time>2026-08-13T23:14:44.000Z</time>
        <extensions>
          <ns3:TrackPointExtension>
            <ns3:hr>109</ns3:hr>
          </ns3:TrackPointExtension>
        </extensions>
      </trkpt>
      <trkpt lat="36.68270780704915523529052734375" lon="117.29111454449594020843505859375">
        <ele>145.8000030517578125</ele>
        <time>2026-08-13T23:14:46.000Z</time>
        <extensions>
          <ns3:TrackPointExtension>
            <ns3:hr>108</ns3:hr>
          </ns3:TrackPointExtension>
        </extensions>
      </trkpt>
      <trkpt lat="36.682743765413761138916015625" lon="117.2910252772271633148193359375">
        <ele>145.600006103515625</ele>
        <time>2026-08-13T23:14:51.000Z</time>
        <extensions>
          <ns3:TrackPointExtension>
            <ns3:hr>110</ns3:hr>
          </ns3:TrackPointExtension>
        </extensions>
      </trkpt>
      <trkpt lat="36.68273932300508022308349609375" lon="117.2909994609653949737548828125">
        <ele>145.600006103515625</ele>
        <time>2026-08-13T23:14:56.000Z</time>
        <extensions>
          <ns3:TrackPointExtension>
            <ns3:hr>112</ns3:hr>
          </ns3:TrackPointExtension>
        </extensions>
      </trkpt>
      <trkpt lat="36.682730354368686676025390625" lon="117.2909954376518726348876953125">
        <ele>145.600006103515625</ele>
        <time>2026-08-13T23:14:57.000Z</time>
        <extensions>
          <ns3:TrackPointExtension>
            <ns3:hr>113</ns3:hr>
          </ns3:TrackPointExtension>
        </extensions>
      </trkpt>
      <trkpt lat="36.68270646594464778900146484375" lon="117.290986888110637664794921875">
        <ele>145.8000030517578125</ele>
        <time>2026-08-13T23:15:01.000Z</time>
        <extensions>
          <ns3:TrackPointExtension>
            <ns3:hr>116</ns3:hr>
          </ns3:TrackPointExtension>
        </extensions>
      </trkpt>
      <trkpt lat="36.68270462192595005035400390625" lon="117.290982864797115325927734375">
        <ele>145.8000030517578125</ele>
        <time>2026-08-13T23:15:02.000Z</time>
        <extensions>
          <ns3:TrackPointExtension>
            <ns3:hr>116</ns3:hr>
          </ns3:TrackPointExtension>
        </extensions>
      </trkpt>
      <trkpt lat="36.6827053762972354888916015625" lon="117.29098143987357616424560546875">
        <ele>145.600006103515625</ele>
        <time>2026-08-13T23:15:07.000Z</time>
        <extensions>
          <ns3:TrackPointExtension>
            <ns3:hr>113</ns3:hr>
          </ns3:TrackPointExtension>
        </extensions>
      </trkpt>
      <trkpt lat="36.68267729692161083221435546875" lon="117.29098948650062084197998046875">
        <ele>145.399993896484375</ele>
        <time>2026-08-13T23:15:09.000Z</time>
        <extensions>
          <ns3:TrackPointExtension>
            <ns3:hr>111</ns3:hr>
          </ns3:TrackPointExtension>
        </extensions>
      </trkpt>
      <trkpt lat="36.6825999319553375244140625" lon="117.29101127944886684417724609375">
        <ele>145.399993896484375</ele>
        <time>2026-08-13T23:15:14.000Z</time>
        <extensions>
          <ns3:TrackPointExtension>
            <ns3:hr>110</ns3:hr>
          </ns3:TrackPointExtension>
        </extensions>
      </trkpt>
      <trkpt lat="36.68258249759674072265625" lon="117.29098948650062084197998046875">
        <ele>145.399993896484375</ele>
        <time>2026-08-13T23:15:16.000Z</time>
        <extensions>
          <ns3:TrackPointExtension>
            <ns3:hr>109</ns3:hr>
          </ns3:TrackPointExtension>
        </extensions>
      </trkpt>
      <trkpt lat="36.682569421827793121337890625" lon="117.29098965413868427276611328125">
        <ele>145.399993896484375</ele>
        <time>2026-08-13T23:15:18.000Z</time>
        <extensions>
          <ns3:TrackPointExtension>
            <ns3:hr>109</ns3:hr>
          </ns3:TrackPointExtension>
        </extensions>
      </trkpt>
      <trkpt lat="36.6825602017343044281005859375" lon="117.29099552147090435028076171875">
        <ele>145.399993896484375</ele>
        <time>2026-08-13T23:15:19.000Z</time>
        <extensions>
          <ns3:TrackPointExtension>
            <ns3:hr>110</ns3:hr>
          </ns3:TrackPointExtension>
        </extensions>
      </trkpt>
      <trkpt lat="36.68252709321677684783935546875" lon="117.29100591503083705902099609375">
        <ele>145.399993896484375</ele>
        <time>2026-08-13T23:15:22.000Z</time>
        <extensions>
          <ns3:TrackPointExtension>
            <ns3:hr>110</ns3:hr>
          </ns3:TrackPointExtension>
        </extensions>
      </trkpt>
      <trkpt lat="36.68246783316135406494140625" lon="117.29101127944886684417724609375">
        <ele>145.399993896484375</ele>
        <time>2026-08-13T23:15:27.000Z</time>
        <extensions>
          <ns3:TrackPointExtension>
            <ns3:hr>110</ns3:hr>
          </ns3:TrackPointExtension>
        </extensions>
      </trkpt>
      <trkpt lat="36.68241946958005428314208984375" lon="117.2910301387310028076171875">
        <ele>145.600006103515625</ele>
        <time>2026-08-13T23:15:32.000Z</time>
        <extensions>
          <ns3:TrackPointExtension>
            <ns3:hr>108</ns3:hr>
          </ns3:TrackPointExtension>
        </extensions>
      </trkpt>
      <trkpt lat="36.6823960840702056884765625" lon="117.29103927500545978546142578125">
        <ele>145.8000030517578125</ele>
        <time>2026-08-13T23:15:35.000Z</time>
        <extensions>
          <ns3:TrackPointExtension>
            <ns3:hr>109</ns3:hr>
          </ns3:TrackPointExtension>
        </extensions>
      </trkpt>
      <trkpt lat="36.68238812126219272613525390625" lon="117.2910393588244915008544921875">
        <ele>145.600006103515625</ele>
        <time>2026-08-13T23:15:36.000Z</time>
        <extensions>
          <ns3:TrackPointExtension>
            <ns3:hr>109</ns3:hr>
          </ns3:TrackPointExtension>
        </extensions>
      </trkpt>
      <trkpt lat="36.68236456811428070068359375" lon="117.2910386882722377777099609375">
        <ele>145.600006103515625</ele>
        <time>2026-08-13T23:15:38.000Z</time>
        <extensions>
          <ns3:TrackPointExtension>
            <ns3:hr>111</ns3:hr>
          </ns3:TrackPointExtension>
        </extensions>
      </trkpt>
      <trkpt lat="36.68231888674199581146240234375" lon="117.29102720506489276885986328125">
        <ele>145.600006103515625</ele>
        <time>2026-08-13T23:15:42.000Z</time>
        <extensions>
          <ns3:TrackPointExtension>
            <ns3:hr>112</ns3:hr>
          </ns3:TrackPointExtension>
        </extensions>
      </trkpt>
      <trkpt lat="36.68226222507655620574951171875" lon="117.2910182364284992218017578125">
        <ele>146.1999969482421875</ele>
        <time>2026-08-13T23:15:47.000Z</time>
        <extensions>
          <ns3:TrackPointExtension>
            <ns3:hr>109</ns3:hr>
          </ns3:TrackPointExtension>
        </extensions>
      </trkpt>
      <trkpt lat="36.68224428780376911163330078125" lon="117.2910155542194843292236328125">
        <ele>146.1999969482421875</ele>
        <time>2026-08-13T23:15:48.000Z</time>
        <extensions>
          <ns3:TrackPointExtension>
            <ns3:hr>109</ns3:hr>
          </ns3:TrackPointExtension>
        </extensions>
      </trkpt>
      <trkpt lat="36.6821789927780628204345703125" lon="117.29101144708693027496337890625">
        <ele>146</ele>
        <time>2026-08-13T23:15:53.000Z</time>
        <extensions>
          <ns3:TrackPointExtension>
            <ns3:hr>107</ns3:hr>
          </ns3:TrackPointExtension>
        </extensions>
      </trkpt>
      <trkpt lat="36.6821367479860782623291015625" lon="117.2910091839730739593505859375">
        <ele>146.1999969482421875</ele>
        <time>2026-08-13T23:15:57.000Z</time>
        <extensions>
          <ns3:TrackPointExtension>
            <ns3:hr>108</ns3:hr>
          </ns3:TrackPointExtension>
        </extensions>
      </trkpt>
      <trkpt lat="36.68211034499108791351318359375" lon="117.29101664386689662933349609375">
        <ele>146.1999969482421875</ele>
        <time>2026-08-13T23:15:59.000Z</time>
        <extensions>
          <ns3:TrackPointExtension>
            <ns3:hr>109</ns3:hr>
          </ns3:TrackPointExtension>
        </extensions>
      </trkpt>
      <trkpt lat="36.6821038909256458282470703125" lon="117.29100826196372509002685546875">
        <ele>146.600006103515625</ele>
        <time>2026-08-13T23:16:00.000Z</time>
        <extensions>
          <ns3:TrackPointExtension>
            <ns3:hr>109</ns3:hr>
          </ns3:TrackPointExtension>
        </extensions>
      </trkpt>
      <trkpt lat="36.682053767144680023193359375" lon="117.29102569632232189178466796875">
        <ele>147.1999969482421875</ele>
        <time>2026-08-13T23:16:04.000Z</time>
        <extensions>
          <ns3:TrackPointExtension>
            <ns3:hr>110</ns3:hr>
          </ns3:TrackPointExtension>
        </extensions>
      </trkpt>
      <trkpt lat="36.68198998086154460906982421875" lon="117.2910179011523723602294921875">
        <ele>146.399993896484375</ele>
        <time>2026-08-13T23:16:10.000Z</time>
        <extensions>
          <ns3:TrackPointExtension>
            <ns3:hr>110</ns3:hr>
          </ns3:TrackPointExtension>
        </extensions>
      </trkpt>
      <trkpt lat="36.6818993724882602691650390625" lon="117.2910274565219879150390625">
        <ele>146.600006103515625</ele>
        <time>2026-08-13T23:16:17.000Z</time>
        <extensions>
          <ns3:TrackPointExtension>
            <ns3:hr>108</ns3:hr>
          </ns3:TrackPointExtension>
        </extensions>
      </trkpt>
      <trkpt lat="36.681830473244190216064453125" lon="117.2910329885780811309814453125">
        <ele>146.600006103515625</ele>
        <time>2026-08-13T23:16:23.000Z</time>
        <extensions>
          <ns3:TrackPointExtension>
            <ns3:hr>108</ns3:hr>
          </ns3:TrackPointExtension>
        </extensions>
      </trkpt>
      <trkpt lat="36.68175729922950267791748046875" lon="117.29104195721447467803955078125">
        <ele>146.8000030517578125</ele>
        <time>2026-08-13T23:16:28.000Z</time>
        <extensions>
          <ns3:TrackPointExtension>
            <ns3:hr>110</ns3:hr>
          </ns3:TrackPointExtension>
        </extensions>
      </trkpt>
      <trkpt lat="36.6816884838044643402099609375" lon="117.29103885591030120849609375">
        <ele>147</ele>
        <time>2026-08-13T23:16:32.000Z</time>
        <extensions>
          <ns3:TrackPointExtension>
            <ns3:hr>108</ns3:hr>
          </ns3:TrackPointExtension>
        </extensions>
      </trkpt>
      <trkpt lat="36.68163140304386615753173828125" lon="117.291037179529666900634765625">
        <ele>146.8000030517578125</ele>
        <time>2026-08-13T23:16:36.000Z</time>
        <extensions>
          <ns3:TrackPointExtension>
            <ns3:hr>109</ns3:hr>
          </ns3:TrackPointExtension>
        </extensions>
      </trkpt>
      <trkpt lat="36.68160659261047840118408203125" lon="117.291047237813472747802734375">
        <ele>146.8000030517578125</ele>
        <time>2026-08-13T23:16:38.000Z</time>
        <extensions>
          <ns3:TrackPointExtension>
            <ns3:hr>112</ns3:hr>
          </ns3:TrackPointExtension>
        </extensions>
      </trkpt>
      <trkpt lat="36.6815701313316822052001953125" lon="117.29104581288993358612060546875">
        <ele>146.8000030517578125</ele>
        <time>2026-08-13T23:16:41.000Z</time>
        <extensions>
          <ns3:TrackPointExtension>
            <ns3:hr>113</ns3:hr>
          </ns3:TrackPointExtension>
        </extensions>
      </trkpt>
      <trkpt lat="36.681565605103969573974609375" lon="117.2910430468618869781494140625">
        <ele>147</ele>
        <time>2026-08-13T23:16:42.000Z</time>
        <extensions>
          <ns3:TrackPointExtension>
            <ns3:hr>113</ns3:hr>
          </ns3:TrackPointExtension>
        </extensions>
      </trkpt>
      <trkpt lat="36.68148237280547618865966796875" lon="117.291045896708965301513671875">
        <ele>147</ele>
        <time>2026-08-13T23:16:49.000Z</time>
        <extensions>
          <ns3:TrackPointExtension>
            <ns3:hr>114</ns3:hr>
          </ns3:TrackPointExtension>
        </extensions>
      </trkpt>
      <trkpt lat="36.68144331313669681549072265625" lon="117.29103290475904941558837890625">
        <ele>147</ele>
        <time>2026-08-13T23:16:53.000Z</time>
        <extensions>
          <ns3:TrackPointExtension>
            <ns3:hr>117</ns3:hr>
          </ns3:TrackPointExtension>
        </extensions>
      </trkpt>
      <trkpt lat="36.68142772279679775238037109375" lon="117.2910356707870960235595703125">
        <ele>147</ele>
        <time>2026-08-13T23:16:54.000Z</time>
        <extensions>
          <ns3:TrackPointExtension>
            <ns3:hr>118</ns3:hr>
          </ns3:TrackPointExtension>
        </extensions>
      </trkpt>
      <trkpt lat="36.681372821331024169921875" lon="117.29102100245654582977294921875">
        <ele>147</ele>
        <time>2026-08-13T23:17:00.000Z</time>
        <extensions>
          <ns3:TrackPointExtension>
            <ns3:hr>119</ns3:hr>
          </ns3:TrackPointExtension>
        </extensions>
      </trkpt>
      <trkpt lat="36.68135932646691799163818359375" lon="117.29102603159844875335693359375">
        <ele>147</ele>
        <time>2026-08-13T23:17:02.000Z</time>
        <extensions>
          <ns3:TrackPointExtension>
            <ns3:hr>115</ns3:hr>
          </ns3:TrackPointExtension>
        </extensions>
      </trkpt>
      <trkpt lat="36.681357063353061676025390625" lon="117.29103039018809795379638671875">
        <ele>147</ele>
        <time>2026-08-13T23:17:03.000Z</time>
        <extensions>
          <ns3:TrackPointExtension>
            <ns3:hr>112</ns3:hr>
          </ns3:TrackPointExtension>
        </extensions>
      </trkpt>
      <trkpt lat="36.6813498549163341522216796875" lon="117.29103592224419116973876953125">
        <ele>147</ele>
        <time>2026-08-13T23:17:04.000Z</time>
        <extensions>
          <ns3:TrackPointExtension>
            <ns3:hr>109</ns3:hr>
          </ns3:TrackPointExtension>
        </extensions>
      </trkpt>
      <trkpt lat="36.6813203506171703338623046875" lon="117.29102368466556072235107421875">
        <ele>147</ele>
        <time>2026-08-13T23:17:06.000Z</time>
        <extensions>
          <ns3:TrackPointExtension>
            <ns3:hr>105</ns3:hr>
          </ns3:TrackPointExtension>
        </extensions>
      </trkpt>
      <trkpt lat="36.68125254102051258087158203125" lon="117.29102066718041896820068359375">
        <ele>147.1999969482421875</ele>
        <time>2026-08-13T23:17:12.000Z</time>
        <extensions>
          <ns3:TrackPointExtension>
            <ns3:hr>105</ns3:hr>
          </ns3:TrackPointExtension>
        </extensions>
      </trkpt>
      <trkpt lat="36.68119017966091632843017578125" lon="117.29102334938943386077880859375">
        <ele>147.1999969482421875</ele>
        <time>2026-08-13T23:17:17.000Z</time>
        <extensions>
          <ns3:TrackPointExtension>
            <ns3:hr>105</ns3:hr>
          </ns3:TrackPointExtension>
        </extensions>
      </trkpt>
      <trkpt lat="36.6811738349497318267822265625" lon="117.2910276241600513458251953125">
        <ele>147.600006103515625</ele>
        <time>2026-08-13T23:17:19.000Z</time>
        <extensions>
          <ns3:TrackPointExtension>
            <ns3:hr>114</ns3:hr>
          </ns3:TrackPointExtension>
        </extensions>
      </trkpt>
      <trkpt lat="36.68116134591400623321533203125" lon="117.29102921672165393829345703125">
        <ele>147.8000030517578125</ele>
        <time>2026-08-13T23:17:20.000Z</time>
        <extensions>
          <ns3:TrackPointExtension>
            <ns3:hr>124</ns3:hr>
          </ns3:TrackPointExtension>
        </extensions>
      </trkpt>
      <trkpt lat="36.68115095235407352447509765625" lon="117.2910309769213199615478515625">
        <ele>148</ele>
        <time>2026-08-13T23:17:21.000Z</time>
        <extensions>
          <ns3:TrackPointExtension>
            <ns3:hr>134</ns3:hr>
          </ns3:TrackPointExtension>
        </extensions>
      </trkpt>
      <trkpt lat="36.68113502673804759979248046875" lon="117.29103240184485912322998046875">
        <ele>148</ele>
        <time>2026-08-13T23:17:22.000Z</time>
        <extensions>
          <ns3:TrackPointExtension>
            <ns3:hr>131</ns3:hr>
          </ns3:TrackPointExtension>
        </extensions>
      </trkpt>
      <trkpt lat="36.68112144805490970611572265625" lon="117.29103483259677886962890625">
        <ele>148.1999969482421875</ele>
        <time>2026-08-13T23:17:23.000Z</time>
        <extensions>
          <ns3:TrackPointExtension>
            <ns3:hr>133</ns3:hr>
          </ns3:TrackPointExtension>
        </extensions>
      </trkpt>
      <trkpt lat="36.68110904283821582794189453125" lon="117.29103726334869861602783203125">
        <ele>148</ele>
        <time>2026-08-13T23:17:24.000Z</time>
        <extensions>
          <ns3:TrackPointExtension>
            <ns3:hr>129</ns3:hr>
          </ns3:TrackPointExtension>
        </extensions>
      </trkpt>
      <trkpt lat="36.68109630234539508819580078125" lon="117.291037850081920623779296875">
        <ele>148</ele>
        <time>2026-08-13T23:17:25.000Z</time>
        <extensions>
          <ns3:TrackPointExtension>
            <ns3:hr>123</ns3:hr>
          </ns3:TrackPointExtension>
        </extensions>
      </trkpt>
      <trkpt lat="36.68108339421451091766357421875" lon="117.29103810153901576995849609375">
        <ele>148</ele>
        <time>2026-08-13T23:17:26.000Z</time>
        <extensions>
          <ns3:TrackPointExtension>
            <ns3:hr>119</ns3:hr>
          </ns3:TrackPointExtension>
        </extensions>
      </trkpt>
      <trkpt lat="36.68107383884489536285400390625" lon="117.29104162193834781646728515625">
        <ele>148</ele>
        <time>2026-08-13T23:17:27.000Z</time>
        <extensions>
          <ns3:TrackPointExtension>
            <ns3:hr>116</ns3:hr>
          </ns3:TrackPointExtension>
        </extensions>
      </trkpt>
      <trkpt lat="36.68105087243020534515380859375" lon="117.2910517640411853790283203125">
        <ele>147.600006103515625</ele>
        <time>2026-08-13T23:17:29.000Z</time>
        <extensions>
          <ns3:TrackPointExtension>
            <ns3:hr>107</ns3:hr>
          </ns3:TrackPointExtension>
        </extensions>
      </trkpt>
      <trkpt lat="36.681041903793811798095703125" lon="117.29105352424085140228271484375">
        <ele>147.600006103515625</ele>
        <time>2026-08-13T23:17:30.000Z</time>
        <extensions>
          <ns3:TrackPointExtension>
            <ns3:hr>105</ns3:hr>
          </ns3:TrackPointExtension>
        </extensions>
      </trkpt>
      <trkpt lat="36.6809733398258686065673828125" lon="117.29105285368859767913818359375">
        <ele>147.1999969482421875</ele>
        <time>2026-08-13T23:17:38.000Z</time>
        <extensions>
          <ns3:TrackPointExtension>
            <ns3:hr>107</ns3:hr>
          </ns3:TrackPointExtension>
        </extensions>
      </trkpt>
      <trkpt lat="36.68094475753605365753173828125" lon="117.29105754755437374114990234375">
        <ele>147.1999969482421875</ele>
        <time>2026-08-13T23:17:41.000Z</time>
        <extensions>
          <ns3:TrackPointExtension>
            <ns3:hr>110</ns3:hr>
          </ns3:TrackPointExtension>
        </extensions>
      </trkpt>
      <trkpt lat="36.6809183545410633087158203125" lon="117.2910569608211517333984375">
        <ele>147.1999969482421875</ele>
        <time>2026-08-13T23:17:43.000Z</time>
        <extensions>
          <ns3:TrackPointExtension>
            <ns3:hr>110</ns3:hr>
          </ns3:TrackPointExtension>
        </extensions>
      </trkpt>
      <trkpt lat="36.68082372285425662994384765625" lon="117.2910370118916034698486328125">
        <ele>147.1999969482421875</ele>
        <time>2026-08-13T23:17:51.000Z</time>
        <extensions>
          <ns3:TrackPointExtension>
            <ns3:hr>104</ns3:hr>
          </ns3:TrackPointExtension>
        </extensions>
      </trkpt>
      <trkpt lat="36.680778376758098602294921875" lon="117.29101748205721378326416015625">
        <ele>147.399993896484375</ele>
        <time>2026-08-13T23:17:56.000Z</time>
        <extensions>
          <ns3:TrackPointExtension>
            <ns3:hr>107</ns3:hr>
          </ns3:TrackPointExtension>
        </extensions>
      </trkpt>
      <trkpt lat="36.6807637922465801239013671875" lon="117.29102083481848239898681640625">
        <ele>147.399993896484375</ele>
        <time>2026-08-13T23:17:57.000Z</time>
        <extensions>
          <ns3:TrackPointExtension>
            <ns3:hr>107</ns3:hr>
          </ns3:TrackPointExtension>
        </extensions>
      </trkpt>
      <trkpt lat="36.680705957114696502685546875" lon="117.29101580567657947540283203125">
        <ele>147.399993896484375</ele>
        <time>2026-08-13T23:18:03.000Z</time>
        <extensions>
          <ns3:TrackPointExtension>
            <ns3:hr>110</ns3:hr>
          </ns3:TrackPointExtension>
        </extensions>
      </trkpt>
      <trkpt lat="36.68069623410701751708984375" lon="117.29101345874369144439697265625">
        <ele>147.399993896484375</ele>
        <time>2026-08-13T23:18:04.000Z</time>
        <extensions>
          <ns3:TrackPointExtension>
            <ns3:hr>109</ns3:hr>
          </ns3:TrackPointExtension>
        </extensions>
      </trkpt>
      <trkpt lat="36.68063663877546787261962890625" lon="117.29102519340813159942626953125">
        <ele>147.600006103515625</ele>
        <time>2026-08-13T23:18:09.000Z</time>
        <extensions>
          <ns3:TrackPointExtension>
            <ns3:hr>110</ns3:hr>
          </ns3:TrackPointExtension>
        </extensions>
      </trkpt>
      <trkpt lat="36.6805867664515972137451171875" lon="117.29103877209126949310302734375">
        <ele>147.600006103515625</ele>
        <time>2026-08-13T23:18:13.000Z</time>
        <extensions>
          <ns3:TrackPointExtension>
            <ns3:hr>113</ns3:hr>
          </ns3:TrackPointExtension>
        </extensions>
      </trkpt>
      <trkpt lat="36.68056522496044635772705078125" lon="117.29104966856539249420166015625">
        <ele>147.600006103515625</ele>
        <time>2026-08-13T23:18:15.000Z</time>
        <extensions>
          <ns3:TrackPointExtension>
            <ns3:hr>114</ns3:hr>
          </ns3:TrackPointExtension>
        </extensions>
      </trkpt>
      <trkpt lat="36.68047520332038402557373046875" lon="117.2910596430301666259765625">
        <ele>147.600006103515625</ele>
        <time>2026-08-13T23:18:22.000Z</time>
        <extensions>
          <ns3:TrackPointExtension>
            <ns3:hr>113</ns3:hr>
          </ns3:TrackPointExtension>
        </extensions>
      </trkpt>
      <trkpt lat="36.6804550029337406158447265625" lon="117.29105201549828052520751953125">
        <ele>147.600006103515625</ele>
        <time>2026-08-13T23:18:24.000Z</time>
        <extensions>
          <ns3:TrackPointExtension>
            <ns3:hr>110</ns3:hr>
          </ns3:TrackPointExtension>
        </extensions>
      </trkpt>
      <trkpt lat="36.680442430078983306884765625" lon="117.2910534404218196868896484375">
        <ele>147.600006103515625</ele>
        <time>2026-08-13T23:18:25.000Z</time>
        <extensions>
          <ns3:TrackPointExtension>
            <ns3:hr>105</ns3:hr>
          </ns3:TrackPointExtension>
        </extensions>
      </trkpt>
      <trkpt lat="36.68041619472205638885498046875" lon="117.29106006212532520294189453125">
        <ele>147.8000030517578125</ele>
        <time>2026-08-13T23:18:27.000Z</time>
        <extensions>
          <ns3:TrackPointExtension>
            <ns3:hr>103</ns3:hr>
          </ns3:TrackPointExtension>
        </extensions>
      </trkpt>
      <trkpt lat="36.680362634360790252685546875" lon="117.29106995277106761932373046875">
        <ele>148</ele>
        <time>2026-08-13T23:18:32.000Z</time>
        <extensions>
          <ns3:TrackPointExtension>
            <ns3:hr>105</ns3:hr>
          </ns3:TrackPointExtension>
        </extensions>
      </trkpt>
      <trkpt lat="36.68034293688833713531494140625" lon="117.2910588048398494720458984375">
        <ele>148.1999969482421875</ele>
        <time>2026-08-13T23:18:35.000Z</time>
        <extensions>
          <ns3:TrackPointExtension>
            <ns3:hr>105</ns3:hr>
          </ns3:TrackPointExtension>
        </extensions>
      </trkpt>
      <trkpt lat="36.68033136986196041107177734375" lon="117.29105654172599315643310546875">
        <ele>148.399993896484375</ele>
        <time>2026-08-13T23:18:36.000Z</time>
        <extensions>
          <ns3:TrackPointExtension>
            <ns3:hr>105</ns3:hr>
          </ns3:TrackPointExtension>
        </extensions>
      </trkpt>
      <trkpt lat="36.6803212277591228485107421875" lon="117.29105218313634395599365234375">
        <ele>148.600006103515625</ele>
        <time>2026-08-13T23:18:37.000Z</time>
        <extensions>
          <ns3:TrackPointExtension>
            <ns3:hr>106</ns3:hr>
          </ns3:TrackPointExtension>
        </extensions>
      </trkpt>
      <trkpt lat="36.6803120076656341552734375" lon="117.29104958474636077880859375">
        <ele>148.600006103515625</ele>
        <time>2026-08-13T23:18:38.000Z</time>
        <extensions>
          <ns3:TrackPointExtension>
            <ns3:hr>107</ns3:hr>
          </ns3:TrackPointExtension>
        </extensions>
      </trkpt>
      <trkpt lat="36.68029868043959140777587890625" lon="117.29104824364185333251953125">
        <ele>148.8000030517578125</ele>
        <time>2026-08-13T23:18:40.000Z</time>
        <extensions>
          <ns3:TrackPointExtension>
            <ns3:hr>110</ns3:hr>
          </ns3:TrackPointExtension>
        </extensions>
      </trkpt>
      <trkpt lat="36.680286191403865814208984375" lon="117.291040532290935516357421875">
        <ele>148.8000030517578125</ele>
        <time>2026-08-13T23:18:41.000Z</time>
        <extensions>
          <ns3:TrackPointExtension>
            <ns3:hr>111</ns3:hr>
          </ns3:TrackPointExtension>
        </extensions>
      </trkpt>
      <trkpt lat="36.68027085252106189727783203125" lon="117.29103893972933292388916015625">
        <ele>148.600006103515625</ele>
        <time>2026-08-13T23:18:44.000Z</time>
        <extensions>
          <ns3:TrackPointExtension>
            <ns3:hr>109</ns3:hr>
          </ns3:TrackPointExtension>
        </extensions>
      </trkpt>
      <trkpt lat="36.68020463548600673675537109375" lon="117.29105922393500804901123046875">
        <ele>148.600006103515625</ele>
        <time>2026-08-13T23:18:50.000Z</time>
        <extensions>
          <ns3:TrackPointExtension>
            <ns3:hr>113</ns3:hr>
          </ns3:TrackPointExtension>
        </extensions>
      </trkpt>
      <trkpt lat="36.68017496354877948760986328125" lon="117.29103759862482547760009765625">
        <ele>148.399993896484375</ele>
        <time>2026-08-13T23:18:54.000Z</time>
        <extensions>
          <ns3:TrackPointExtension>
            <ns3:hr>116</ns3:hr>
          </ns3:TrackPointExtension>
        </extensions>
      </trkpt>
      <trkpt lat="36.68016490526497364044189453125" lon="117.2910406999289989471435546875">
        <ele>148.1999969482421875</ele>
        <time>2026-08-13T23:18:55.000Z</time>
        <extensions>
          <ns3:TrackPointExtension>
            <ns3:hr>116</ns3:hr>
          </ns3:TrackPointExtension>
        </extensions>
      </trkpt>
      <trkpt lat="36.6801435314118862152099609375" lon="117.29104715399444103240966796875">
        <ele>148</ele>
        <time>2026-08-13T23:18:57.000Z</time>
        <extensions>
          <ns3:TrackPointExtension>
            <ns3:hr>116</ns3:hr>
          </ns3:TrackPointExtension>
        </extensions>
      </trkpt>
      <trkpt lat="36.68009734712541103363037109375" lon="117.291078083217144012451171875">
        <ele>147.8000030517578125</ele>
        <time>2026-08-13T23:19:00.000Z</time>
        <extensions>
          <ns3:TrackPointExtension>
            <ns3:hr>116</ns3:hr>
          </ns3:TrackPointExtension>
        </extensions>
      </trkpt>
      <trkpt lat="36.680007912218570709228515625" lon="117.29108202271163463592529296875">
        <ele>148.1999969482421875</ele>
        <time>2026-08-13T23:19:06.000Z</time>
        <extensions>
          <ns3:TrackPointExtension>
            <ns3:hr>113</ns3:hr>
          </ns3:TrackPointExtension>
        </extensions>
      </trkpt>
      <trkpt lat="36.67996801435947418212890625" lon="117.29109057225286960601806640625">
        <ele>148.399993896484375</ele>
        <time>2026-08-13T23:19:08.000Z</time>
        <extensions>
          <ns3:TrackPointExtension>
            <ns3:hr>110</ns3:hr>
          </ns3:TrackPointExtension>
        </extensions>
      </trkpt>
      <trkpt lat="36.67993892915546894073486328125" lon="117.2910879738628864288330078125">
        <ele>148.399993896484375</ele>
        <time>2026-08-13T23:19:11.000Z</time>
        <extensions>
          <ns3:TrackPointExtension>
            <ns3:hr>109</ns3:hr>
          </ns3:TrackPointExtension>
        </extensions>
      </trkpt>
      <trkpt lat="36.67987405322492122650146484375" lon="117.2910966910421848297119140625">
        <ele>149</ele>
        <time>2026-08-13T23:19:17.000Z</time>
        <extensions>
          <ns3:TrackPointExtension>
            <ns3:hr>110</ns3:hr>
          </ns3:TrackPointExtension>
        </extensions>
      </trkpt>
      <trkpt lat="36.67980163358151912689208984375" lon="117.29109543375670909881591796875">
        <ele>148.399993896484375</ele>
        <time>2026-08-13T23:19:24.000Z</time>
        <extensions>
          <ns3:TrackPointExtension>
            <ns3:hr>110</ns3:hr>
          </ns3:TrackPointExtension>
        </extensions>
      </trkpt>
      <trkpt lat="36.679766178131103515625" lon="117.29108923114836215972900390625">
        <ele>148.399993896484375</ele>
        <time>2026-08-13T23:19:28.000Z</time>
        <extensions>
          <ns3:TrackPointExtension>
            <ns3:hr>110</ns3:hr>
          </ns3:TrackPointExtension>
        </extensions>
      </trkpt>
      <trkpt lat="36.67976056225597858428955078125" lon="117.291085459291934967041015625">
        <ele>148.399993896484375</ele>
        <time>2026-08-13T23:19:29.000Z</time>
        <extensions>
          <ns3:TrackPointExtension>
            <ns3:hr>110</ns3:hr>
          </ns3:TrackPointExtension>
        </extensions>
      </trkpt>
      <trkpt lat="36.6796634159982204437255859375" lon="117.29107439517974853515625">
        <ele>148.399993896484375</ele>
        <time>2026-08-13T23:19:37.000Z</time>
        <extensions>
          <ns3:TrackPointExtension>
            <ns3:hr>110</ns3:hr>
          </ns3:TrackPointExtension>
        </extensions>
      </trkpt>
      <trkpt lat="36.67959493584930896759033203125" lon="117.29108177125453948974609375">
        <ele>149</ele>
        <time>2026-08-13T23:19:42.000Z</time>
        <extensions>
          <ns3:TrackPointExtension>
            <ns3:hr>110</ns3:hr>
          </ns3:TrackPointExtension>
        </extensions>
      </trkpt>
      <trkpt lat="36.6795202530920505523681640625" lon="117.29108470492064952850341796875">
        <ele>149.1999969482421875</ele>
        <time>2026-08-13T23:19:48.000Z</time>
        <extensions>
          <ns3:TrackPointExtension>
            <ns3:hr>110</ns3:hr>
          </ns3:TrackPointExtension>
        </extensions>
      </trkpt>
      <trkpt lat="36.67950642295181751251220703125" lon="117.29108311235904693603515625">
        <ele>149.1999969482421875</ele>
        <time>2026-08-13T23:19:49.000Z</time>
        <extensions>
          <ns3:TrackPointExtension>
            <ns3:hr>110</ns3:hr>
          </ns3:TrackPointExtension>
        </extensions>
      </trkpt>
      <trkpt lat="36.6794672794640064239501953125" lon="117.291074730455875396728515625">
        <ele>149.1999969482421875</ele>
        <time>2026-08-13T23:19:53.000Z</time>
        <extensions>
          <ns3:TrackPointExtension>
            <ns3:hr>109</ns3:hr>
          </ns3:TrackPointExtension>
        </extensions>
      </trkpt>
      <trkpt lat="36.67944204993546009063720703125" lon="117.29106492362916469573974609375">
        <ele>149.1999969482421875</ele>
        <time>2026-08-13T23:19:55.000Z</time>
        <extensions>
          <ns3:TrackPointExtension>
            <ns3:hr>109</ns3:hr>
          </ns3:TrackPointExtension>
        </extensions>
      </trkpt>
      <trkpt lat="36.67940340936183929443359375" lon="117.291058637201786041259765625">
        <ele>149</ele>
        <time>2026-08-13T23:19:58.000Z</time>
        <extensions>
          <ns3:TrackPointExtension>
            <ns3:hr>107</ns3:hr>
          </ns3:TrackPointExtension>
        </extensions>
      </trkpt>
      <trkpt lat="36.679343394935131072998046875" lon="117.29106626473367214202880859375">
        <ele>148.600006103515625</ele>
        <time>2026-08-13T23:20:04.000Z</time>
        <extensions>
          <ns3:TrackPointExtension>
            <ns3:hr>108</ns3:hr>
          </ns3:TrackPointExtension>
        </extensions>
      </trkpt>
      <trkpt lat="36.67929670773446559906005859375" lon="117.29105402715504169464111328125">
        <ele>148.600006103515625</ele>
        <time>2026-08-13T23:20:08.000Z</time>
        <extensions>
          <ns3:TrackPointExtension>
            <ns3:hr>108</ns3:hr>
          </ns3:TrackPointExtension>
        </extensions>
      </trkpt>
      <trkpt lat="36.679274328052997589111328125" lon="117.29104782454669475555419921875">
        <ele>148.600006103515625</ele>
        <time>2026-08-13T23:20:10.000Z</time>
        <extensions>
          <ns3:TrackPointExtension>
            <ns3:hr>108</ns3:hr>
          </ns3:TrackPointExtension>
        </extensions>
      </trkpt>
      <trkpt lat="36.67919914238154888153076171875" lon="117.29103592224419116973876953125">
        <ele>148.8000030517578125</ele>
        <time>2026-08-13T23:20:17.000Z</time>
        <extensions>
          <ns3:TrackPointExtension>
            <ns3:hr>107</ns3:hr>
          </ns3:TrackPointExtension>
        </extensions>
      </trkpt>
      <trkpt lat="36.6791755892336368560791015625" lon="117.29104287922382354736328125">
        <ele>148.8000030517578125</ele>
        <time>2026-08-13T23:20:19.000Z</time>
        <extensions>
          <ns3:TrackPointExtension>
            <ns3:hr>111</ns3:hr>
          </ns3:TrackPointExtension>
        </extensions>
      </trkpt>
      <trkpt lat="36.67912521399557590484619140625" lon="117.2910463996231555938720703125">
        <ele>148.8000030517578125</ele>
        <time>2026-08-13T23:20:24.000Z</time>
        <extensions>
          <ns3:TrackPointExtension>
            <ns3:hr>109</ns3:hr>
          </ns3:TrackPointExtension>
        </extensions>
      </trkpt>
      <trkpt lat="36.6791038401424884796142578125" lon="117.29103575460612773895263671875">
        <ele>148.8000030517578125</ele>
        <time>2026-08-13T23:20:26.000Z</time>
        <extensions>
          <ns3:TrackPointExtension>
            <ns3:hr>108</ns3:hr>
          </ns3:TrackPointExtension>
        </extensions>
      </trkpt>
      <trkpt lat="36.67906151153147220611572265625" lon="117.29104447178542613983154296875">
        <ele>149</ele>
        <time>2026-08-13T23:20:29.000Z</time>
        <extensions>
          <ns3:TrackPointExtension>
            <ns3:hr>108</ns3:hr>
          </ns3:TrackPointExtension>
        </extensions>
      </trkpt>
      <trkpt lat="36.6790092922747135162353515625" lon="117.2910601459443569183349609375">
        <ele>149</ele>
        <time>2026-08-13T23:20:33.000Z</time>
        <extensions>
          <ns3:TrackPointExtension>
            <ns3:hr>105</ns3:hr>
          </ns3:TrackPointExtension>
        </extensions>
      </trkpt>
      <trkpt lat="36.67899680323898792266845703125" lon="117.291064672172069549560546875">
        <ele>149</ele>
        <time>2026-08-13T23:20:34.000Z</time>
        <extensions>
          <ns3:TrackPointExtension>
            <ns3:hr>105</ns3:hr>
          </ns3:TrackPointExtension>
        </extensions>
      </trkpt>
      <trkpt lat="36.6789385490119457244873046875" lon="117.2910893149673938751220703125">
        <ele>149</ele>
        <time>2026-08-13T23:20:40.000Z</time>
        <extensions>
          <ns3:TrackPointExtension>
            <ns3:hr>106</ns3:hr>
          </ns3:TrackPointExtension>
        </extensions>
      </trkpt>
      <trkpt lat="36.67886688373982906341552734375" lon="117.29107816703617572784423828125">
        <ele>149</ele>
        <time>2026-08-13T23:20:46.000Z</time>
        <extensions>
          <ns3:TrackPointExtension>
            <ns3:hr>109</ns3:hr>
          </ns3:TrackPointExtension>
        </extensions>
      </trkpt>
      <trkpt lat="36.67884550988674163818359375" lon="117.29108286090195178985595703125">
        <ele>149.1999969482421875</ele>
        <time>2026-08-13T23:20:49.000Z</time>
        <extensions>
          <ns3:TrackPointExtension>
            <ns3:hr>106</ns3:hr>
          </ns3:TrackPointExtension>
        </extensions>
      </trkpt>
      <trkpt lat="36.67880594730377197265625" lon="117.2910819388926029205322265625">
        <ele>149.1999969482421875</ele>
        <time>2026-08-13T23:20:52.000Z</time>
        <extensions>
          <ns3:TrackPointExtension>
            <ns3:hr>103</ns3:hr>
          </ns3:TrackPointExtension>
        </extensions>
      </trkpt>
      <trkpt lat="36.6787658818066120147705078125" lon="117.29107045568525791168212890625">
        <ele>149.1999969482421875</ele>
        <time>2026-08-13T23:20:58.000Z</time>
        <extensions>
          <ns3:TrackPointExtension>
            <ns3:hr>106</ns3:hr>
          </ns3:TrackPointExtension>
        </extensions>
      </trkpt>
      <trkpt lat="36.67875775136053562164306640625" lon="117.291071712970733642578125">
        <ele>149.1999969482421875</ele>
        <time>2026-08-13T23:20:59.000Z</time>
        <extensions>
          <ns3:TrackPointExtension>
            <ns3:hr>106</ns3:hr>
          </ns3:TrackPointExtension>
        </extensions>
      </trkpt>
      <trkpt lat="36.67869128286838531494140625" lon="117.29106794111430644989013671875">
        <ele>149.399993896484375</ele>
        <time>2026-08-13T23:21:05.000Z</time>
        <extensions>
          <ns3:TrackPointExtension>
            <ns3:hr>108</ns3:hr>
          </ns3:TrackPointExtension>
        </extensions>
      </trkpt>
      <trkpt lat="36.67863353155553340911865234375" lon="117.29106567800045013427734375">
        <ele>149.399993896484375</ele>
        <time>2026-08-13T23:21:10.000Z</time>
        <extensions>
          <ns3:TrackPointExtension>
            <ns3:hr>108</ns3:hr>
          </ns3:TrackPointExtension>
        </extensions>
      </trkpt>
      <trkpt lat="36.67857192456722259521484375" lon="117.29106710292398929595947265625">
        <ele>149.399993896484375</ele>
        <time>2026-08-13T23:21:15.000Z</time>
        <extensions>
          <ns3:TrackPointExtension>
            <ns3:hr>108</ns3:hr>
          </ns3:TrackPointExtension>
        </extensions>
      </trkpt>
      <trkpt lat="36.6785586811602115631103515625" lon="117.291067354381084442138671875">
        <ele>149.399993896484375</ele>
        <time>2026-08-13T23:21:16.000Z</time>
        <extensions>
          <ns3:TrackPointExtension>
            <ns3:hr>108</ns3:hr>
          </ns3:TrackPointExtension>
        </extensions>
      </trkpt>
      <trkpt lat="36.6784929670393466949462890625" lon="117.29108537547290325164794921875">
        <ele>149.399993896484375</ele>
        <time>2026-08-13T23:21:22.000Z</time>
        <extensions>
          <ns3:TrackPointExtension>
            <ns3:hr>109</ns3:hr>
          </ns3:TrackPointExtension>
        </extensions>
      </trkpt>
      <trkpt lat="36.67848433367908000946044921875" lon="117.29108311235904693603515625">
        <ele>149.399993896484375</ele>
        <time>2026-08-13T23:21:23.000Z</time>
        <extensions>
          <ns3:TrackPointExtension>
            <ns3:hr>125</ns3:hr>
          </ns3:TrackPointExtension>
        </extensions>
      </trkpt>
      <trkpt lat="36.678473688662052154541015625" lon="117.2910769097506999969482421875">
        <ele>149.399993896484375</ele>
        <time>2026-08-13T23:21:24.000Z</time>
        <extensions>
          <ns3:TrackPointExtension>
            <ns3:hr>135</ns3:hr>
          </ns3:TrackPointExtension>
        </extensions>
      </trkpt>
      <trkpt lat="36.67846220545470714569091796875" lon="117.29107213206589221954345703125">
        <ele>149.399993896484375</ele>
        <time>2026-08-13T23:21:25.000Z</time>
        <extensions>
          <ns3:TrackPointExtension>
            <ns3:hr>140</ns3:hr>
          </ns3:TrackPointExtension>
        </extensions>
      </trkpt>
      <trkpt lat="36.6784309409558773040771484375" lon="117.29106408543884754180908203125">
        <ele>149.399993896484375</ele>
        <time>2026-08-13T23:21:27.000Z</time>
        <extensions>
          <ns3:TrackPointExtension>
            <ns3:hr>138</ns3:hr>
          </ns3:TrackPointExtension>
        </extensions>
      </trkpt>
      <trkpt lat="36.678416691720485687255859375" lon="117.29106592945754528045654296875">
        <ele>149.399993896484375</ele>
        <time>2026-08-13T23:21:28.000Z</time>
        <extensions>
          <ns3:TrackPointExtension>
            <ns3:hr>131</ns3:hr>
          </ns3:TrackPointExtension>
        </extensions>
      </trkpt>
      <trkpt lat="36.67840755544602870941162109375" lon="117.2910581342875957489013671875">
        <ele>149.399993896484375</ele>
        <time>2026-08-13T23:21:29.000Z</time>
        <extensions>
          <ns3:TrackPointExtension>
            <ns3:hr>125</ns3:hr>
          </ns3:TrackPointExtension>
        </extensions>
      </trkpt>
      <trkpt lat="36.6783903725445270538330078125" lon="117.29105620644986629486083984375">
        <ele>149.399993896484375</ele>
        <time>2026-08-13T23:21:30.000Z</time>
        <extensions>
          <ns3:TrackPointExtension>
            <ns3:hr>119</ns3:hr>
          </ns3:TrackPointExtension>
        </extensions>
      </trkpt>
      <trkpt lat="36.6783793084323406219482421875" lon="117.2910494171082973480224609375">
        <ele>149.399993896484375</ele>
        <time>2026-08-13T23:21:31.000Z</time>
        <extensions>
          <ns3:TrackPointExtension>
            <ns3:hr>115</ns3:hr>
          </ns3:TrackPointExtension>
        </extensions>
      </trkpt>
      <trkpt lat="36.67836598120629787445068359375" lon="117.2910380177199840545654296875">
        <ele>149.399993896484375</ele>
        <time>2026-08-13T23:21:32.000Z</time>
        <extensions>
          <ns3:TrackPointExtension>
            <ns3:hr>112</ns3:hr>
          </ns3:TrackPointExtension>
        </extensions>
      </trkpt>
      <trkpt lat="36.67834217660129070281982421875" lon="117.29103424586355686187744140625">
        <ele>149.399993896484375</ele>
        <time>2026-08-13T23:21:34.000Z</time>
        <extensions>
          <ns3:TrackPointExtension>
            <ns3:hr>109</ns3:hr>
          </ns3:TrackPointExtension>
        </extensions>
      </trkpt>
      <trkpt lat="36.678302697837352752685546875" lon="117.2910381853580474853515625">
        <ele>149.399993896484375</ele>
        <time>2026-08-13T23:21:37.000Z</time>
        <extensions>
          <ns3:TrackPointExtension>
            <ns3:hr>110</ns3:hr>
          </ns3:TrackPointExtension>
        </extensions>
      </trkpt>
      <trkpt lat="36.67820513248443603515625" lon="117.29106240905821323394775390625">
        <ele>149.399993896484375</ele>
        <time>2026-08-13T23:21:43.000Z</time>
        <extensions>
          <ns3:TrackPointExtension>
            <ns3:hr>110</ns3:hr>
          </ns3:TrackPointExtension>
        </extensions>
      </trkpt>
      <trkpt lat="36.67814084328711032867431640625" lon="117.29108713567256927490234375">
        <ele>149.8000030517578125</ele>
        <time>2026-08-13T23:21:46.000Z</time>
        <extensions>
          <ns3:TrackPointExtension>
            <ns3:hr>110</ns3:hr>
          </ns3:TrackPointExtension>
        </extensions>
      </trkpt>
      <trkpt lat="36.67813916690647602081298828125" lon="117.29107682593166828155517578125">
        <ele>149.8000030517578125</ele>
        <time>2026-08-13T23:21:47.000Z</time>
        <extensions>
          <ns3:TrackPointExtension>
            <ns3:hr>110</ns3:hr>
          </ns3:TrackPointExtension>
        </extensions>
      </trkpt>
      <trkpt lat="36.67812642641365528106689453125" lon="117.29105235077440738677978515625">
        <ele>149.8000030517578125</ele>
        <time>2026-08-13T23:21:52.000Z</time>
        <extensions>
          <ns3:TrackPointExtension>
            <ns3:hr>111</ns3:hr>
          </ns3:TrackPointExtension>
        </extensions>
      </trkpt>
      <trkpt lat="36.6781208105385303497314453125" lon="117.29104564525187015533447265625">
        <ele>149.8000030517578125</ele>
        <time>2026-08-13T23:21:53.000Z</time>
        <extensions>
          <ns3:TrackPointExtension>
            <ns3:hr>112</ns3:hr>
          </ns3:TrackPointExtension>
        </extensions>
      </trkpt>
      <trkpt lat="36.6780953295528888702392578125" lon="117.29102904908359050750732421875">
        <ele>149.399993896484375</ele>
        <time>2026-08-13T23:21:56.000Z</time>
        <extensions>
          <ns3:TrackPointExtension>
            <ns3:hr>113</ns3:hr>
          </ns3:TrackPointExtension>
        </extensions>
      </trkpt>
      <trkpt lat="36.6780480556190013885498046875" lon="117.29101111181080341339111328125">
        <ele>149.600006103515625</ele>
        <time>2026-08-13T23:22:02.000Z</time>
        <extensions>
          <ns3:TrackPointExtension>
            <ns3:hr>114</ns3:hr>
          </ns3:TrackPointExtension>
        </extensions>
      </trkpt>
      <trkpt lat="36.67799047194421291351318359375" lon="117.29097490198910236358642578125">
        <ele>149.8000030517578125</ele>
        <time>2026-08-13T23:22:08.000Z</time>
        <extensions>
          <ns3:TrackPointExtension>
            <ns3:hr>114</ns3:hr>
          </ns3:TrackPointExtension>
        </extensions>
      </trkpt>
      <trkpt lat="36.6779598779976367950439453125" lon="117.29097758419811725616455078125">
        <ele>150</ele>
        <time>2026-08-13T23:22:10.000Z</time>
        <extensions>
          <ns3:TrackPointExtension>
            <ns3:hr>114</ns3:hr>
          </ns3:TrackPointExtension>
        </extensions>
      </trkpt>
      <trkpt lat="36.677900366485118865966796875" lon="117.2910081781446933746337890625">
        <ele>150.1999969482421875</ele>
        <time>2026-08-13T23:22:14.000Z</time>
        <extensions>
          <ns3:TrackPointExtension>
            <ns3:hr>113</ns3:hr>
          </ns3:TrackPointExtension>
        </extensions>
      </trkpt>
      <trkpt lat="36.67786784470081329345703125" lon="117.29104011319577693939208984375">
        <ele>150.600006103515625</ele>
        <time>2026-08-13T23:22:18.000Z</time>
        <extensions>
          <ns3:TrackPointExtension>
            <ns3:hr>111</ns3:hr>
          </ns3:TrackPointExtension>
        </extensions>
      </trkpt>
      <trkpt lat="36.67786206118762493133544921875" lon="117.29104866273701190948486328125">
        <ele>150.600006103515625</ele>
        <time>2026-08-13T23:22:19.000Z</time>
        <extensions>
          <ns3:TrackPointExtension>
            <ns3:hr>108</ns3:hr>
          </ns3:TrackPointExtension>
        </extensions>
      </trkpt>
      <trkpt lat="36.67785317637026309967041015625" lon="117.2910561226308345794677734375">
        <ele>150.600006103515625</ele>
        <time>2026-08-13T23:22:20.000Z</time>
        <extensions>
          <ns3:TrackPointExtension>
            <ns3:hr>108</ns3:hr>
          </ns3:TrackPointExtension>
        </extensions>
      </trkpt>
      <trkpt lat="36.67782501317560672760009765625" lon="117.291049920022487640380859375">
        <ele>150.8000030517578125</ele>
        <time>2026-08-13T23:22:23.000Z</time>
        <extensions>
          <ns3:TrackPointExtension>
            <ns3:hr>109</ns3:hr>
          </ns3:TrackPointExtension>
        </extensions>
      </trkpt>
      <trkpt lat="36.677817888557910919189453125" lon="117.2910417057573795318603515625">
        <ele>150.8000030517578125</ele>
        <time>2026-08-13T23:22:24.000Z</time>
        <extensions>
          <ns3:TrackPointExtension>
            <ns3:hr>112</ns3:hr>
          </ns3:TrackPointExtension>
        </extensions>
      </trkpt>
      <trkpt lat="36.6777717880904674530029296875" lon="117.29099384509027004241943359375">
        <ele>150.8000030517578125</ele>
        <time>2026-08-13T23:22:29.000Z</time>
        <extensions>
          <ns3:TrackPointExtension>
            <ns3:hr>114</ns3:hr>
          </ns3:TrackPointExtension>
        </extensions>
      </trkpt>
      <trkpt lat="36.67773909866809844970703125" lon="117.290957383811473846435546875">
        <ele>150.8000030517578125</ele>
        <time>2026-08-13T23:22:33.000Z</time>
        <extensions>
          <ns3:TrackPointExtension>
            <ns3:hr>112</ns3:hr>
          </ns3:TrackPointExtension>
        </extensions>
      </trkpt>
      <trkpt lat="36.67772912420332431793212890625" lon="117.29094740934669971466064453125">
        <ele>150.8000030517578125</ele>
        <time>2026-08-13T23:22:34.000Z</time>
        <extensions>
          <ns3:TrackPointExtension>
            <ns3:hr>112</ns3:hr>
          </ns3:TrackPointExtension>
        </extensions>
      </trkpt>
      <trkpt lat="36.677699871361255645751953125" lon="117.29087012819945812225341796875">
        <ele>150.8000030517578125</ele>
        <time>2026-08-13T23:22:40.000Z</time>
        <extensions>
          <ns3:TrackPointExtension>
            <ns3:hr>112</ns3:hr>
          </ns3:TrackPointExtension>
        </extensions>
      </trkpt>
      <trkpt lat="36.67769744060933589935302734375" lon="117.29085738770663738250732421875">
        <ele>150.8000030517578125</ele>
        <time>2026-08-13T23:22:41.000Z</time>
        <extensions>
          <ns3:TrackPointExtension>
            <ns3:hr>112</ns3:hr>
          </ns3:TrackPointExtension>
        </extensions>
      </trkpt>
      <trkpt lat="36.67768235318362712860107421875" lon="117.2908066771924495697021484375">
        <ele>150.8000030517578125</ele>
        <time>2026-08-13T23:22:45.000Z</time>
        <extensions>
          <ns3:TrackPointExtension>
            <ns3:hr>112</ns3:hr>
          </ns3:TrackPointExtension>
        </extensions>
      </trkpt>
      <trkpt lat="36.67767883278429508209228515625" lon="117.2907158173620700836181640625">
        <ele>150.8000030517578125</ele>
        <time>2026-08-13T23:22:51.000Z</time>
        <extensions>
          <ns3:TrackPointExtension>
            <ns3:hr>112</ns3:hr>
          </ns3:TrackPointExtension>
        </extensions>
      </trkpt>
      <trkpt lat="36.67765972204506397247314453125" lon="117.2906269691884517669677734375">
        <ele>150.8000030517578125</ele>
        <time>2026-08-13T23:22:57.000Z</time>
        <extensions>
          <ns3:TrackPointExtension>
            <ns3:hr>111</ns3:hr>
          </ns3:TrackPointExtension>
        </extensions>
      </trkpt>
      <trkpt lat="36.67765519581735134124755859375" lon="117.29055848903954029083251953125">
        <ele>150.600006103515625</ele>
        <time>2026-08-13T23:23:02.000Z</time>
        <extensions>
          <ns3:TrackPointExtension>
            <ns3:hr>110</ns3:hr>
          </ns3:TrackPointExtension>
        </extensions>
      </trkpt>
      <trkpt lat="36.6776380129158496856689453125" lon="117.29048623703420162200927734375">
        <ele>150.8000030517578125</ele>
        <time>2026-08-13T23:23:07.000Z</time>
        <extensions>
          <ns3:TrackPointExtension>
            <ns3:hr>110</ns3:hr>
          </ns3:TrackPointExtension>
        </extensions>
      </trkpt>
      <trkpt lat="36.67762066237628459930419921875" lon="117.290426306426525115966796875">
        <ele>150.600006103515625</ele>
        <time>2026-08-13T23:23:12.000Z</time>
        <extensions>
          <ns3:TrackPointExtension>
            <ns3:hr>113</ns3:hr>
          </ns3:TrackPointExtension>
        </extensions>
      </trkpt>
      <trkpt lat="36.6775989532470703125" lon="117.290377356112003326416015625">
        <ele>151.399993896484375</ele>
        <time>2026-08-13T23:23:16.000Z</time>
        <extensions>
          <ns3:TrackPointExtension>
            <ns3:hr>110</ns3:hr>
          </ns3:TrackPointExtension>
        </extensions>
      </trkpt>
      <trkpt lat="36.677589900791645050048828125" lon="117.290353216230869293212890625">
        <ele>151.600006103515625</ele>
        <time>2026-08-13T23:23:18.000Z</time>
        <extensions>
          <ns3:TrackPointExtension>
            <ns3:hr>107</ns3:hr>
          </ns3:TrackPointExtension>
        </extensions>
      </trkpt>
      <trkpt lat="36.67755000293254852294921875" lon="117.290287502110004425048828125">
        <ele>151.600006103515625</ele>
        <time>2026-08-13T23:23:24.000Z</time>
        <extensions>
          <ns3:TrackPointExtension>
            <ns3:hr>106</ns3:hr>
          </ns3:TrackPointExtension>
        </extensions>
      </trkpt>
      <trkpt lat="36.677510105073451995849609375" lon="117.2902434132993221282958984375">
        <ele>151</ele>
        <time>2026-08-13T23:23:29.000Z</time>
        <extensions>
          <ns3:TrackPointExtension>
            <ns3:hr>106</ns3:hr>
          </ns3:TrackPointExtension>
        </extensions>
      </trkpt>
      <trkpt lat="36.6774556227028369903564453125" lon="117.29016453959047794342041015625">
        <ele>151.1999969482421875</ele>
        <time>2026-08-13T23:23:36.000Z</time>
        <extensions>
          <ns3:TrackPointExtension>
            <ns3:hr>105</ns3:hr>
          </ns3:TrackPointExtension>
        </extensions>
      </trkpt>
      <trkpt lat="36.67743735015392303466796875" lon="117.29012732394039630889892578125">
        <ele>151.399993896484375</ele>
        <time>2026-08-13T23:23:39.000Z</time>
        <extensions>
          <ns3:TrackPointExtension>
            <ns3:hr>108</ns3:hr>
          </ns3:TrackPointExtension>
        </extensions>
      </trkpt>
      <trkpt lat="36.6774244420230388641357421875" lon="117.29009547270834445953369140625">
        <ele>151.399993896484375</ele>
        <time>2026-08-13T23:23:41.000Z</time>
        <extensions>
          <ns3:TrackPointExtension>
            <ns3:hr>109</ns3:hr>
          </ns3:TrackPointExtension>
        </extensions>
      </trkpt>
      <trkpt lat="36.6774063371121883392333984375" lon="117.2900546528398990631103515625">
        <ele>151.600006103515625</ele>
        <time>2026-08-13T23:23:44.000Z</time>
        <extensions>
          <ns3:TrackPointExtension>
            <ns3:hr>112</ns3:hr>
          </ns3:TrackPointExtension>
        </extensions>
      </trkpt>
      <trkpt lat="36.677402146160602569580078125" lon="117.29002037085592746734619140625">
        <ele>151.600006103515625</ele>
        <time>2026-08-13T23:23:46.000Z</time>
        <extensions>
          <ns3:TrackPointExtension>
            <ns3:hr>113</ns3:hr>
          </ns3:TrackPointExtension>
        </extensions>
      </trkpt>
      <trkpt lat="36.6773959435522556304931640625" lon="117.29000327177345752716064453125">
        <ele>151.8000030517578125</ele>
        <time>2026-08-13T23:23:47.000Z</time>
        <extensions>
          <ns3:TrackPointExtension>
            <ns3:hr>112</ns3:hr>
          </ns3:TrackPointExtension>
        </extensions>
      </trkpt>
      <trkpt lat="36.6773758269846439361572265625" lon="117.2899487055838108062744140625">
        <ele>152</ele>
        <time>2026-08-13T23:23:51.000Z</time>
        <extensions>
          <ns3:TrackPointExtension>
            <ns3:hr>113</ns3:hr>
          </ns3:TrackPointExtension>
        </extensions>
      </trkpt>
      <trkpt lat="36.67735529132187366485595703125" lon="117.28990570642054080963134765625">
        <ele>152.1999969482421875</ele>
        <time>2026-08-13T23:23:54.000Z</time>
        <extensions>
          <ns3:TrackPointExtension>
            <ns3:hr>113</ns3:hr>
          </ns3:TrackPointExtension>
        </extensions>
      </trkpt>
      <trkpt lat="36.67733944952487945556640625" lon="117.289882488548755645751953125">
        <ele>152.1999969482421875</ele>
        <time>2026-08-13T23:23:56.000Z</time>
        <extensions>
          <ns3:TrackPointExtension>
            <ns3:hr>113</ns3:hr>
          </ns3:TrackPointExtension>
        </extensions>
      </trkpt>
      <trkpt lat="36.67730784974992275238037109375" lon="117.28982926346361637115478515625">
        <ele>152.399993896484375</ele>
        <time>2026-08-13T23:24:01.000Z</time>
        <extensions>
          <ns3:TrackPointExtension>
            <ns3:hr>112</ns3:hr>
          </ns3:TrackPointExtension>
        </extensions>
      </trkpt>
      <trkpt lat="36.677302904427051544189453125" lon="117.2897572629153728485107421875">
        <ele>152.399993896484375</ele>
        <time>2026-08-13T23:24:06.000Z</time>
        <extensions>
          <ns3:TrackPointExtension>
            <ns3:hr>115</ns3:hr>
          </ns3:TrackPointExtension>
        </extensions>
      </trkpt>
      <trkpt lat="36.67730131186544895172119140625" lon="117.28974326513707637786865234375">
        <ele>152.600006103515625</ele>
        <time>2026-08-13T23:24:07.000Z</time>
        <extensions>
          <ns3:TrackPointExtension>
            <ns3:hr>114</ns3:hr>
          </ns3:TrackPointExtension>
        </extensions>
      </trkpt>
      <trkpt lat="36.67731656692922115325927734375" lon="117.28967092931270599365234375">
        <ele>152.1999969482421875</ele>
        <time>2026-08-13T23:24:12.000Z</time>
        <extensions>
          <ns3:TrackPointExtension>
            <ns3:hr>113</ns3:hr>
          </ns3:TrackPointExtension>
        </extensions>
      </trkpt>
      <trkpt lat="36.67733148671686649322509765625" lon="117.28957110084593296051025390625">
        <ele>152.1999969482421875</ele>
        <time>2026-08-13T23:24:18.000Z</time>
        <extensions>
          <ns3:TrackPointExtension>
            <ns3:hr>112</ns3:hr>
          </ns3:TrackPointExtension>
        </extensions>
      </trkpt>
      <trkpt lat="36.6773332469165325164794921875" lon="117.28949013166129589080810546875">
        <ele>152.1999969482421875</ele>
        <time>2026-08-13T23:24:23.000Z</time>
        <extensions>
          <ns3:TrackPointExtension>
            <ns3:hr>110</ns3:hr>
          </ns3:TrackPointExtension>
        </extensions>
      </trkpt>
      <trkpt lat="36.6773258708417415618896484375" lon="117.2894028760492801666259765625">
        <ele>152.1999969482421875</ele>
        <time>2026-08-13T23:24:29.000Z</time>
        <extensions>
          <ns3:TrackPointExtension>
            <ns3:hr>110</ns3:hr>
          </ns3:TrackPointExtension>
        </extensions>
      </trkpt>
      <trkpt lat="36.67731120251119136810302734375" lon="117.28933188132941722869873046875">
        <ele>152.1999969482421875</ele>
        <time>2026-08-13T23:24:35.000Z</time>
        <extensions>
          <ns3:TrackPointExtension>
            <ns3:hr>109</ns3:hr>
          </ns3:TrackPointExtension>
        </extensions>
      </trkpt>
      <trkpt lat="36.6773047484457492828369140625" lon="117.2892724536359310150146484375">
        <ele>152.8000030517578125</ele>
        <time>2026-08-13T23:24:39.000Z</time>
        <extensions>
          <ns3:TrackPointExtension>
            <ns3:hr>109</ns3:hr>
          </ns3:TrackPointExtension>
        </extensions>
      </trkpt>
      <trkpt lat="36.67730634100735187530517578125" lon="117.2892577014863491058349609375">
        <ele>152.600006103515625</ele>
        <time>2026-08-13T23:24:41.000Z</time>
        <extensions>
          <ns3:TrackPointExtension>
            <ns3:hr>109</ns3:hr>
          </ns3:TrackPointExtension>
        </extensions>
      </trkpt>
      <trkpt lat="36.6772856377065181732177734375" lon="117.28922090493142604827880859375">
        <ele>152</ele>
        <time>2026-08-13T23:24:45.000Z</time>
        <extensions>
          <ns3:TrackPointExtension>
            <ns3:hr>109</ns3:hr>
          </ns3:TrackPointExtension>
        </extensions>
      </trkpt>
      <trkpt lat="36.6772816143929958343505859375" lon="117.289180755615234375">
        <ele>152</ele>
        <time>2026-08-13T23:24:48.000Z</time>
        <extensions>
          <ns3:TrackPointExtension>
            <ns3:hr>106</ns3:hr>
          </ns3:TrackPointExtension>
        </extensions>
      </trkpt>
      <trkpt lat="36.67726971209049224853515625" lon="117.28915485553443431854248046875">
        <ele>152</ele>
        <time>2026-08-13T23:24:50.000Z</time>
        <extensions>
          <ns3:TrackPointExtension>
            <ns3:hr>105</ns3:hr>
          </ns3:TrackPointExtension>
        </extensions>
      </trkpt>
      <trkpt lat="36.67723953723907470703125" lon="117.28908260352909564971923828125">
        <ele>152</ele>
        <time>2026-08-13T23:24:56.000Z</time>
        <extensions>
          <ns3:TrackPointExtension>
            <ns3:hr>104</ns3:hr>
          </ns3:TrackPointExtension>
        </extensions>
      </trkpt>
      <trkpt lat="36.67719553224742412567138671875" lon="117.2890099324285984039306640625">
        <ele>152</ele>
        <time>2026-08-13T23:25:02.000Z</time>
        <extensions>
          <ns3:TrackPointExtension>
            <ns3:hr>104</ns3:hr>
          </ns3:TrackPointExtension>
        </extensions>
      </trkpt>
      <trkpt lat="36.67716787196695804595947265625" lon="117.2889941744506359100341796875">
        <ele>152</ele>
        <time>2026-08-13T23:25:04.000Z</time>
        <extensions>
          <ns3:TrackPointExtension>
            <ns3:hr>104</ns3:hr>
          </ns3:TrackPointExtension>
        </extensions>
      </trkpt>
      <trkpt lat="36.67715026997029781341552734375" lon="117.28896609507501125335693359375">
        <ele>152.1999969482421875</ele>
        <time>2026-08-13T23:25:07.000Z</time>
        <extensions>
          <ns3:TrackPointExtension>
            <ns3:hr>107</ns3:hr>
          </ns3:TrackPointExtension>
        </extensions>
      </trkpt>
      <trkpt lat="36.677105762064456939697265625" lon="117.28892435319721698760986328125">
        <ele>152.1999969482421875</ele>
        <time>2026-08-13T23:25:11.000Z</time>
        <extensions>
          <ns3:TrackPointExtension>
            <ns3:hr>110</ns3:hr>
          </ns3:TrackPointExtension>
        </extensions>
      </trkpt>
      <trkpt lat="36.67709536850452423095703125" lon="117.288910187780857086181640625">
        <ele>152.1999969482421875</ele>
        <time>2026-08-13T23:25:12.000Z</time>
        <extensions>
          <ns3:TrackPointExtension>
            <ns3:hr>109</ns3:hr>
          </ns3:TrackPointExtension>
        </extensions>
      </trkpt>
      <trkpt lat="36.6770529560744762420654296875" lon="117.28886031545698642730712890625">
        <ele>152.1999969482421875</ele>
        <time>2026-08-13T23:25:17.000Z</time>
        <extensions>
          <ns3:TrackPointExtension>
            <ns3:hr>108</ns3:hr>
          </ns3:TrackPointExtension>
        </extensions>
      </trkpt>
      <trkpt lat="36.67702504433691501617431640625" lon="117.28884455747902393341064453125">
        <ele>152.1999969482421875</ele>
        <time>2026-08-13T23:25:20.000Z</time>
        <extensions>
          <ns3:TrackPointExtension>
            <ns3:hr>109</ns3:hr>
          </ns3:TrackPointExtension>
        </extensions>
      </trkpt>
      <trkpt lat="36.6770006529986858367919921875" lon="117.28883366100490093231201171875">
        <ele>152.1999969482421875</ele>
        <time>2026-08-13T23:25:22.000Z</time>
        <extensions>
          <ns3:TrackPointExtension>
            <ns3:hr>107</ns3:hr>
          </ns3:TrackPointExtension>
        </extensions>
      </trkpt>
      <trkpt lat="36.6769406385719776153564453125" lon="117.28878655470907688140869140625">
        <ele>152</ele>
        <time>2026-08-13T23:25:28.000Z</time>
        <extensions>
          <ns3:TrackPointExtension>
            <ns3:hr>105</ns3:hr>
          </ns3:TrackPointExtension>
        </extensions>
      </trkpt>
      <trkpt lat="36.67687349952757358551025390625" lon="117.28873492218554019927978515625">
        <ele>151.8000030517578125</ele>
        <time>2026-08-13T23:25:34.000Z</time>
        <extensions>
          <ns3:TrackPointExtension>
            <ns3:hr>106</ns3:hr>
          </ns3:TrackPointExtension>
        </extensions>
      </trkpt>
      <trkpt lat="36.67686478234827518463134765625" lon="117.28872436098754405975341796875">
        <ele>151.8000030517578125</ele>
        <time>2026-08-13T23:25:35.000Z</time>
        <extensions>
          <ns3:TrackPointExtension>
            <ns3:hr>106</ns3:hr>
          </ns3:TrackPointExtension>
        </extensions>
      </trkpt>
      <trkpt lat="36.67683527804911136627197265625" lon="117.28868387639522552490234375">
        <ele>151.399993896484375</ele>
        <time>2026-08-13T23:25:39.000Z</time>
        <extensions>
          <ns3:TrackPointExtension>
            <ns3:hr>105</ns3:hr>
          </ns3:TrackPointExtension>
        </extensions>
      </trkpt>
      <trkpt lat="36.67679454199969768524169921875" lon="117.2886213473975658416748046875">
        <ele>151</ele>
        <time>2026-08-13T23:25:44.000Z</time>
        <extensions>
          <ns3:TrackPointExtension>
            <ns3:hr>104</ns3:hr>
          </ns3:TrackPointExtension>
        </extensions>
      </trkpt>
      <trkpt lat="36.6767746768891811370849609375" lon="117.28858840651810169219970703125">
        <ele>150.600006103515625</ele>
        <time>2026-08-13T23:25:47.000Z</time>
        <extensions>
          <ns3:TrackPointExtension>
            <ns3:hr>103</ns3:hr>
          </ns3:TrackPointExtension>
        </extensions>
      </trkpt>
      <trkpt lat="36.67676218785345554351806640625" lon="117.288569547235965728759765625">
        <ele>150.399993896484375</ele>
        <time>2026-08-13T23:25:49.000Z</time>
        <extensions>
          <ns3:TrackPointExtension>
            <ns3:hr>104</ns3:hr>
          </ns3:TrackPointExtension>
        </extensions>
      </trkpt>
      <trkpt lat="36.67673192918300628662109375" lon="117.2885063476860523223876953125">
        <ele>150.1999969482421875</ele>
        <time>2026-08-13T23:25:55.000Z</time>
        <extensions>
          <ns3:TrackPointExtension>
            <ns3:hr>105</ns3:hr>
          </ns3:TrackPointExtension>
        </extensions>
      </trkpt>
      <trkpt lat="36.6767133213579654693603515625" lon="117.28840492665767669677734375">
        <ele>149.600006103515625</ele>
        <time>2026-08-13T23:26:02.000Z</time>
        <extensions>
          <ns3:TrackPointExtension>
            <ns3:hr>106</ns3:hr>
          </ns3:TrackPointExtension>
        </extensions>
      </trkpt>
      <trkpt lat="36.67671809904277324676513671875" lon="117.28831917978823184967041015625">
        <ele>149.1999969482421875</ele>
        <time>2026-08-13T23:26:08.000Z</time>
        <extensions>
          <ns3:TrackPointExtension>
            <ns3:hr>107</ns3:hr>
          </ns3:TrackPointExtension>
        </extensions>
      </trkpt>
      <trkpt lat="36.676743663847446441650390625" lon="117.28823125362396240234375">
        <ele>148.8000030517578125</ele>
        <time>2026-08-13T23:26:14.000Z</time>
        <extensions>
          <ns3:TrackPointExtension>
            <ns3:hr>108</ns3:hr>
          </ns3:TrackPointExtension>
        </extensions>
      </trkpt>
      <trkpt lat="36.676781885325908660888671875" lon="117.2881630249321460723876953125">
        <ele>148.600006103515625</ele>
        <time>2026-08-13T23:26:18.000Z</time>
        <extensions>
          <ns3:TrackPointExtension>
            <ns3:hr>106</ns3:hr>
          </ns3:TrackPointExtension>
        </extensions>
      </trkpt>
      <trkpt lat="36.67677291668951511383056640625" lon="117.28813561610877513885498046875">
        <ele>148.8000030517578125</ele>
        <time>2026-08-13T23:26:20.000Z</time>
        <extensions>
          <ns3:TrackPointExtension>
            <ns3:hr>106</ns3:hr>
          </ns3:TrackPointExtension>
        </extensions>
      </trkpt>
      <trkpt lat="36.676749698817729949951171875" lon="117.28811122477054595947265625">
        <ele>149</ele>
        <time>2026-08-13T23:26:23.000Z</time>
        <extensions>
          <ns3:TrackPointExtension>
            <ns3:hr>106</ns3:hr>
          </ns3:TrackPointExtension>
        </extensions>
      </trkpt>
      <trkpt lat="36.67673352174460887908935546875" lon="117.2881016694009304046630859375">
        <ele>148.8000030517578125</ele>
        <time>2026-08-13T23:26:25.000Z</time>
        <extensions>
          <ns3:TrackPointExtension>
            <ns3:hr>109</ns3:hr>
          </ns3:TrackPointExtension>
        </extensions>
      </trkpt>
      <trkpt lat="36.67672430165112018585205078125" lon="117.28809437714517116546630859375">
        <ele>148.600006103515625</ele>
        <time>2026-08-13T23:26:26.000Z</time>
        <extensions>
          <ns3:TrackPointExtension>
            <ns3:hr>108</ns3:hr>
          </ns3:TrackPointExtension>
        </extensions>
      </trkpt>
      <trkpt lat="36.676709465682506561279296875" lon="117.2880755178630352020263671875">
        <ele>148.1999969482421875</ele>
        <time>2026-08-13T23:26:28.000Z</time>
        <extensions>
          <ns3:TrackPointExtension>
            <ns3:hr>107</ns3:hr>
          </ns3:TrackPointExtension>
        </extensions>
      </trkpt>
      <trkpt lat="36.676686666905879974365234375" lon="117.28807928971946239471435546875">
        <ele>147.8000030517578125</ele>
        <time>2026-08-13T23:26:34.000Z</time>
        <extensions>
          <ns3:TrackPointExtension>
            <ns3:hr>105</ns3:hr>
          </ns3:TrackPointExtension>
        </extensions>
      </trkpt>
      <trkpt lat="36.67668557725846767425537109375" lon="117.28807845152914524078369140625">
        <ele>147.8000030517578125</ele>
        <time>2026-08-13T23:26:37.000Z</time>
        <extensions>
          <ns3:TrackPointExtension>
            <ns3:hr>102</ns3:hr>
          </ns3:TrackPointExtension>
        </extensions>
      </trkpt>
      <trkpt lat="36.67668608017265796661376953125" lon="117.2880782000720500946044921875">
        <ele>147.8000030517578125</ele>
        <time>2026-08-13T23:26:39.000Z</time>
        <extensions>
          <ns3:TrackPointExtension>
            <ns3:hr>99</ns3:hr>
          </ns3:TrackPointExtension>
        </extensions>
      </trkpt>
      <trkpt lat="36.67668943293392658233642578125" lon="117.28807996027171611785888671875">
        <ele>147.8000030517578125</ele>
        <time>2026-08-13T23:26:44.000Z</time>
        <extensions>
          <ns3:TrackPointExtension>
            <ns3:hr>98</ns3:hr>
          </ns3:TrackPointExtension>
        </extensions>
      </trkpt>
      <trkpt lat="36.67669110931456089019775390625" lon="117.28807677514851093292236328125">
        <ele>147.8000030517578125</ele>
        <time>2026-08-13T23:26:50.000Z</time>
        <extensions>
          <ns3:TrackPointExtension>
            <ns3:hr>95</ns3:hr>
          </ns3:TrackPointExtension>
        </extensions>
      </trkpt>
      <trkpt lat="36.67669236660003662109375" lon="117.28807635605335235595703125">
        <ele>147.8000030517578125</ele>
        <time>2026-08-13T23:26:52.000Z</time>
        <extensions>
          <ns3:TrackPointExtension>
            <ns3:hr>95</ns3:hr>
          </ns3:TrackPointExtension>
        </extensions>
      </trkpt>
      <trkpt lat="36.67669379152357578277587890625" lon="117.2880721651017665863037109375">
        <ele>147.600006103515625</ele>
        <time>2026-08-13T23:26:59.000Z</time>
        <extensions>
          <ns3:TrackPointExtension>
            <ns3:hr>96</ns3:hr>
          </ns3:TrackPointExtension>
        </extensions>
      </trkpt>
      <trkpt lat="36.67670971713960170745849609375" lon="117.2880832292139530181884765625">
        <ele>148</ele>
        <time>2026-08-13T23:27:03.000Z</time>
        <extensions>
          <ns3:TrackPointExtension>
            <ns3:hr>96</ns3:hr>
          </ns3:TrackPointExtension>
        </extensions>
      </trkpt>
      <trkpt lat="36.67674760334193706512451171875" lon="117.28811533190310001373291015625">
        <ele>148.399993896484375</ele>
        <time>2026-08-13T23:27:07.000Z</time>
        <extensions>
          <ns3:TrackPointExtension>
            <ns3:hr>96</ns3:hr>
          </ns3:TrackPointExtension>
        </extensions>
      </trkpt>
      <trkpt lat="36.67678465135395526885986328125" lon="117.28809622116386890411376953125">
        <ele>149</ele>
        <time>2026-08-13T23:27:12.000Z</time>
        <extensions>
          <ns3:TrackPointExtension>
            <ns3:hr>100</ns3:hr>
          </ns3:TrackPointExtension>
        </extensions>
      </trkpt>
      <trkpt lat="36.67683443985879421234130859375" lon="117.2880497016012668609619140625">
        <ele>149.600006103515625</ele>
        <time>2026-08-13T23:27:18.000Z</time>
        <extensions>
          <ns3:TrackPointExtension>
            <ns3:hr>99</ns3:hr>
          </ns3:TrackPointExtension>
        </extensions>
      </trkpt>
      <trkpt lat="36.67684365995228290557861328125" lon="117.288044504821300506591796875">
        <ele>149.8000030517578125</ele>
        <time>2026-08-13T23:27:19.000Z</time>
        <extensions>
          <ns3:TrackPointExtension>
            <ns3:hr>99</ns3:hr>
          </ns3:TrackPointExtension>
        </extensions>
      </trkpt>
      <trkpt lat="36.6768836416304111480712890625" lon="117.2879804670810699462890625">
        <ele>150.1999969482421875</ele>
        <time>2026-08-13T23:27:24.000Z</time>
        <extensions>
          <ns3:TrackPointExtension>
            <ns3:hr>99</ns3:hr>
          </ns3:TrackPointExtension>
        </extensions>
      </trkpt>
      <trkpt lat="36.67690082453191280364990234375" lon="117.2879590094089508056640625">
        <ele>149.8000030517578125</ele>
        <time>2026-08-13T23:27:26.000Z</time>
        <extensions>
          <ns3:TrackPointExtension>
            <ns3:hr>102</ns3:hr>
          </ns3:TrackPointExtension>
        </extensions>
      </trkpt>
      <trkpt lat="36.67690250091254711151123046875" lon="117.2879467718303203582763671875">
        <ele>149.8000030517578125</ele>
        <time>2026-08-13T23:27:27.000Z</time>
        <extensions>
          <ns3:TrackPointExtension>
            <ns3:hr>105</ns3:hr>
          </ns3:TrackPointExtension>
        </extensions>
      </trkpt>
      <trkpt lat="36.67691121809184551239013671875" lon="117.287917435169219970703125">
        <ele>150</ele>
        <time>2026-08-13T23:27:29.000Z</time>
        <extensions>
          <ns3:TrackPointExtension>
            <ns3:hr>110</ns3:hr>
          </ns3:TrackPointExtension>
        </extensions>
      </trkpt>
      <trkpt lat="36.676924712955951690673828125" lon="117.28786504827439785003662109375">
        <ele>151</ele>
        <time>2026-08-13T23:27:33.000Z</time>
        <extensions>
          <ns3:TrackPointExtension>
            <ns3:hr>111</ns3:hr>
          </ns3:TrackPointExtension>
        </extensions>
      </trkpt>
      <trkpt lat="36.67693301104009151458740234375" lon="117.2878398187458515167236328125">
        <ele>151.399993896484375</ele>
        <time>2026-08-13T23:27:35.000Z</time>
        <extensions>
          <ns3:TrackPointExtension>
            <ns3:hr>111</ns3:hr>
          </ns3:TrackPointExtension>
        </extensions>
      </trkpt>
      <trkpt lat="36.6769444942474365234375" lon="117.2877905331552028656005859375">
        <ele>150.399993896484375</ele>
        <time>2026-08-13T23:27:39.000Z</time>
        <extensions>
          <ns3:TrackPointExtension>
            <ns3:hr>110</ns3:hr>
          </ns3:TrackPointExtension>
        </extensions>
      </trkpt>
      <trkpt lat="36.67695128358900547027587890625" lon="117.287776954472064971923828125">
        <ele>150.1999969482421875</ele>
        <time>2026-08-13T23:27:40.000Z</time>
        <extensions>
          <ns3:TrackPointExtension>
            <ns3:hr>111</ns3:hr>
          </ns3:TrackPointExtension>
        </extensions>
      </trkpt>
      <trkpt lat="36.676962934434413909912109375" lon="117.28767980821430683135986328125">
        <ele>150.399993896484375</ele>
        <time>2026-08-13T23:27:46.000Z</time>
        <extensions>
          <ns3:TrackPointExtension>
            <ns3:hr>111</ns3:hr>
          </ns3:TrackPointExtension>
        </extensions>
      </trkpt>
      <trkpt lat="36.67697005905210971832275390625" lon="117.2876237332820892333984375">
        <ele>150.399993896484375</ele>
        <time>2026-08-13T23:27:50.000Z</time>
        <extensions>
          <ns3:TrackPointExtension>
            <ns3:hr>114</ns3:hr>
          </ns3:TrackPointExtension>
        </extensions>
      </trkpt>
      <trkpt lat="36.67697441764175891876220703125" lon="117.287607975304126739501953125">
        <ele>150.399993896484375</ele>
        <time>2026-08-13T23:27:51.000Z</time>
        <extensions>
          <ns3:TrackPointExtension>
            <ns3:hr>114</ns3:hr>
          </ns3:TrackPointExtension>
        </extensions>
      </trkpt>
      <trkpt lat="36.67699185200035572052001953125" lon="117.2875021956861019134521484375">
        <ele>150.600006103515625</ele>
        <time>2026-08-13T23:27:57.000Z</time>
        <extensions>
          <ns3:TrackPointExtension>
            <ns3:hr>113</ns3:hr>
          </ns3:TrackPointExtension>
        </extensions>
      </trkpt>
      <trkpt lat="36.6769983060657978057861328125" lon="117.28741996921598911285400390625">
        <ele>150.8000030517578125</ele>
        <time>2026-08-13T23:28:02.000Z</time>
        <extensions>
          <ns3:TrackPointExtension>
            <ns3:hr>112</ns3:hr>
          </ns3:TrackPointExtension>
        </extensions>
      </trkpt>
      <trkpt lat="36.67699486948549747467041015625" lon="117.28739247657358646392822265625">
        <ele>150.8000030517578125</ele>
        <time>2026-08-13T23:28:04.000Z</time>
        <extensions>
          <ns3:TrackPointExtension>
            <ns3:hr>112</ns3:hr>
          </ns3:TrackPointExtension>
        </extensions>
      </trkpt>
      <trkpt lat="36.6769711486995220184326171875" lon="117.287360541522502899169921875">
        <ele>150.8000030517578125</ele>
        <time>2026-08-13T23:28:07.000Z</time>
        <extensions>
          <ns3:TrackPointExtension>
            <ns3:hr>112</ns3:hr>
          </ns3:TrackPointExtension>
        </extensions>
      </trkpt>
      <trkpt lat="36.676947176456451416015625" lon="117.2873045504093170166015625">
        <ele>151.1999969482421875</ele>
        <time>2026-08-13T23:28:12.000Z</time>
        <extensions>
          <ns3:TrackPointExtension>
            <ns3:hr>112</ns3:hr>
          </ns3:TrackPointExtension>
        </extensions>
      </trkpt>
      <trkpt lat="36.67689361609518527984619140625" lon="117.28724780492484569549560546875">
        <ele>152</ele>
        <time>2026-08-13T23:28:18.000Z</time>
        <extensions>
          <ns3:TrackPointExtension>
            <ns3:hr>111</ns3:hr>
          </ns3:TrackPointExtension>
        </extensions>
      </trkpt>
      <trkpt lat="36.67688238434493541717529296875" lon="117.287243865430355072021484375">
        <ele>152</ele>
        <time>2026-08-13T23:28:19.000Z</time>
        <extensions>
          <ns3:TrackPointExtension>
            <ns3:hr>112</ns3:hr>
          </ns3:TrackPointExtension>
        </extensions>
      </trkpt>
      <trkpt lat="36.676841564476490020751953125" lon="117.2872329689562320709228515625">
        <ele>151.600006103515625</ele>
        <time>2026-08-13T23:28:23.000Z</time>
        <extensions>
          <ns3:TrackPointExtension>
            <ns3:hr>115</ns3:hr>
          </ns3:TrackPointExtension>
        </extensions>
      </trkpt>
      <trkpt lat="36.67681884951889514923095703125" lon="117.28723221458494663238525390625">
        <ele>151.399993896484375</ele>
        <time>2026-08-13T23:28:25.000Z</time>
        <extensions>
          <ns3:TrackPointExtension>
            <ns3:hr>115</ns3:hr>
          </ns3:TrackPointExtension>
        </extensions>
      </trkpt>
      <trkpt lat="36.67676545679569244384765625" lon="117.2872369922697544097900390625">
        <ele>151.399993896484375</ele>
        <time>2026-08-13T23:28:29.000Z</time>
        <extensions>
          <ns3:TrackPointExtension>
            <ns3:hr>114</ns3:hr>
          </ns3:TrackPointExtension>
        </extensions>
      </trkpt>
      <trkpt lat="36.67669530026614665985107421875" lon="117.2872477211058139801025390625">
        <ele>151.600006103515625</ele>
        <time>2026-08-13T23:28:35.000Z</time>
        <extensions>
          <ns3:TrackPointExtension>
            <ns3:hr>112</ns3:hr>
          </ns3:TrackPointExtension>
        </extensions>
      </trkpt>
      <trkpt lat="36.67663847096264362335205078125" lon="117.28725233115255832672119140625">
        <ele>151.600006103515625</ele>
        <time>2026-08-13T23:28:40.000Z</time>
        <extensions>
          <ns3:TrackPointExtension>
            <ns3:hr>112</ns3:hr>
          </ns3:TrackPointExtension>
        </extensions>
      </trkpt>
      <trkpt lat="36.67656890116631984710693359375" lon="117.28724847547709941864013671875">
        <ele>151.399993896484375</ele>
        <time>2026-08-13T23:28:46.000Z</time>
        <extensions>
          <ns3:TrackPointExtension>
            <ns3:hr>113</ns3:hr>
          </ns3:TrackPointExtension>
        </extensions>
      </trkpt>
      <trkpt lat="36.67651944793760776519775390625" lon="117.28724679909646511077880859375">
        <ele>151.399993896484375</ele>
        <time>2026-08-13T23:28:51.000Z</time>
        <extensions>
          <ns3:TrackPointExtension>
            <ns3:hr>111</ns3:hr>
          </ns3:TrackPointExtension>
        </extensions>
      </trkpt>
      <trkpt lat="36.676427833735942840576171875" lon="117.2872524149715900421142578125">
        <ele>151.399993896484375</ele>
        <time>2026-08-13T23:28:58.000Z</time>
        <extensions>
          <ns3:TrackPointExtension>
            <ns3:hr>114</ns3:hr>
          </ns3:TrackPointExtension>
        </extensions>
      </trkpt>
      <trkpt lat="36.67634946294128894805908203125" lon="117.28723707608878612518310546875">
        <ele>151.399993896484375</ele>
        <time>2026-08-13T23:29:05.000Z</time>
        <extensions>
          <ns3:TrackPointExtension>
            <ns3:hr>113</ns3:hr>
          </ns3:TrackPointExtension>
        </extensions>
      </trkpt>
      <trkpt lat="36.67627939023077487945556640625" lon="117.2872493974864482879638671875">
        <ele>151.600006103515625</ele>
        <time>2026-08-13T23:29:12.000Z</time>
        <extensions>
          <ns3:TrackPointExtension>
            <ns3:hr>110</ns3:hr>
          </ns3:TrackPointExtension>
        </extensions>
      </trkpt>
      <trkpt lat="36.676206886768341064453125" lon="117.28724210523068904876708984375">
        <ele>151.600006103515625</ele>
        <time>2026-08-13T23:29:17.000Z</time>
        <extensions>
          <ns3:TrackPointExtension>
            <ns3:hr>107</ns3:hr>
          </ns3:TrackPointExtension>
        </extensions>
      </trkpt>
      <trkpt lat="36.6761852614581584930419921875" lon="117.2872309572994709014892578125">
        <ele>151.600006103515625</ele>
        <time>2026-08-13T23:29:19.000Z</time>
        <extensions>
          <ns3:TrackPointExtension>
            <ns3:hr>103</ns3:hr>
          </ns3:TrackPointExtension>
        </extensions>
      </trkpt>
      <trkpt lat="36.67615751735866069793701171875" lon="117.2872125171124935150146484375">
        <ele>151.600006103515625</ele>
        <time>2026-08-13T23:29:22.000Z</time>
        <extensions>
          <ns3:TrackPointExtension>
            <ns3:hr>100</ns3:hr>
          </ns3:TrackPointExtension>
        </extensions>
      </trkpt>
      <trkpt lat="36.67615047655999660491943359375" lon="117.28720069862902164459228515625">
        <ele>151.600006103515625</ele>
        <time>2026-08-13T23:29:23.000Z</time>
        <extensions>
          <ns3:TrackPointExtension>
            <ns3:hr>99</ns3:hr>
          </ns3:TrackPointExtension>
        </extensions>
      </trkpt>
      <trkpt lat="36.6761051304638385772705078125" lon="117.2871588729321956634521484375">
        <ele>152.399993896484375</ele>
        <time>2026-08-13T23:29:28.000Z</time>
        <extensions>
          <ns3:TrackPointExtension>
            <ns3:hr>98</ns3:hr>
          </ns3:TrackPointExtension>
        </extensions>
      </trkpt>
      <trkpt lat="36.67609331198036670684814453125" lon="117.287151999771595001220703125">
        <ele>152.399993896484375</ele>
        <time>2026-08-13T23:29:29.000Z</time>
        <extensions>
          <ns3:TrackPointExtension>
            <ns3:hr>98</ns3:hr>
          </ns3:TrackPointExtension>
        </extensions>
      </trkpt>
      <trkpt lat="36.6760722734034061431884765625" lon="117.28713330812752246856689453125">
        <ele>152.1999969482421875</ele>
        <time>2026-08-13T23:29:32.000Z</time>
        <extensions>
          <ns3:TrackPointExtension>
            <ns3:hr>101</ns3:hr>
          </ns3:TrackPointExtension>
        </extensions>
      </trkpt>
      <trkpt lat="36.6760531626641750335693359375" lon="117.28711855597794055938720703125">
        <ele>151.8000030517578125</ele>
        <time>2026-08-13T23:29:34.000Z</time>
        <extensions>
          <ns3:TrackPointExtension>
            <ns3:hr>105</ns3:hr>
          </ns3:TrackPointExtension>
        </extensions>
      </trkpt>
      <trkpt lat="36.67604394257068634033203125" lon="117.28709592483937740325927734375">
        <ele>151.600006103515625</ele>
        <time>2026-08-13T23:29:36.000Z</time>
        <extensions>
          <ns3:TrackPointExtension>
            <ns3:hr>107</ns3:hr>
          </ns3:TrackPointExtension>
        </extensions>
      </trkpt>
      <trkpt lat="36.676026172935962677001953125" lon="117.28706658817827701568603515625">
        <ele>151.600006103515625</ele>
        <time>2026-08-13T23:29:39.000Z</time>
        <extensions>
          <ns3:TrackPointExtension>
            <ns3:hr>106</ns3:hr>
          </ns3:TrackPointExtension>
        </extensions>
      </trkpt>
      <trkpt lat="36.67596808634698390960693359375" lon="117.28703540749847888946533203125">
        <ele>151.8000030517578125</ele>
        <time>2026-08-13T23:29:45.000Z</time>
        <extensions>
          <ns3:TrackPointExtension>
            <ns3:hr>104</ns3:hr>
          </ns3:TrackPointExtension>
        </extensions>
      </trkpt>
      <trkpt lat="36.67592885904014110565185546875" lon="117.287013530731201171875">
        <ele>151.8000030517578125</ele>
        <time>2026-08-13T23:29:48.000Z</time>
        <extensions>
          <ns3:TrackPointExtension>
            <ns3:hr>108</ns3:hr>
          </ns3:TrackPointExtension>
        </extensions>
      </trkpt>
      <trkpt lat="36.675904132425785064697265625" lon="117.28699903003871440887451171875">
        <ele>151.8000030517578125</ele>
        <time>2026-08-13T23:29:50.000Z</time>
        <extensions>
          <ns3:TrackPointExtension>
            <ns3:hr>111</ns3:hr>
          </ns3:TrackPointExtension>
        </extensions>
      </trkpt>
      <trkpt lat="36.67583095841109752655029296875" lon="117.2869724594056606292724609375">
        <ele>151.8000030517578125</ele>
        <time>2026-08-13T23:29:55.000Z</time>
        <extensions>
          <ns3:TrackPointExtension>
            <ns3:hr>110</ns3:hr>
          </ns3:TrackPointExtension>
        </extensions>
      </trkpt>
      <trkpt lat="36.67574496008455753326416015625" lon="117.2869493253529071807861328125">
        <ele>151.8000030517578125</ele>
        <time>2026-08-13T23:30:02.000Z</time>
        <extensions>
          <ns3:TrackPointExtension>
            <ns3:hr>110</ns3:hr>
          </ns3:TrackPointExtension>
        </extensions>
      </trkpt>
      <trkpt lat="36.6756642423570156097412109375" lon="117.28692761622369289398193359375">
        <ele>151.8000030517578125</ele>
        <time>2026-08-13T23:30:08.000Z</time>
        <extensions>
          <ns3:TrackPointExtension>
            <ns3:hr>109</ns3:hr>
          </ns3:TrackPointExtension>
        </extensions>
      </trkpt>
      <trkpt lat="36.675589643418788909912109375" lon="117.2869245149195194244384765625">
        <ele>152</ele>
        <time>2026-08-13T23:30:14.000Z</time>
        <extensions>
          <ns3:TrackPointExtension>
            <ns3:hr>109</ns3:hr>
          </ns3:TrackPointExtension>
        </extensions>
      </trkpt>
      <trkpt lat="36.67552686296403408050537109375" lon="117.286932729184627532958984375">
        <ele>152</ele>
        <time>2026-08-13T23:30:19.000Z</time>
        <extensions>
          <ns3:TrackPointExtension>
            <ns3:hr>108</ns3:hr>
          </ns3:TrackPointExtension>
        </extensions>
      </trkpt>
      <trkpt lat="36.6754996217787265777587890625" lon="117.28694002144038677215576171875">
        <ele>152</ele>
        <time>2026-08-13T23:30:24.000Z</time>
        <extensions>
          <ns3:TrackPointExtension>
            <ns3:hr>107</ns3:hr>
          </ns3:TrackPointExtension>
        </extensions>
      </trkpt>
      <trkpt lat="36.67548847384750843048095703125" lon="117.2869550250470638275146484375">
        <ele>152</ele>
        <time>2026-08-13T23:30:26.000Z</time>
        <extensions>
          <ns3:TrackPointExtension>
            <ns3:hr>108</ns3:hr>
          </ns3:TrackPointExtension>
        </extensions>
      </trkpt>
      <trkpt lat="36.6754798404872417449951171875" lon="117.2869640775024890899658203125">
        <ele>152</ele>
        <time>2026-08-13T23:30:27.000Z</time>
        <extensions>
          <ns3:TrackPointExtension>
            <ns3:hr>108</ns3:hr>
          </ns3:TrackPointExtension>
        </extensions>
      </trkpt>
      <trkpt lat="36.67542259208858013153076171875" lon="117.2869855351746082305908203125">
        <ele>152.1999969482421875</ele>
        <time>2026-08-13T23:30:32.000Z</time>
        <extensions>
          <ns3:TrackPointExtension>
            <ns3:hr>111</ns3:hr>
          </ns3:TrackPointExtension>
        </extensions>
      </trkpt>
      <trkpt lat="36.6753641702234745025634765625" lon="117.28702568449079990386962890625">
        <ele>152.399993896484375</ele>
        <time>2026-08-13T23:30:38.000Z</time>
        <extensions>
          <ns3:TrackPointExtension>
            <ns3:hr>110</ns3:hr>
          </ns3:TrackPointExtension>
        </extensions>
      </trkpt>
      <trkpt lat="36.67530943639576435089111328125" lon="117.2870629839599132537841796875">
        <ele>152.8000030517578125</ele>
        <time>2026-08-13T23:30:44.000Z</time>
        <extensions>
          <ns3:TrackPointExtension>
            <ns3:hr>109</ns3:hr>
          </ns3:TrackPointExtension>
        </extensions>
      </trkpt>
      <trkpt lat="36.675255037844181060791015625" lon="117.28713196702301502227783203125">
        <ele>152.600006103515625</ele>
        <time>2026-08-13T23:30:50.000Z</time>
        <extensions>
          <ns3:TrackPointExtension>
            <ns3:hr>107</ns3:hr>
          </ns3:TrackPointExtension>
        </extensions>
      </trkpt>
      <trkpt lat="36.67524556629359722137451171875" lon="117.2871434502303600311279296875">
        <ele>152.600006103515625</ele>
        <time>2026-08-13T23:30:51.000Z</time>
        <extensions>
          <ns3:TrackPointExtension>
            <ns3:hr>108</ns3:hr>
          </ns3:TrackPointExtension>
        </extensions>
      </trkpt>
      <trkpt lat="36.67519041337072849273681640625" lon="117.28719768114387989044189453125">
        <ele>152.600006103515625</ele>
        <time>2026-08-13T23:30:57.000Z</time>
        <extensions>
          <ns3:TrackPointExtension>
            <ns3:hr>108</ns3:hr>
          </ns3:TrackPointExtension>
        </extensions>
      </trkpt>
      <trkpt lat="36.67513609863817691802978515625" lon="117.2872517444193363189697265625">
        <ele>152.8000030517578125</ele>
        <time>2026-08-13T23:31:03.000Z</time>
        <extensions>
          <ns3:TrackPointExtension>
            <ns3:hr>111</ns3:hr>
          </ns3:TrackPointExtension>
        </extensions>
      </trkpt>
      <trkpt lat="36.6750614158809185028076171875" lon="117.287278063595294952392578125">
        <ele>153</ele>
        <time>2026-08-13T23:31:10.000Z</time>
        <extensions>
          <ns3:TrackPointExtension>
            <ns3:hr>109</ns3:hr>
          </ns3:TrackPointExtension>
        </extensions>
      </trkpt>
      <trkpt lat="36.675002239644527435302734375" lon="117.28726926259696483612060546875">
        <ele>153.1999969482421875</ele>
        <time>2026-08-13T23:31:16.000Z</time>
        <extensions>
          <ns3:TrackPointExtension>
            <ns3:hr>111</ns3:hr>
          </ns3:TrackPointExtension>
        </extensions>
      </trkpt>
      <trkpt lat="36.6749216057360172271728515625" lon="117.28726230561733245849609375">
        <ele>153.399993896484375</ele>
        <time>2026-08-13T23:31:22.000Z</time>
        <extensions>
          <ns3:TrackPointExtension>
            <ns3:hr>112</ns3:hr>
          </ns3:TrackPointExtension>
        </extensions>
      </trkpt>
      <trkpt lat="36.6748411394655704498291015625" lon="117.2872669994831085205078125">
        <ele>153.8000030517578125</ele>
        <time>2026-08-13T23:31:28.000Z</time>
        <extensions>
          <ns3:TrackPointExtension>
            <ns3:hr>112</ns3:hr>
          </ns3:TrackPointExtension>
        </extensions>
      </trkpt>
      <trkpt lat="36.67476695962250232696533203125" lon="117.28728133253753185272216796875">
        <ele>154</ele>
        <time>2026-08-13T23:31:34.000Z</time>
        <extensions>
          <ns3:TrackPointExtension>
            <ns3:hr>112</ns3:hr>
          </ns3:TrackPointExtension>
        </extensions>
      </trkpt>
      <trkpt lat="36.67470577172935009002685546875" lon="117.28730144910514354705810546875">
        <ele>154.1999969482421875</ele>
        <time>2026-08-13T23:31:39.000Z</time>
        <extensions>
          <ns3:TrackPointExtension>
            <ns3:hr>111</ns3:hr>
          </ns3:TrackPointExtension>
        </extensions>
      </trkpt>
      <trkpt lat="36.67469487525522708892822265625" lon="117.28731402195990085601806640625">
        <ele>154.1999969482421875</ele>
        <time>2026-08-13T23:31:40.000Z</time>
        <extensions>
          <ns3:TrackPointExtension>
            <ns3:hr>111</ns3:hr>
          </ns3:TrackPointExtension>
        </extensions>
      </trkpt>
      <trkpt lat="36.6746235452592372894287109375" lon="117.2873100824654102325439453125">
        <ele>154.1999969482421875</ele>
        <time>2026-08-13T23:31:46.000Z</time>
        <extensions>
          <ns3:TrackPointExtension>
            <ns3:hr>108</ns3:hr>
          </ns3:TrackPointExtension>
        </extensions>
      </trkpt>
      <trkpt lat="36.674611978232860565185546875" lon="117.2873171232640743255615234375">
        <ele>154.1999969482421875</ele>
        <time>2026-08-13T23:31:47.000Z</time>
        <extensions>
          <ns3:TrackPointExtension>
            <ns3:hr>108</ns3:hr>
          </ns3:TrackPointExtension>
        </extensions>
      </trkpt>
      <trkpt lat="36.67460468597710132598876953125" lon="117.287327013909816741943359375">
        <ele>154.1999969482421875</ele>
        <time>2026-08-13T23:31:48.000Z</time>
        <extensions>
          <ns3:TrackPointExtension>
            <ns3:hr>108</ns3:hr>
          </ns3:TrackPointExtension>
        </extensions>
      </trkpt>
      <trkpt lat="36.6745692305266857147216796875" lon="117.28734369389712810516357421875">
        <ele>154.1999969482421875</ele>
        <time>2026-08-13T23:31:51.000Z</time>
        <extensions>
          <ns3:TrackPointExtension>
            <ns3:hr>110</ns3:hr>
          </ns3:TrackPointExtension>
        </extensions>
      </trkpt>
      <trkpt lat="36.674501337110996246337890625" lon="117.28735844604671001434326171875">
        <ele>154</ele>
        <time>2026-08-13T23:31:56.000Z</time>
        <extensions>
          <ns3:TrackPointExtension>
            <ns3:hr>110</ns3:hr>
          </ns3:TrackPointExtension>
        </extensions>
      </trkpt>
      <trkpt lat="36.67443688027560710906982421875" lon="117.28738727979362010955810546875">
        <ele>154</ele>
        <time>2026-08-13T23:32:02.000Z</time>
        <extensions>
          <ns3:TrackPointExtension>
            <ns3:hr>108</ns3:hr>
          </ns3:TrackPointExtension>
        </extensions>
      </trkpt>
      <trkpt lat="36.67436848394572734832763671875" lon="117.28740287013351917266845703125">
        <ele>154</ele>
        <time>2026-08-13T23:32:07.000Z</time>
        <extensions>
          <ns3:TrackPointExtension>
            <ns3:hr>110</ns3:hr>
          </ns3:TrackPointExtension>
        </extensions>
      </trkpt>
      <trkpt lat="36.67430260218679904937744140625" lon="117.28743824176490306854248046875">
        <ele>154</ele>
        <time>2026-08-13T23:32:13.000Z</time>
        <extensions>
          <ns3:TrackPointExtension>
            <ns3:hr>110</ns3:hr>
          </ns3:TrackPointExtension>
        </extensions>
      </trkpt>
      <trkpt lat="36.67424283921718597412109375" lon="117.287493310868740081787109375">
        <ele>154.399993896484375</ele>
        <time>2026-08-13T23:32:19.000Z</time>
        <extensions>
          <ns3:TrackPointExtension>
            <ns3:hr>110</ns3:hr>
          </ns3:TrackPointExtension>
        </extensions>
      </trkpt>
      <trkpt lat="36.674173772335052490234375" lon="117.287508063018321990966796875">
        <ele>154</ele>
        <time>2026-08-13T23:32:24.000Z</time>
        <extensions>
          <ns3:TrackPointExtension>
            <ns3:hr>111</ns3:hr>
          </ns3:TrackPointExtension>
        </extensions>
      </trkpt>
      <trkpt lat="36.67416312731802463531494140625" lon="117.28751032613217830657958984375">
        <ele>154</ele>
        <time>2026-08-13T23:32:25.000Z</time>
        <extensions>
          <ns3:TrackPointExtension>
            <ns3:hr>112</ns3:hr>
          </ns3:TrackPointExtension>
        </extensions>
      </trkpt>
      <trkpt lat="36.674087606370449066162109375" lon="117.287523485720157623291015625">
        <ele>154</ele>
        <time>2026-08-13T23:32:31.000Z</time>
        <extensions>
          <ns3:TrackPointExtension>
            <ns3:hr>111</ns3:hr>
          </ns3:TrackPointExtension>
        </extensions>
      </trkpt>
      <trkpt lat="36.674040667712688446044921875" lon="117.28753664530813694000244140625">
        <ele>154</ele>
        <time>2026-08-13T23:32:37.000Z</time>
        <extensions>
          <ns3:TrackPointExtension>
            <ns3:hr>111</ns3:hr>
          </ns3:TrackPointExtension>
        </extensions>
      </trkpt>
      <trkpt lat="36.67398643679916858673095703125" lon="117.28756279684603214263916015625">
        <ele>154.399993896484375</ele>
        <time>2026-08-13T23:32:42.000Z</time>
        <extensions>
          <ns3:TrackPointExtension>
            <ns3:hr>111</ns3:hr>
          </ns3:TrackPointExtension>
        </extensions>
      </trkpt>
      <trkpt lat="36.67394486255943775177001953125" lon="117.287583164870738983154296875">
        <ele>154.8000030517578125</ele>
        <time>2026-08-13T23:32:46.000Z</time>
        <extensions>
          <ns3:TrackPointExtension>
            <ns3:hr>108</ns3:hr>
          </ns3:TrackPointExtension>
        </extensions>
      </trkpt>
      <trkpt lat="36.67392541654407978057861328125" lon="117.28759062476456165313720703125">
        <ele>154.399993896484375</ele>
        <time>2026-08-13T23:32:48.000Z</time>
        <extensions>
          <ns3:TrackPointExtension>
            <ns3:hr>106</ns3:hr>
          </ns3:TrackPointExtension>
        </extensions>
      </trkpt>
      <trkpt lat="36.67389641515910625457763671875" lon="117.28758526034653186798095703125">
        <ele>154.1999969482421875</ele>
        <time>2026-08-13T23:32:50.000Z</time>
        <extensions>
          <ns3:TrackPointExtension>
            <ns3:hr>102</ns3:hr>
          </ns3:TrackPointExtension>
        </extensions>
      </trkpt>
      <trkpt lat="36.67387696914374828338623046875" lon="117.2875984199345111846923828125">
        <ele>153.8000030517578125</ele>
        <time>2026-08-13T23:32:52.000Z</time>
        <extensions>
          <ns3:TrackPointExtension>
            <ns3:hr>98</ns3:hr>
          </ns3:TrackPointExtension>
        </extensions>
      </trkpt>
      <trkpt lat="36.673869676887989044189453125" lon="117.287599928677082061767578125">
        <ele>153.8000030517578125</ele>
        <time>2026-08-13T23:32:53.000Z</time>
        <extensions>
          <ns3:TrackPointExtension>
            <ns3:hr>98</ns3:hr>
          </ns3:TrackPointExtension>
        </extensions>
      </trkpt>
      <trkpt lat="36.6738597862422466278076171875" lon="117.28760353289544582366943359375">
        <ele>154</ele>
        <time>2026-08-13T23:32:55.000Z</time>
        <extensions>
          <ns3:TrackPointExtension>
            <ns3:hr>103</ns3:hr>
          </ns3:TrackPointExtension>
        </extensions>
      </trkpt>
      <trkpt lat="36.67383640073239803314208984375" lon="117.28761526755988597869873046875">
        <ele>154</ele>
        <time>2026-08-13T23:32:57.000Z</time>
        <extensions>
          <ns3:TrackPointExtension>
            <ns3:hr>106</ns3:hr>
          </ns3:TrackPointExtension>
        </extensions>
      </trkpt>
      <trkpt lat="36.67381728999316692352294921875" lon="117.2876250743865966796875">
        <ele>154</ele>
        <time>2026-08-13T23:32:59.000Z</time>
        <extensions>
          <ns3:TrackPointExtension>
            <ns3:hr>107</ns3:hr>
          </ns3:TrackPointExtension>
        </extensions>
      </trkpt>
      <trkpt lat="36.6737243346869945526123046875" lon="117.28765835054218769073486328125">
        <ele>154</ele>
        <time>2026-08-13T23:33:06.000Z</time>
        <extensions>
          <ns3:TrackPointExtension>
            <ns3:hr>110</ns3:hr>
          </ns3:TrackPointExtension>
        </extensions>
      </trkpt>
      <trkpt lat="36.67367563582956790924072265625" lon="117.28769942186772823333740234375">
        <ele>154</ele>
        <time>2026-08-13T23:33:11.000Z</time>
        <extensions>
          <ns3:TrackPointExtension>
            <ns3:hr>108</ns3:hr>
          </ns3:TrackPointExtension>
        </extensions>
      </trkpt>
      <trkpt lat="36.67361897416412830352783203125" lon="117.2877529822289943695068359375">
        <ele>154</ele>
        <time>2026-08-13T23:33:17.000Z</time>
        <extensions>
          <ns3:TrackPointExtension>
            <ns3:hr>108</ns3:hr>
          </ns3:TrackPointExtension>
        </extensions>
      </trkpt>
      <trkpt lat="36.67356717400252819061279296875" lon="117.28780671022832393646240234375">
        <ele>154.1999969482421875</ele>
        <time>2026-08-13T23:33:22.000Z</time>
        <extensions>
          <ns3:TrackPointExtension>
            <ns3:hr>108</ns3:hr>
          </ns3:TrackPointExtension>
        </extensions>
      </trkpt>
      <trkpt lat="36.6735590435564517974853515625" lon="117.2878170199692249298095703125">
        <ele>154.399993896484375</ele>
        <time>2026-08-13T23:33:23.000Z</time>
        <extensions>
          <ns3:TrackPointExtension>
            <ns3:hr>108</ns3:hr>
          </ns3:TrackPointExtension>
        </extensions>
      </trkpt>
      <trkpt lat="36.673513948917388916015625" lon="117.28786714375019073486328125">
        <ele>154.1999969482421875</ele>
        <time>2026-08-13T23:33:28.000Z</time>
        <extensions>
          <ns3:TrackPointExtension>
            <ns3:hr>108</ns3:hr>
          </ns3:TrackPointExtension>
        </extensions>
      </trkpt>
      <trkpt lat="36.673480086028575897216796875" lon="117.28792137466371059417724609375">
        <ele>154</ele>
        <time>2026-08-13T23:33:33.000Z</time>
        <extensions>
          <ns3:TrackPointExtension>
            <ns3:hr>111</ns3:hr>
          </ns3:TrackPointExtension>
        </extensions>
      </trkpt>
      <trkpt lat="36.67347195558249950408935546875" lon="117.28792875073850154876708984375">
        <ele>154.1999969482421875</ele>
        <time>2026-08-13T23:33:34.000Z</time>
        <extensions>
          <ns3:TrackPointExtension>
            <ns3:hr>111</ns3:hr>
          </ns3:TrackPointExtension>
        </extensions>
      </trkpt>
      <trkpt lat="36.67344219982624053955078125" lon="117.2879655472934246063232421875">
        <ele>155</ele>
        <time>2026-08-13T23:33:38.000Z</time>
        <extensions>
          <ns3:TrackPointExtension>
            <ns3:hr>110</ns3:hr>
          </ns3:TrackPointExtension>
        </extensions>
      </trkpt>
      <trkpt lat="36.6734222508966922760009765625" lon="117.287980131804943084716796875">
        <ele>154.8000030517578125</ele>
        <time>2026-08-13T23:33:40.000Z</time>
        <extensions>
          <ns3:TrackPointExtension>
            <ns3:hr>110</ns3:hr>
          </ns3:TrackPointExtension>
        </extensions>
      </trkpt>
      <trkpt lat="36.67341001331806182861328125" lon="117.288050539791584014892578125">
        <ele>154.1999969482421875</ele>
        <time>2026-08-13T23:33:45.000Z</time>
        <extensions>
          <ns3:TrackPointExtension>
            <ns3:hr>110</ns3:hr>
          </ns3:TrackPointExtension>
        </extensions>
      </trkpt>
      <trkpt lat="36.67339970357716083526611328125" lon="117.28806252591311931610107421875">
        <ele>154.1999969482421875</ele>
        <time>2026-08-13T23:33:46.000Z</time>
        <extensions>
          <ns3:TrackPointExtension>
            <ns3:hr>110</ns3:hr>
          </ns3:TrackPointExtension>
        </extensions>
      </trkpt>
      <trkpt lat="36.67338545434176921844482421875" lon="117.28810141794383525848388671875">
        <ele>154.8000030517578125</ele>
        <time>2026-08-13T23:33:49.000Z</time>
        <extensions>
          <ns3:TrackPointExtension>
            <ns3:hr>110</ns3:hr>
          </ns3:TrackPointExtension>
        </extensions>
      </trkpt>
      <trkpt lat="36.67334823869168758392333984375" lon="117.28816486895084381103515625">
        <ele>154.1999969482421875</ele>
        <time>2026-08-13T23:33:55.000Z</time>
        <extensions>
          <ns3:TrackPointExtension>
            <ns3:hr>108</ns3:hr>
          </ns3:TrackPointExtension>
        </extensions>
      </trkpt>
      <trkpt lat="36.67332627810537815093994140625" lon="117.28821138851344585418701171875">
        <ele>154.1999969482421875</ele>
        <time>2026-08-13T23:33:59.000Z</time>
        <extensions>
          <ns3:TrackPointExtension>
            <ns3:hr>108</ns3:hr>
          </ns3:TrackPointExtension>
        </extensions>
      </trkpt>
      <trkpt lat="36.67328587733209133148193359375" lon="117.28825178928673267364501953125">
        <ele>154.1999969482421875</ele>
        <time>2026-08-13T23:34:04.000Z</time>
        <extensions>
          <ns3:TrackPointExtension>
            <ns3:hr>108</ns3:hr>
          </ns3:TrackPointExtension>
        </extensions>
      </trkpt>
      <trkpt lat="36.67322837747633457183837890625" lon="117.28829721920192241668701171875">
        <ele>154.399993896484375</ele>
        <time>2026-08-13T23:34:10.000Z</time>
        <extensions>
          <ns3:TrackPointExtension>
            <ns3:hr>107</ns3:hr>
          </ns3:TrackPointExtension>
        </extensions>
      </trkpt>
      <trkpt lat="36.67316769249737262725830078125" lon="117.2883303277194499969482421875">
        <ele>154.600006103515625</ele>
        <time>2026-08-13T23:34:15.000Z</time>
        <extensions>
          <ns3:TrackPointExtension>
            <ns3:hr>108</ns3:hr>
          </ns3:TrackPointExtension>
        </extensions>
      </trkpt>
      <trkpt lat="36.67310918681323528289794921875" lon="117.2883645258843898773193359375">
        <ele>155.399993896484375</ele>
        <time>2026-08-13T23:34:20.000Z</time>
        <extensions>
          <ns3:TrackPointExtension>
            <ns3:hr>109</ns3:hr>
          </ns3:TrackPointExtension>
        </extensions>
      </trkpt>
      <trkpt lat="36.67303458787500858306884765625" lon="117.28837701492011547088623046875">
        <ele>155.8000030517578125</ele>
        <time>2026-08-13T23:34:26.000Z</time>
        <extensions>
          <ns3:TrackPointExtension>
            <ns3:hr>110</ns3:hr>
          </ns3:TrackPointExtension>
        </extensions>
      </trkpt>
      <trkpt lat="36.6729803569614887237548828125" lon="117.28839327581226825714111328125">
        <ele>155.8000030517578125</ele>
        <time>2026-08-13T23:34:31.000Z</time>
        <extensions>
          <ns3:TrackPointExtension>
            <ns3:hr>113</ns3:hr>
          </ns3:TrackPointExtension>
        </extensions>
      </trkpt>
      <trkpt lat="36.6729305684566497802734375" lon="117.2884215228259563446044921875">
        <ele>155.1999969482421875</ele>
        <time>2026-08-13T23:34:35.000Z</time>
        <extensions>
          <ns3:TrackPointExtension>
            <ns3:hr>112</ns3:hr>
          </ns3:TrackPointExtension>
        </extensions>
      </trkpt>
      <trkpt lat="36.67286292649805545806884765625" lon="117.28845261968672275543212890625">
        <ele>155.399993896484375</ele>
        <time>2026-08-13T23:34:41.000Z</time>
        <extensions>
          <ns3:TrackPointExtension>
            <ns3:hr>112</ns3:hr>
          </ns3:TrackPointExtension>
        </extensions>
      </trkpt>
      <trkpt lat="36.672784723341464996337890625" lon="117.28846418671309947967529296875">
        <ele>155.1999969482421875</ele>
        <time>2026-08-13T23:34:47.000Z</time>
        <extensions>
          <ns3:TrackPointExtension>
            <ns3:hr>110</ns3:hr>
          </ns3:TrackPointExtension>
        </extensions>
      </trkpt>
      <trkpt lat="36.6727221943438053131103515625" lon="117.2884768433868885040283203125">
        <ele>155</ele>
        <time>2026-08-13T23:34:53.000Z</time>
        <extensions>
          <ns3:TrackPointExtension>
            <ns3:hr>107</ns3:hr>
          </ns3:TrackPointExtension>
        </extensions>
      </trkpt>
      <trkpt lat="36.67265656404197216033935546875" lon="117.2884869016706943511962890625">
        <ele>155</ele>
        <time>2026-08-13T23:34:59.000Z</time>
        <extensions>
          <ns3:TrackPointExtension>
            <ns3:hr>106</ns3:hr>
          </ns3:TrackPointExtension>
        </extensions>
      </trkpt>
      <trkpt lat="36.67259772308170795440673828125" lon="117.28849343955516815185546875">
        <ele>155</ele>
        <time>2026-08-13T23:35:05.000Z</time>
        <extensions>
          <ns3:TrackPointExtension>
            <ns3:hr>106</ns3:hr>
          </ns3:TrackPointExtension>
        </extensions>
      </trkpt>
      <trkpt lat="36.672518514096736907958984375" lon="117.28848631493747234344482421875">
        <ele>155</ele>
        <time>2026-08-13T23:35:12.000Z</time>
        <extensions>
          <ns3:TrackPointExtension>
            <ns3:hr>106</ns3:hr>
          </ns3:TrackPointExtension>
        </extensions>
      </trkpt>
      <trkpt lat="36.6724764369428157806396484375" lon="117.2885140590369701385498046875">
        <ele>155.399993896484375</ele>
        <time>2026-08-13T23:35:17.000Z</time>
        <extensions>
          <ns3:TrackPointExtension>
            <ns3:hr>108</ns3:hr>
          </ns3:TrackPointExtension>
        </extensions>
      </trkpt>
      <trkpt lat="36.6724134050309658050537109375" lon="117.28853576816618442535400390625">
        <ele>155.399993896484375</ele>
        <time>2026-08-13T23:35:22.000Z</time>
        <extensions>
          <ns3:TrackPointExtension>
            <ns3:hr>108</ns3:hr>
          </ns3:TrackPointExtension>
        </extensions>
      </trkpt>
      <trkpt lat="36.67236906476318836212158203125" lon="117.2885475866496562957763671875">
        <ele>155.399993896484375</ele>
        <time>2026-08-13T23:35:26.000Z</time>
        <extensions>
          <ns3:TrackPointExtension>
            <ns3:hr>108</ns3:hr>
          </ns3:TrackPointExtension>
        </extensions>
      </trkpt>
      <trkpt lat="36.67231835424900054931640625" lon="117.2885402105748653411865234375">
        <ele>155.600006103515625</ele>
        <time>2026-08-13T23:35:30.000Z</time>
        <extensions>
          <ns3:TrackPointExtension>
            <ns3:hr>110</ns3:hr>
          </ns3:TrackPointExtension>
        </extensions>
      </trkpt>
      <trkpt lat="36.672263704240322113037109375" lon="117.2885301522910594940185546875">
        <ele>155.600006103515625</ele>
        <time>2026-08-13T23:35:34.000Z</time>
        <extensions>
          <ns3:TrackPointExtension>
            <ns3:hr>112</ns3:hr>
          </ns3:TrackPointExtension>
        </extensions>
      </trkpt>
      <trkpt lat="36.6721803881227970123291015625" lon="117.2885008156299591064453125">
        <ele>155.8000030517578125</ele>
        <time>2026-08-13T23:35:39.000Z</time>
        <extensions>
          <ns3:TrackPointExtension>
            <ns3:hr>113</ns3:hr>
          </ns3:TrackPointExtension>
        </extensions>
      </trkpt>
      <trkpt lat="36.6720962338149547576904296875" lon="117.288494445383548736572265625">
        <ele>156</ele>
        <time>2026-08-13T23:35:44.000Z</time>
        <extensions>
          <ns3:TrackPointExtension>
            <ns3:hr>113</ns3:hr>
          </ns3:TrackPointExtension>
        </extensions>
      </trkpt>
      <trkpt lat="36.6720831580460071563720703125" lon="117.28850014507770538330078125">
        <ele>156</ele>
        <time>2026-08-13T23:35:45.000Z</time>
        <extensions>
          <ns3:TrackPointExtension>
            <ns3:hr>113</ns3:hr>
          </ns3:TrackPointExtension>
        </extensions>
      </trkpt>
      <trkpt lat="36.67206748388707637786865234375" lon="117.2885063476860523223876953125">
        <ele>156</ele>
        <time>2026-08-13T23:35:46.000Z</time>
        <extensions>
          <ns3:TrackPointExtension>
            <ns3:hr>113</ns3:hr>
          </ns3:TrackPointExtension>
        </extensions>
      </trkpt>
      <trkpt lat="36.67202624492347240447998046875" lon="117.2885254584252834320068359375">
        <ele>156.399993896484375</ele>
        <time>2026-08-13T23:35:49.000Z</time>
        <extensions>
          <ns3:TrackPointExtension>
            <ns3:hr>112</ns3:hr>
          </ns3:TrackPointExtension>
        </extensions>
      </trkpt>
      <trkpt lat="36.67198441922664642333984375" lon="117.2885539568960666656494140625">
        <ele>156.600006103515625</ele>
        <time>2026-08-13T23:35:53.000Z</time>
        <extensions>
          <ns3:TrackPointExtension>
            <ns3:hr>113</ns3:hr>
          </ns3:TrackPointExtension>
        </extensions>
      </trkpt>
      <trkpt lat="36.6719751991331577301025390625" lon="117.28856594301760196685791015625">
        <ele>156.399993896484375</ele>
        <time>2026-08-13T23:35:54.000Z</time>
        <extensions>
          <ns3:TrackPointExtension>
            <ns3:hr>114</ns3:hr>
          </ns3:TrackPointExtension>
        </extensions>
      </trkpt>
      <trkpt lat="36.67193538509309291839599609375" lon="117.28860349394381046295166015625">
        <ele>156.600006103515625</ele>
        <time>2026-08-13T23:35:58.000Z</time>
        <extensions>
          <ns3:TrackPointExtension>
            <ns3:hr>114</ns3:hr>
          </ns3:TrackPointExtension>
        </extensions>
      </trkpt>
      <trkpt lat="36.67188475839793682098388671875" lon="117.28866015560925006866455078125">
        <ele>157</ele>
        <time>2026-08-13T23:36:04.000Z</time>
        <extensions>
          <ns3:TrackPointExtension>
            <ns3:hr>114</ns3:hr>
          </ns3:TrackPointExtension>
        </extensions>
      </trkpt>
      <trkpt lat="36.6718281805515289306640625" lon="117.28870541788637638092041015625">
        <ele>157</ele>
        <time>2026-08-13T23:36:09.000Z</time>
        <extensions>
          <ns3:TrackPointExtension>
            <ns3:hr>114</ns3:hr>
          </ns3:TrackPointExtension>
        </extensions>
      </trkpt>
      <trkpt lat="36.67181652970612049102783203125" lon="117.28874833323061466217041015625">
        <ele>157.1999969482421875</ele>
        <time>2026-08-13T23:36:12.000Z</time>
        <extensions>
          <ns3:TrackPointExtension>
            <ns3:hr>114</ns3:hr>
          </ns3:TrackPointExtension>
        </extensions>
      </trkpt>
      <trkpt lat="36.671803705394268035888671875" lon="117.28876434266567230224609375">
        <ele>157.399993896484375</ele>
        <time>2026-08-13T23:36:14.000Z</time>
        <extensions>
          <ns3:TrackPointExtension>
            <ns3:hr>114</ns3:hr>
          </ns3:TrackPointExtension>
        </extensions>
      </trkpt>
      <trkpt lat="36.67173153720796108245849609375" lon="117.2888376004993915557861328125">
        <ele>158</ele>
        <time>2026-08-13T23:36:21.000Z</time>
        <extensions>
          <ns3:TrackPointExtension>
            <ns3:hr>116</ns3:hr>
          </ns3:TrackPointExtension>
        </extensions>
      </trkpt>
      <trkpt lat="36.67172784917056560516357421875" lon="117.28884690441191196441650390625">
        <ele>158.1999969482421875</ele>
        <time>2026-08-13T23:36:22.000Z</time>
        <extensions>
          <ns3:TrackPointExtension>
            <ns3:hr>116</ns3:hr>
          </ns3:TrackPointExtension>
        </extensions>
      </trkpt>
      <trkpt lat="36.67168593965470790863037109375" lon="117.2888870537281036376953125">
        <ele>159</ele>
        <time>2026-08-13T23:36:27.000Z</time>
        <extensions>
          <ns3:TrackPointExtension>
            <ns3:hr>116</ns3:hr>
          </ns3:TrackPointExtension>
        </extensions>
      </trkpt>
      <trkpt lat="36.67163983918726444244384765625" lon="117.28894061408936977386474609375">
        <ele>158</ele>
        <time>2026-08-13T23:36:33.000Z</time>
        <extensions>
          <ns3:TrackPointExtension>
            <ns3:hr>116</ns3:hr>
          </ns3:TrackPointExtension>
        </extensions>
      </trkpt>
      <trkpt lat="36.67159549891948699951171875" lon="117.28900549001991748809814453125">
        <ele>158.600006103515625</ele>
        <time>2026-08-13T23:36:39.000Z</time>
        <extensions>
          <ns3:TrackPointExtension>
            <ns3:hr>116</ns3:hr>
          </ns3:TrackPointExtension>
        </extensions>
      </trkpt>
      <trkpt lat="36.67155501432716846466064453125" lon="117.28907656855881214141845703125">
        <ele>158</ele>
        <time>2026-08-13T23:36:45.000Z</time>
        <extensions>
          <ns3:TrackPointExtension>
            <ns3:hr>116</ns3:hr>
          </ns3:TrackPointExtension>
        </extensions>
      </trkpt>
      <trkpt lat="36.671505980193614959716796875" lon="117.28916072286665439605712890625">
        <ele>158</ele>
        <time>2026-08-13T23:36:51.000Z</time>
        <extensions>
          <ns3:TrackPointExtension>
            <ns3:hr>115</ns3:hr>
          </ns3:TrackPointExtension>
        </extensions>
      </trkpt>
      <trkpt lat="36.67148846201598644256591796875" lon="117.2891928255558013916015625">
        <ele>158</ele>
        <time>2026-08-13T23:36:54.000Z</time>
        <extensions>
          <ns3:TrackPointExtension>
            <ns3:hr>112</ns3:hr>
          </ns3:TrackPointExtension>
        </extensions>
      </trkpt>
      <trkpt lat="36.6714685969054698944091796875" lon="117.28923012502491474151611328125">
        <ele>158</ele>
        <time>2026-08-13T23:36:57.000Z</time>
        <extensions>
          <ns3:TrackPointExtension>
            <ns3:hr>111</ns3:hr>
          </ns3:TrackPointExtension>
        </extensions>
      </trkpt>
      <trkpt lat="36.67143666185438632965087890625" lon="117.2893081605434417724609375">
        <ele>158</ele>
        <time>2026-08-13T23:37:03.000Z</time>
        <extensions>
          <ns3:TrackPointExtension>
            <ns3:hr>112</ns3:hr>
          </ns3:TrackPointExtension>
        </extensions>
      </trkpt>
      <trkpt lat="36.67141134850680828094482421875" lon="117.289379574358463287353515625">
        <ele>158</ele>
        <time>2026-08-13T23:37:08.000Z</time>
        <extensions>
          <ns3:TrackPointExtension>
            <ns3:hr>110</ns3:hr>
          </ns3:TrackPointExtension>
        </extensions>
      </trkpt>
      <trkpt lat="36.6713894717395305633544921875" lon="117.2894608788192272186279296875">
        <ele>158</ele>
        <time>2026-08-13T23:37:14.000Z</time>
        <extensions>
          <ns3:TrackPointExtension>
            <ns3:hr>108</ns3:hr>
          </ns3:TrackPointExtension>
        </extensions>
      </trkpt>
      <trkpt lat="36.67137555778026580810546875" lon="117.28949599899351596832275390625">
        <ele>158</ele>
        <time>2026-08-13T23:37:17.000Z</time>
        <extensions>
          <ns3:TrackPointExtension>
            <ns3:hr>108</ns3:hr>
          </ns3:TrackPointExtension>
        </extensions>
      </trkpt>
      <trkpt lat="36.67137044481933116912841796875" lon="117.28953790850937366485595703125">
        <ele>157.8000030517578125</ele>
        <time>2026-08-13T23:37:20.000Z</time>
        <extensions>
          <ns3:TrackPointExtension>
            <ns3:hr>106</ns3:hr>
          </ns3:TrackPointExtension>
        </extensions>
      </trkpt>
      <trkpt lat="36.67134345509111881256103515625" lon="117.28962264955043792724609375">
        <ele>158.1999969482421875</ele>
        <time>2026-08-13T23:37:26.000Z</time>
        <extensions>
          <ns3:TrackPointExtension>
            <ns3:hr>105</ns3:hr>
          </ns3:TrackPointExtension>
        </extensions>
      </trkpt>
      <trkpt lat="36.671337001025676727294921875" lon="117.28965056128799915313720703125">
        <ele>157.8000030517578125</ele>
        <time>2026-08-13T23:37:28.000Z</time>
        <extensions>
          <ns3:TrackPointExtension>
            <ns3:hr>108</ns3:hr>
          </ns3:TrackPointExtension>
        </extensions>
      </trkpt>
      <trkpt lat="36.67131948284804821014404296875" lon="117.2897056303918361663818359375">
        <ele>157.600006103515625</ele>
        <time>2026-08-13T23:37:32.000Z</time>
        <extensions>
          <ns3:TrackPointExtension>
            <ns3:hr>110</ns3:hr>
          </ns3:TrackPointExtension>
        </extensions>
      </trkpt>
      <trkpt lat="36.67132836766541004180908203125" lon="117.28978416882455348968505859375">
        <ele>157.600006103515625</ele>
        <time>2026-08-13T23:37:37.000Z</time>
        <extensions>
          <ns3:TrackPointExtension>
            <ns3:hr>107</ns3:hr>
          </ns3:TrackPointExtension>
        </extensions>
      </trkpt>
      <trkpt lat="36.67132903821766376495361328125" lon="117.289798669517040252685546875">
        <ele>157.8000030517578125</ele>
        <time>2026-08-13T23:37:38.000Z</time>
        <extensions>
          <ns3:TrackPointExtension>
            <ns3:hr>107</ns3:hr>
          </ns3:TrackPointExtension>
        </extensions>
      </trkpt>
      <trkpt lat="36.6713257692754268646240234375" lon="117.28986077941954135894775390625">
        <ele>158.1999969482421875</ele>
        <time>2026-08-13T23:37:42.000Z</time>
        <extensions>
          <ns3:TrackPointExtension>
            <ns3:hr>104</ns3:hr>
          </ns3:TrackPointExtension>
        </extensions>
      </trkpt>
      <trkpt lat="36.67132702656090259552001953125" lon="117.28988307528197765350341796875">
        <ele>158.600006103515625</ele>
        <time>2026-08-13T23:37:44.000Z</time>
        <extensions>
          <ns3:TrackPointExtension>
            <ns3:hr>104</ns3:hr>
          </ns3:TrackPointExtension>
        </extensions>
      </trkpt>
      <trkpt lat="36.67132082395255565643310546875" lon="117.2899580933153629302978515625">
        <ele>157.399993896484375</ele>
        <time>2026-08-13T23:37:49.000Z</time>
        <extensions>
          <ns3:TrackPointExtension>
            <ns3:hr>104</ns3:hr>
          </ns3:TrackPointExtension>
        </extensions>
      </trkpt>
      <trkpt lat="36.67132191359996795654296875" lon="117.29000897146761417388916015625">
        <ele>157.399993896484375</ele>
        <time>2026-08-13T23:37:52.000Z</time>
        <extensions>
          <ns3:TrackPointExtension>
            <ns3:hr>107</ns3:hr>
          </ns3:TrackPointExtension>
        </extensions>
      </trkpt>
      <trkpt lat="36.67132702656090259552001953125" lon="117.29004987515509128570556640625">
        <ele>157.399993896484375</ele>
        <time>2026-08-13T23:37:55.000Z</time>
        <extensions>
          <ns3:TrackPointExtension>
            <ns3:hr>108</ns3:hr>
          </ns3:TrackPointExtension>
        </extensions>
      </trkpt>
      <trkpt lat="36.6713438741862773895263671875" lon="117.2901217080652713775634765625">
        <ele>157.399993896484375</ele>
        <time>2026-08-13T23:38:00.000Z</time>
        <extensions>
          <ns3:TrackPointExtension>
            <ns3:hr>108</ns3:hr>
          </ns3:TrackPointExtension>
        </extensions>
      </trkpt>
      <trkpt lat="36.6713626496493816375732421875" lon="117.29019421152770519256591796875">
        <ele>157.600006103515625</ele>
        <time>2026-08-13T23:38:05.000Z</time>
        <extensions>
          <ns3:TrackPointExtension>
            <ns3:hr>108</ns3:hr>
          </ns3:TrackPointExtension>
        </extensions>
      </trkpt>
      <trkpt lat="36.6713727079331874847412109375" lon="117.2902886755764484405517578125">
        <ele>158.1999969482421875</ele>
        <time>2026-08-13T23:38:11.000Z</time>
        <extensions>
          <ns3:TrackPointExtension>
            <ns3:hr>108</ns3:hr>
          </ns3:TrackPointExtension>
        </extensions>
      </trkpt>
      <trkpt lat="36.67138888500630855560302734375" lon="117.29035883210599422454833984375">
        <ele>157.600006103515625</ele>
        <time>2026-08-13T23:38:16.000Z</time>
        <extensions>
          <ns3:TrackPointExtension>
            <ns3:hr>110</ns3:hr>
          </ns3:TrackPointExtension>
        </extensions>
      </trkpt>
      <trkpt lat="36.6714129410684108734130859375" lon="117.2904321737587451934814453125">
        <ele>157.600006103515625</ele>
        <time>2026-08-13T23:38:21.000Z</time>
        <extensions>
          <ns3:TrackPointExtension>
            <ns3:hr>110</ns3:hr>
          </ns3:TrackPointExtension>
        </extensions>
      </trkpt>
      <trkpt lat="36.671430207788944244384765625" lon="117.29047047905623912811279296875">
        <ele>157.600006103515625</ele>
        <time>2026-08-13T23:38:24.000Z</time>
        <extensions>
          <ns3:TrackPointExtension>
            <ns3:hr>106</ns3:hr>
          </ns3:TrackPointExtension>
        </extensions>
      </trkpt>
      <trkpt lat="36.67145141400396823883056640625" lon="117.29050970636308193206787109375">
        <ele>157.8000030517578125</ele>
        <time>2026-08-13T23:38:27.000Z</time>
        <extensions>
          <ns3:TrackPointExtension>
            <ns3:hr>105</ns3:hr>
          </ns3:TrackPointExtension>
        </extensions>
      </trkpt>
      <trkpt lat="36.6714875400066375732421875" lon="117.2905646078288555145263671875">
        <ele>157.8000030517578125</ele>
        <time>2026-08-13T23:38:32.000Z</time>
        <extensions>
          <ns3:TrackPointExtension>
            <ns3:hr>108</ns3:hr>
          </ns3:TrackPointExtension>
        </extensions>
      </trkpt>
      <trkpt lat="36.67151981033384799957275390625" lon="117.29064750485122203826904296875">
        <ele>159</ele>
        <time>2026-08-13T23:38:38.000Z</time>
        <extensions>
          <ns3:TrackPointExtension>
            <ns3:hr>108</ns3:hr>
          </ns3:TrackPointExtension>
        </extensions>
      </trkpt>
      <trkpt lat="36.67153255082666873931884765625" lon="117.290683798491954803466796875">
        <ele>157.8000030517578125</ele>
        <time>2026-08-13T23:38:44.000Z</time>
        <extensions>
          <ns3:TrackPointExtension>
            <ns3:hr>110</ns3:hr>
          </ns3:TrackPointExtension>
        </extensions>
      </trkpt>
      <trkpt lat="36.67152551002800464630126953125" lon="117.29067550040781497955322265625">
        <ele>157.8000030517578125</ele>
        <time>2026-08-13T23:38:48.000Z</time>
        <extensions>
          <ns3:TrackPointExtension>
            <ns3:hr>110</ns3:hr>
          </ns3:TrackPointExtension>
        </extensions>
      </trkpt>
      <trkpt lat="36.671523414552211761474609375" lon="117.29067633859813213348388671875">
        <ele>157.1999969482421875</ele>
        <time>2026-08-13T23:41:10.000Z</time>
        <extensions>
          <ns3:TrackPointExtension>
            <ns3:hr>88</ns3:hr>
          </ns3:TrackPointExtension>
        </extensions>
      </trkpt>
      <trkpt lat="36.67152383364737033843994140625" lon="117.2906752489507198333740234375">
        <ele>157.1999969482421875</ele>
        <time>2026-08-13T23:41:11.000Z</time>
        <extensions>
          <ns3:TrackPointExtension>
            <ns3:hr>88</ns3:hr>
          </ns3:TrackPointExtension>
        </extensions>
      </trkpt>
      <trkpt lat="36.671524755656719207763671875" lon="117.29067784734070301055908203125">
        <ele>157.1999969482421875</ele>
        <time>2026-08-13T23:41:12.000Z</time>
        <extensions>
          <ns3:TrackPointExtension>
            <ns3:hr>88</ns3:hr>
          </ns3:TrackPointExtension>
        </extensions>
      </trkpt>
      <trkpt lat="36.6715304553508758544921875" lon="117.29070223867893218994140625">
        <ele>157.399993896484375</ele>
        <time>2026-08-13T23:41:17.000Z</time>
        <extensions>
          <ns3:TrackPointExtension>
            <ns3:hr>88</ns3:hr>
          </ns3:TrackPointExtension>
        </extensions>
      </trkpt>
      <trkpt lat="36.67153925634920597076416015625" lon="117.29073149152100086212158203125">
        <ele>157.399993896484375</ele>
        <time>2026-08-13T23:41:19.000Z</time>
        <extensions>
          <ns3:TrackPointExtension>
            <ns3:hr>88</ns3:hr>
          </ns3:TrackPointExtension>
        </extensions>
      </trkpt>
      <trkpt lat="36.67155099101364612579345703125" lon="117.29076300747692584991455078125">
        <ele>157.399993896484375</ele>
        <time>2026-08-13T23:41:21.000Z</time>
        <extensions>
          <ns3:TrackPointExtension>
            <ns3:hr>88</ns3:hr>
          </ns3:TrackPointExtension>
        </extensions>
      </trkpt>
      <trkpt lat="36.6715866141021251678466796875" lon="117.290813215076923370361328125">
        <ele>157.399993896484375</ele>
        <time>2026-08-13T23:41:25.000Z</time>
        <extensions>
          <ns3:TrackPointExtension>
            <ns3:hr>91</ns3:hr>
          </ns3:TrackPointExtension>
        </extensions>
      </trkpt>
      <trkpt lat="36.6715899668633937835693359375" lon="117.2908254526555538177490234375">
        <ele>157.399993896484375</ele>
        <time>2026-08-13T23:41:26.000Z</time>
        <extensions>
          <ns3:TrackPointExtension>
            <ns3:hr>94</ns3:hr>
          </ns3:TrackPointExtension>
        </extensions>
      </trkpt>
      <trkpt lat="36.6716017015278339385986328125" lon="117.290846072137355804443359375">
        <ele>157.399993896484375</ele>
        <time>2026-08-13T23:41:28.000Z</time>
        <extensions>
          <ns3:TrackPointExtension>
            <ns3:hr>97</ns3:hr>
          </ns3:TrackPointExtension>
        </extensions>
      </trkpt>
      <trkpt lat="36.671622656285762786865234375" lon="117.290885634720325469970703125">
        <ele>157.399993896484375</ele>
        <time>2026-08-13T23:41:31.000Z</time>
        <extensions>
          <ns3:TrackPointExtension>
            <ns3:hr>100</ns3:hr>
          </ns3:TrackPointExtension>
        </extensions>
      </trkpt>
      <trkpt lat="36.671641767024993896484375" lon="117.29090147651731967926025390625">
        <ele>157.399993896484375</ele>
        <time>2026-08-13T23:41:33.000Z</time>
        <extensions>
          <ns3:TrackPointExtension>
            <ns3:hr>105</ns3:hr>
          </ns3:TrackPointExtension>
        </extensions>
      </trkpt>
      <trkpt lat="36.67164822109043598175048828125" lon="117.290910445153713226318359375">
        <ele>157.399993896484375</ele>
        <time>2026-08-13T23:41:34.000Z</time>
        <extensions>
          <ns3:TrackPointExtension>
            <ns3:hr>108</ns3:hr>
          </ns3:TrackPointExtension>
        </extensions>
      </trkpt>
      <trkpt lat="36.67166682891547679901123046875" lon="117.2909327410161495208740234375">
        <ele>157.600006103515625</ele>
        <time>2026-08-13T23:41:36.000Z</time>
        <extensions>
          <ns3:TrackPointExtension>
            <ns3:hr>111</ns3:hr>
          </ns3:TrackPointExtension>
        </extensions>
      </trkpt>
      <trkpt lat="36.6716757975518703460693359375" lon="117.29094740934669971466064453125">
        <ele>157.600006103515625</ele>
        <time>2026-08-13T23:41:37.000Z</time>
        <extensions>
          <ns3:TrackPointExtension>
            <ns3:hr>111</ns3:hr>
          </ns3:TrackPointExtension>
        </extensions>
      </trkpt>
      <trkpt lat="36.67172692716121673583984375" lon="117.29099434800446033477783203125">
        <ele>157.8000030517578125</ele>
        <time>2026-08-13T23:41:43.000Z</time>
        <extensions>
          <ns3:TrackPointExtension>
            <ns3:hr>111</ns3:hr>
          </ns3:TrackPointExtension>
        </extensions>
      </trkpt>
      <trkpt lat="36.6717669926583766937255859375" lon="117.2910355031490325927734375">
        <ele>157.8000030517578125</ele>
        <time>2026-08-13T23:41:48.000Z</time>
        <extensions>
          <ns3:TrackPointExtension>
            <ns3:hr>109</ns3:hr>
          </ns3:TrackPointExtension>
        </extensions>
      </trkpt>
      <trkpt lat="36.6717852652072906494140625" lon="117.29105168022215366363525390625">
        <ele>157.8000030517578125</ele>
        <time>2026-08-13T23:41:50.000Z</time>
        <extensions>
          <ns3:TrackPointExtension>
            <ns3:hr>106</ns3:hr>
          </ns3:TrackPointExtension>
        </extensions>
      </trkpt>
      <trkpt lat="36.67180613614618778228759765625" lon="117.29108319617807865142822265625">
        <ele>157.8000030517578125</ele>
        <time>2026-08-13T23:41:53.000Z</time>
        <extensions>
          <ns3:TrackPointExtension>
            <ns3:hr>105</ns3:hr>
          </ns3:TrackPointExtension>
        </extensions>
      </trkpt>
      <trkpt lat="36.6718501411378383636474609375" lon="117.291145808994770050048828125">
        <ele>158</ele>
        <time>2026-08-13T23:41:59.000Z</time>
        <extensions>
          <ns3:TrackPointExtension>
            <ns3:hr>105</ns3:hr>
          </ns3:TrackPointExtension>
        </extensions>
      </trkpt>
      <trkpt lat="36.6719017736613750457763671875" lon="117.291200123727321624755859375">
        <ele>157.8000030517578125</ele>
        <time>2026-08-13T23:42:04.000Z</time>
        <extensions>
          <ns3:TrackPointExtension>
            <ns3:hr>108</ns3:hr>
          </ns3:TrackPointExtension>
        </extensions>
      </trkpt>
      <trkpt lat="36.67190688662230968475341796875" lon="117.29121546261012554168701171875">
        <ele>157.8000030517578125</ele>
        <time>2026-08-13T23:42:05.000Z</time>
        <extensions>
          <ns3:TrackPointExtension>
            <ns3:hr>108</ns3:hr>
          </ns3:TrackPointExtension>
        </extensions>
      </trkpt>
      <trkpt lat="36.67195223271846771240234375" lon="117.2912824340164661407470703125">
        <ele>157.600006103515625</ele>
        <time>2026-08-13T23:42:11.000Z</time>
        <extensions>
          <ns3:TrackPointExtension>
            <ns3:hr>110</ns3:hr>
          </ns3:TrackPointExtension>
        </extensions>
      </trkpt>
      <trkpt lat="36.67198500595986843109130859375" lon="117.29133867658674716949462890625">
        <ele>157.8000030517578125</ele>
        <time>2026-08-13T23:42:16.000Z</time>
        <extensions>
          <ns3:TrackPointExtension>
            <ns3:hr>109</ns3:hr>
          </ns3:TrackPointExtension>
        </extensions>
      </trkpt>
      <trkpt lat="36.6719922982156276702880859375" lon="117.29134907014667987823486328125">
        <ele>157.600006103515625</ele>
        <time>2026-08-13T23:42:17.000Z</time>
        <extensions>
          <ns3:TrackPointExtension>
            <ns3:hr>109</ns3:hr>
          </ns3:TrackPointExtension>
        </extensions>
      </trkpt>
      <trkpt lat="36.67201928794384002685546875" lon="117.29139751754701137542724609375">
        <ele>157.600006103515625</ele>
        <time>2026-08-13T23:42:21.000Z</time>
        <extensions>
          <ns3:TrackPointExtension>
            <ns3:hr>112</ns3:hr>
          </ns3:TrackPointExtension>
        </extensions>
      </trkpt>
      <trkpt lat="36.67204518802464008331298828125" lon="117.29143255390226840972900390625">
        <ele>157.8000030517578125</ele>
        <time>2026-08-13T23:42:24.000Z</time>
        <extensions>
          <ns3:TrackPointExtension>
            <ns3:hr>115</ns3:hr>
          </ns3:TrackPointExtension>
        </extensions>
      </trkpt>
      <trkpt lat="36.67206195183098316192626953125" lon="117.291439510881900787353515625">
        <ele>158.1999969482421875</ele>
        <time>2026-08-13T23:42:26.000Z</time>
        <extensions>
          <ns3:TrackPointExtension>
            <ns3:hr>116</ns3:hr>
          </ns3:TrackPointExtension>
        </extensions>
      </trkpt>
      <trkpt lat="36.672071926295757293701171875" lon="117.29143590666353702545166015625">
        <ele>158.1999969482421875</ele>
        <time>2026-08-13T23:42:27.000Z</time>
        <extensions>
          <ns3:TrackPointExtension>
            <ns3:hr>116</ns3:hr>
          </ns3:TrackPointExtension>
        </extensions>
      </trkpt>
      <trkpt lat="36.67212548665702342987060546875" lon="117.29135937988758087158203125">
        <ele>157.399993896484375</ele>
        <time>2026-08-13T23:42:33.000Z</time>
        <extensions>
          <ns3:TrackPointExtension>
            <ns3:hr>113</ns3:hr>
          </ns3:TrackPointExtension>
        </extensions>
      </trkpt>
      <trkpt lat="36.6721522249281406402587890625" lon="117.29131520725786685943603515625">
        <ele>157.399993896484375</ele>
        <time>2026-08-13T23:42:36.000Z</time>
        <extensions>
          <ns3:TrackPointExtension>
            <ns3:hr>110</ns3:hr>
          </ns3:TrackPointExtension>
        </extensions>
      </trkpt>
      <trkpt lat="36.672167144715785980224609375" lon="117.2912841103971004486083984375">
        <ele>157.399993896484375</ele>
        <time>2026-08-13T23:42:38.000Z</time>
        <extensions>
          <ns3:TrackPointExtension>
            <ns3:hr>108</ns3:hr>
          </ns3:TrackPointExtension>
        </extensions>
      </trkpt>
      <trkpt lat="36.672166474163532257080078125" lon="117.2912844456732273101806640625">
        <ele>158</ele>
        <time>2026-08-13T23:42:43.000Z</time>
        <extensions>
          <ns3:TrackPointExtension>
            <ns3:hr>106</ns3:hr>
          </ns3:TrackPointExtension>
        </extensions>
      </trkpt>
      <trkpt lat="36.672145687043666839599609375" lon="117.29131889529526233673095703125">
        <ele>158</ele>
        <time>2026-08-13T23:42:48.000Z</time>
        <extensions>
          <ns3:TrackPointExtension>
            <ns3:hr>106</ns3:hr>
          </ns3:TrackPointExtension>
        </extensions>
      </trkpt>
      <trkpt lat="36.67208156548440456390380859375" lon="117.29138377122581005096435546875">
        <ele>157.8000030517578125</ele>
        <time>2026-08-13T23:42:55.000Z</time>
        <extensions>
          <ns3:TrackPointExtension>
            <ns3:hr>107</ns3:hr>
          </ns3:TrackPointExtension>
        </extensions>
      </trkpt>
      <trkpt lat="36.67206966318190097808837890625" lon="117.291406653821468353271484375">
        <ele>157.600006103515625</ele>
        <time>2026-08-13T23:42:57.000Z</time>
        <extensions>
          <ns3:TrackPointExtension>
            <ns3:hr>107</ns3:hr>
          </ns3:TrackPointExtension>
        </extensions>
      </trkpt>
      <trkpt lat="36.67207519523799419403076171875" lon="117.29145535267889499664306640625">
        <ele>157.600006103515625</ele>
        <time>2026-08-13T23:43:00.000Z</time>
        <extensions>
          <ns3:TrackPointExtension>
            <ns3:hr>108</ns3:hr>
          </ns3:TrackPointExtension>
        </extensions>
      </trkpt>
      <trkpt lat="36.6720811463892459869384765625" lon="117.29146943427622318267822265625">
        <ele>157.600006103515625</ele>
        <time>2026-08-13T23:43:01.000Z</time>
        <extensions>
          <ns3:TrackPointExtension>
            <ns3:hr>108</ns3:hr>
          </ns3:TrackPointExtension>
        </extensions>
      </trkpt>
      <trkpt lat="36.67208894155919551849365234375" lon="117.2914829291403293609619140625">
        <ele>157.1999969482421875</ele>
        <time>2026-08-13T23:43:03.000Z</time>
        <extensions>
          <ns3:TrackPointExtension>
            <ns3:hr>108</ns3:hr>
          </ns3:TrackPointExtension>
        </extensions>
      </trkpt>
      <trkpt lat="36.67208307422697544097900390625" lon="117.29148619808256626129150390625">
        <ele>156.8000030517578125</ele>
        <time>2026-08-13T23:43:04.000Z</time>
        <extensions>
          <ns3:TrackPointExtension>
            <ns3:hr>107</ns3:hr>
          </ns3:TrackPointExtension>
        </extensions>
      </trkpt>
      <trkpt lat="36.672094725072383880615234375" lon="117.29148753918707370758056640625">
        <ele>156.600006103515625</ele>
        <time>2026-08-13T23:43:07.000Z</time>
        <extensions>
          <ns3:TrackPointExtension>
            <ns3:hr>105</ns3:hr>
          </ns3:TrackPointExtension>
        </extensions>
      </trkpt>
      <trkpt lat="36.6721062920987606048583984375" lon="117.29149877093732357025146484375">
        <ele>156.600006103515625</ele>
        <time>2026-08-13T23:43:08.000Z</time>
        <extensions>
          <ns3:TrackPointExtension>
            <ns3:hr>105</ns3:hr>
          </ns3:TrackPointExtension>
        </extensions>
      </trkpt>
      <trkpt lat="36.6721713356673717498779296875" lon="117.29160840623080730438232421875">
        <ele>157</ele>
        <time>2026-08-13T23:43:15.000Z</time>
        <extensions>
          <ns3:TrackPointExtension>
            <ns3:hr>105</ns3:hr>
          </ns3:TrackPointExtension>
        </extensions>
      </trkpt>
      <trkpt lat="36.672206707298755645751953125" lon="117.29166557081043720245361328125">
        <ele>157.399993896484375</ele>
        <time>2026-08-13T23:43:20.000Z</time>
        <extensions>
          <ns3:TrackPointExtension>
            <ns3:hr>109</ns3:hr>
          </ns3:TrackPointExtension>
        </extensions>
      </trkpt>
      <trkpt lat="36.672213077545166015625" lon="117.29169356636703014373779296875">
        <ele>158</ele>
        <time>2026-08-13T23:43:22.000Z</time>
        <extensions>
          <ns3:TrackPointExtension>
            <ns3:hr>111</ns3:hr>
          </ns3:TrackPointExtension>
        </extensions>
      </trkpt>
      <trkpt lat="36.67225389741361141204833984375" lon="117.29176573455333709716796875">
        <ele>156.8000030517578125</ele>
        <time>2026-08-13T23:43:28.000Z</time>
        <extensions>
          <ns3:TrackPointExtension>
            <ns3:hr>111</ns3:hr>
          </ns3:TrackPointExtension>
        </extensions>
      </trkpt>
      <trkpt lat="36.67229957878589630126953125" lon="117.2918520681560039520263671875">
        <ele>156.8000030517578125</ele>
        <time>2026-08-13T23:43:35.000Z</time>
        <extensions>
          <ns3:TrackPointExtension>
            <ns3:hr>110</ns3:hr>
          </ns3:TrackPointExtension>
        </extensions>
      </trkpt>
      <trkpt lat="36.67234375141561031341552734375" lon="117.29190965183079242706298828125">
        <ele>156.600006103515625</ele>
        <time>2026-08-13T23:43:40.000Z</time>
        <extensions>
          <ns3:TrackPointExtension>
            <ns3:hr>111</ns3:hr>
          </ns3:TrackPointExtension>
        </extensions>
      </trkpt>
      <trkpt lat="36.67239119298756122589111328125" lon="117.2919781319797039031982421875">
        <ele>156.600006103515625</ele>
        <time>2026-08-13T23:43:46.000Z</time>
        <extensions>
          <ns3:TrackPointExtension>
            <ns3:hr>112</ns3:hr>
          </ns3:TrackPointExtension>
        </extensions>
      </trkpt>
      <trkpt lat="36.672440059483051300048828125" lon="117.29203638620674610137939453125">
        <ele>156.399993896484375</ele>
        <time>2026-08-13T23:43:51.000Z</time>
        <extensions>
          <ns3:TrackPointExtension>
            <ns3:hr>111</ns3:hr>
          </ns3:TrackPointExtension>
        </extensions>
      </trkpt>
      <trkpt lat="36.67246721684932708740234375" lon="117.29207552969455718994140625">
        <ele>156.1999969482421875</ele>
        <time>2026-08-13T23:43:55.000Z</time>
        <extensions>
          <ns3:TrackPointExtension>
            <ns3:hr>108</ns3:hr>
          </ns3:TrackPointExtension>
        </extensions>
      </trkpt>
      <trkpt lat="36.67247300036251544952392578125" lon="117.2920860908925533294677734375">
        <ele>156.1999969482421875</ele>
        <time>2026-08-13T23:43:56.000Z</time>
        <extensions>
          <ns3:TrackPointExtension>
            <ns3:hr>107</ns3:hr>
          </ns3:TrackPointExtension>
        </extensions>
      </trkpt>
      <trkpt lat="36.67250166647136211395263671875" lon="117.29213361628353595733642578125">
        <ele>156.1999969482421875</ele>
        <time>2026-08-13T23:44:00.000Z</time>
        <extensions>
          <ns3:TrackPointExtension>
            <ns3:hr>106</ns3:hr>
          </ns3:TrackPointExtension>
        </extensions>
      </trkpt>
      <trkpt lat="36.67251507751643657684326171875" lon="117.2921548224985599517822265625">
        <ele>156</ele>
        <time>2026-08-13T23:44:02.000Z</time>
        <extensions>
          <ns3:TrackPointExtension>
            <ns3:hr>107</ns3:hr>
          </ns3:TrackPointExtension>
        </extensions>
      </trkpt>
      <trkpt lat="36.67255346663296222686767578125" lon="117.2922161780297756195068359375">
        <ele>156</ele>
        <time>2026-08-13T23:44:08.000Z</time>
        <extensions>
          <ns3:TrackPointExtension>
            <ns3:hr>110</ns3:hr>
          </ns3:TrackPointExtension>
        </extensions>
      </trkpt>
      <trkpt lat="36.67258615605533123016357421875" lon="117.29225657880306243896484375">
        <ele>156</ele>
        <time>2026-08-13T23:44:13.000Z</time>
        <extensions>
          <ns3:TrackPointExtension>
            <ns3:hr>110</ns3:hr>
          </ns3:TrackPointExtension>
        </extensions>
      </trkpt>
      <trkpt lat="36.67262018658220767974853515625" lon="117.29229756630957126617431640625">
        <ele>155.8000030517578125</ele>
        <time>2026-08-13T23:44:17.000Z</time>
        <extensions>
          <ns3:TrackPointExtension>
            <ns3:hr>107</ns3:hr>
          </ns3:TrackPointExtension>
        </extensions>
      </trkpt>
      <trkpt lat="36.67263753712177276611328125" lon="117.29232656769454479217529296875">
        <ele>155.8000030517578125</ele>
        <time>2026-08-13T23:44:19.000Z</time>
        <extensions>
          <ns3:TrackPointExtension>
            <ns3:hr>106</ns3:hr>
          </ns3:TrackPointExtension>
        </extensions>
      </trkpt>
      <trkpt lat="36.6726864874362945556640625" lon="117.292375266551971435546875">
        <ele>155.8000030517578125</ele>
        <time>2026-08-13T23:44:24.000Z</time>
        <extensions>
          <ns3:TrackPointExtension>
            <ns3:hr>104</ns3:hr>
          </ns3:TrackPointExtension>
        </extensions>
      </trkpt>
      <trkpt lat="36.67274943552911281585693359375" lon="117.2924408130347728729248046875">
        <ele>155.8000030517578125</ele>
        <time>2026-08-13T23:44:30.000Z</time>
        <extensions>
          <ns3:TrackPointExtension>
            <ns3:hr>101</ns3:hr>
          </ns3:TrackPointExtension>
        </extensions>
      </trkpt>
      <trkpt lat="36.6727647744119167327880859375" lon="117.29244726710021495819091796875">
        <ele>155.1999969482421875</ele>
        <time>2026-08-13T23:44:35.000Z</time>
        <extensions>
          <ns3:TrackPointExtension>
            <ns3:hr>102</ns3:hr>
          </ns3:TrackPointExtension>
        </extensions>
      </trkpt>
      <trkpt lat="36.67276301421225070953369140625" lon="117.29244760237634181976318359375">
        <ele>155</ele>
        <time>2026-08-13T23:44:36.000Z</time>
        <extensions>
          <ns3:TrackPointExtension>
            <ns3:hr>103</ns3:hr>
          </ns3:TrackPointExtension>
        </extensions>
      </trkpt>
      <trkpt lat="36.67276469059288501739501953125" lon="117.29244207032024860382080078125">
        <ele>154.8000030517578125</ele>
        <time>2026-08-13T23:44:38.000Z</time>
        <extensions>
          <ns3:TrackPointExtension>
            <ns3:hr>106</ns3:hr>
          </ns3:TrackPointExtension>
        </extensions>
      </trkpt>
      <trkpt lat="36.6727801971137523651123046875" lon="117.292450703680515289306640625">
        <ele>155.399993896484375</ele>
        <time>2026-08-13T23:44:42.000Z</time>
        <extensions>
          <ns3:TrackPointExtension>
            <ns3:hr>101</ns3:hr>
          </ns3:TrackPointExtension>
        </extensions>
      </trkpt>
      <trkpt lat="36.6727929376065731048583984375" lon="117.2924538888037204742431640625">
        <ele>155.600006103515625</ele>
        <time>2026-08-13T23:44:43.000Z</time>
        <extensions>
          <ns3:TrackPointExtension>
            <ns3:hr>96</ns3:hr>
          </ns3:TrackPointExtension>
        </extensions>
      </trkpt>
      <trkpt lat="36.6727964580059051513671875" lon="117.29245849885046482086181640625">
        <ele>155.8000030517578125</ele>
        <time>2026-08-13T23:44:44.000Z</time>
        <extensions>
          <ns3:TrackPointExtension>
            <ns3:hr>93</ns3:hr>
          </ns3:TrackPointExtension>
        </extensions>
      </trkpt>
      <trkpt lat="36.67281867004930973052978515625" lon="117.29247794486582279205322265625">
        <ele>155.8000030517578125</ele>
        <time>2026-08-13T23:44:46.000Z</time>
        <extensions>
          <ns3:TrackPointExtension>
            <ns3:hr>91</ns3:hr>
          </ns3:TrackPointExtension>
        </extensions>
      </trkpt>
      <trkpt lat="36.67285303585231304168701171875" lon="117.29249672032892704010009765625">
        <ele>155.600006103515625</ele>
        <time>2026-08-13T23:44:49.000Z</time>
        <extensions>
          <ns3:TrackPointExtension>
            <ns3:hr>94</ns3:hr>
          </ns3:TrackPointExtension>
        </extensions>
      </trkpt>
      <trkpt lat="36.67286292649805545806884765625" lon="117.29250275529921054840087890625">
        <ele>155.600006103515625</ele>
        <time>2026-08-13T23:44:50.000Z</time>
        <extensions>
          <ns3:TrackPointExtension>
            <ns3:hr>97</ns3:hr>
          </ns3:TrackPointExtension>
        </extensions>
      </trkpt>
      <trkpt lat="36.67287147603929042816162109375" lon="117.2925068624317646026611328125">
        <ele>155.600006103515625</ele>
        <time>2026-08-13T23:44:51.000Z</time>
        <extensions>
          <ns3:TrackPointExtension>
            <ns3:hr>99</ns3:hr>
          </ns3:TrackPointExtension>
        </extensions>
      </trkpt>
      <trkpt lat="36.67289058677852153778076171875" lon="117.29251951910555362701416015625">
        <ele>155.600006103515625</ele>
        <time>2026-08-13T23:44:53.000Z</time>
        <extensions>
          <ns3:TrackPointExtension>
            <ns3:hr>102</ns3:hr>
          </ns3:TrackPointExtension>
        </extensions>
      </trkpt>
      <trkpt lat="36.6729126311838626861572265625" lon="117.2925370372831821441650390625">
        <ele>155.600006103515625</ele>
        <time>2026-08-13T23:44:55.000Z</time>
        <extensions>
          <ns3:TrackPointExtension>
            <ns3:hr>107</ns3:hr>
          </ns3:TrackPointExtension>
        </extensions>
      </trkpt>
      <trkpt lat="36.67292277328670024871826171875" lon="117.2925467602908611297607421875">
        <ele>155.600006103515625</ele>
        <time>2026-08-13T23:44:56.000Z</time>
        <extensions>
          <ns3:TrackPointExtension>
            <ns3:hr>109</ns3:hr>
          </ns3:TrackPointExtension>
        </extensions>
      </trkpt>
      <trkpt lat="36.6729773394763469696044921875" lon="117.2925772704184055328369140625">
        <ele>155.399993896484375</ele>
        <time>2026-08-13T23:45:01.000Z</time>
        <extensions>
          <ns3:TrackPointExtension>
            <ns3:hr>112</ns3:hr>
          </ns3:TrackPointExtension>
        </extensions>
      </trkpt>
      <trkpt lat="36.673034839332103729248046875" lon="117.29261959902942180633544921875">
        <ele>155.399993896484375</ele>
        <time>2026-08-13T23:45:07.000Z</time>
        <extensions>
          <ns3:TrackPointExtension>
            <ns3:hr>111</ns3:hr>
          </ns3:TrackPointExtension>
        </extensions>
      </trkpt>
      <trkpt lat="36.67309795506298542022705078125" lon="117.29263007640838623046875">
        <ele>155.1999969482421875</ele>
        <time>2026-08-13T23:45:12.000Z</time>
        <extensions>
          <ns3:TrackPointExtension>
            <ns3:hr>111</ns3:hr>
          </ns3:TrackPointExtension>
        </extensions>
      </trkpt>
      <trkpt lat="36.6731513477861881256103515625" lon="117.29264843277633190155029296875">
        <ele>155.1999969482421875</ele>
        <time>2026-08-13T23:45:17.000Z</time>
        <extensions>
          <ns3:TrackPointExtension>
            <ns3:hr>109</ns3:hr>
          </ns3:TrackPointExtension>
        </extensions>
      </trkpt>
      <trkpt lat="36.673170961439609527587890625" lon="117.29265882633626461029052734375">
        <ele>155.1999969482421875</ele>
        <time>2026-08-13T23:45:19.000Z</time>
        <extensions>
          <ns3:TrackPointExtension>
            <ns3:hr>106</ns3:hr>
          </ns3:TrackPointExtension>
        </extensions>
      </trkpt>
      <trkpt lat="36.6732197441160678863525390625" lon="117.29266938753426074981689453125">
        <ele>155.1999969482421875</ele>
        <time>2026-08-13T23:45:23.000Z</time>
        <extensions>
          <ns3:TrackPointExtension>
            <ns3:hr>106</ns3:hr>
          </ns3:TrackPointExtension>
        </extensions>
      </trkpt>
      <trkpt lat="36.6732780821621417999267578125" lon="117.29269914329051971435546875">
        <ele>155.1999969482421875</ele>
        <time>2026-08-13T23:45:29.000Z</time>
        <extensions>
          <ns3:TrackPointExtension>
            <ns3:hr>108</ns3:hr>
          </ns3:TrackPointExtension>
        </extensions>
      </trkpt>
      <trkpt lat="36.6733323968946933746337890625" lon="117.29270861484110355377197265625">
        <ele>155.1999969482421875</ele>
        <time>2026-08-13T23:45:34.000Z</time>
        <extensions>
          <ns3:TrackPointExtension>
            <ns3:hr>108</ns3:hr>
          </ns3:TrackPointExtension>
        </extensions>
      </trkpt>
      <trkpt lat="36.673387549817562103271484375" lon="117.292731665074825286865234375">
        <ele>155.1999969482421875</ele>
        <time>2026-08-13T23:45:39.000Z</time>
        <extensions>
          <ns3:TrackPointExtension>
            <ns3:hr>104</ns3:hr>
          </ns3:TrackPointExtension>
        </extensions>
      </trkpt>
      <trkpt lat="36.6733984462916851043701171875" lon="117.292734682559967041015625">
        <ele>155.1999969482421875</ele>
        <time>2026-08-13T23:45:40.000Z</time>
        <extensions>
          <ns3:TrackPointExtension>
            <ns3:hr>102</ns3:hr>
          </ns3:TrackPointExtension>
        </extensions>
      </trkpt>
      <trkpt lat="36.6734088398516178131103515625" lon="117.29273627512156963348388671875">
        <ele>155.1999969482421875</ele>
        <time>2026-08-13T23:45:41.000Z</time>
        <extensions>
          <ns3:TrackPointExtension>
            <ns3:hr>99</ns3:hr>
          </ns3:TrackPointExtension>
        </extensions>
      </trkpt>
      <trkpt lat="36.67344664223492145538330078125" lon="117.29275169782340526580810546875">
        <ele>155.1999969482421875</ele>
        <time>2026-08-13T23:45:45.000Z</time>
        <extensions>
          <ns3:TrackPointExtension>
            <ns3:hr>99</ns3:hr>
          </ns3:TrackPointExtension>
        </extensions>
      </trkpt>
      <trkpt lat="36.67349358089268207550048828125" lon="117.2927650250494480133056640625">
        <ele>155.1999969482421875</ele>
        <time>2026-08-13T23:45:49.000Z</time>
        <extensions>
          <ns3:TrackPointExtension>
            <ns3:hr>100</ns3:hr>
          </ns3:TrackPointExtension>
        </extensions>
      </trkpt>
      <trkpt lat="36.67350414209067821502685546875" lon="117.29277022182941436767578125">
        <ele>155.1999969482421875</ele>
        <time>2026-08-13T23:45:50.000Z</time>
        <extensions>
          <ns3:TrackPointExtension>
            <ns3:hr>100</ns3:hr>
          </ns3:TrackPointExtension>
        </extensions>
      </trkpt>
      <trkpt lat="36.673553846776485443115234375" lon="117.29278556071221828460693359375">
        <ele>155.1999969482421875</ele>
        <time>2026-08-13T23:45:55.000Z</time>
        <extensions>
          <ns3:TrackPointExtension>
            <ns3:hr>99</ns3:hr>
          </ns3:TrackPointExtension>
        </extensions>
      </trkpt>
      <trkpt lat="36.67363087646663188934326171875" lon="117.29279528371989727020263671875">
        <ele>155</ele>
        <time>2026-08-13T23:46:01.000Z</time>
        <extensions>
          <ns3:TrackPointExtension>
            <ns3:hr>100</ns3:hr>
          </ns3:TrackPointExtension>
        </extensions>
      </trkpt>
      <trkpt lat="36.67368653230369091033935546875" lon="117.29278899729251861572265625">
        <ele>155</ele>
        <time>2026-08-13T23:46:06.000Z</time>
        <extensions>
          <ns3:TrackPointExtension>
            <ns3:hr>101</ns3:hr>
          </ns3:TrackPointExtension>
        </extensions>
      </trkpt>
      <trkpt lat="36.67374193668365478515625" lon="117.29274180717766284942626953125">
        <ele>155</ele>
        <time>2026-08-13T23:46:12.000Z</time>
        <extensions>
          <ns3:TrackPointExtension>
            <ns3:hr>103</ns3:hr>
          </ns3:TrackPointExtension>
        </extensions>
      </trkpt>
      <trkpt lat="36.67379482649266719818115234375" lon="117.2927009873092174530029296875">
        <ele>155.1999969482421875</ele>
        <time>2026-08-13T23:46:18.000Z</time>
        <extensions>
          <ns3:TrackPointExtension>
            <ns3:hr>103</ns3:hr>
          </ns3:TrackPointExtension>
        </extensions>
      </trkpt>
      <trkpt lat="36.67383137159049510955810546875" lon="117.29269168339669704437255859375">
        <ele>155.399993896484375</ele>
        <time>2026-08-13T23:46:24.000Z</time>
        <extensions>
          <ns3:TrackPointExtension>
            <ns3:hr>106</ns3:hr>
          </ns3:TrackPointExtension>
        </extensions>
      </trkpt>
      <trkpt lat="36.67384277097880840301513671875" lon="117.29268849827349185943603515625">
        <ele>155.399993896484375</ele>
        <time>2026-08-13T23:46:25.000Z</time>
        <extensions>
          <ns3:TrackPointExtension>
            <ns3:hr>110</ns3:hr>
          </ns3:TrackPointExtension>
        </extensions>
      </trkpt>
      <trkpt lat="36.67386607266962528228759765625" lon="117.2926755063235759735107421875">
        <ele>155.600006103515625</ele>
        <time>2026-08-13T23:46:27.000Z</time>
        <extensions>
          <ns3:TrackPointExtension>
            <ns3:hr>114</ns3:hr>
          </ns3:TrackPointExtension>
        </extensions>
      </trkpt>
      <trkpt lat="36.673900522291660308837890625" lon="117.29265882633626461029052734375">
        <ele>155.600006103515625</ele>
        <time>2026-08-13T23:46:30.000Z</time>
        <extensions>
          <ns3:TrackPointExtension>
            <ns3:hr>115</ns3:hr>
          </ns3:TrackPointExtension>
        </extensions>
      </trkpt>
      <trkpt lat="36.67394687421619892120361328125" lon="117.29263879358768463134765625">
        <ele>155.600006103515625</ele>
        <time>2026-08-13T23:46:34.000Z</time>
        <extensions>
          <ns3:TrackPointExtension>
            <ns3:hr>112</ns3:hr>
          </ns3:TrackPointExtension>
        </extensions>
      </trkpt>
      <trkpt lat="36.6739664040505886077880859375" lon="117.29262747801840305328369140625">
        <ele>155.600006103515625</ele>
        <time>2026-08-13T23:46:36.000Z</time>
        <extensions>
          <ns3:TrackPointExtension>
            <ns3:hr>109</ns3:hr>
          </ns3:TrackPointExtension>
        </extensions>
      </trkpt>
      <trkpt lat="36.67400739155709743499755859375" lon="117.292611636221408843994140625">
        <ele>155.8000030517578125</ele>
        <time>2026-08-13T23:46:39.000Z</time>
        <extensions>
          <ns3:TrackPointExtension>
            <ns3:hr>106</ns3:hr>
          </ns3:TrackPointExtension>
        </extensions>
      </trkpt>
      <trkpt lat="36.67407176457345485687255859375" lon="117.29257567785680294036865234375">
        <ele>155.8000030517578125</ele>
        <time>2026-08-13T23:46:44.000Z</time>
        <extensions>
          <ns3:TrackPointExtension>
            <ns3:hr>106</ns3:hr>
          </ns3:TrackPointExtension>
        </extensions>
      </trkpt>
      <trkpt lat="36.67416463606059551239013671875" lon="117.2925078682601451873779296875">
        <ele>155.8000030517578125</ele>
        <time>2026-08-13T23:46:52.000Z</time>
        <extensions>
          <ns3:TrackPointExtension>
            <ns3:hr>107</ns3:hr>
          </ns3:TrackPointExtension>
        </extensions>
      </trkpt>
      <trkpt lat="36.67422565631568431854248046875" lon="117.29245045222342014312744140625">
        <ele>155.8000030517578125</ele>
        <time>2026-08-13T23:46:58.000Z</time>
        <extensions>
          <ns3:TrackPointExtension>
            <ns3:hr>108</ns3:hr>
          </ns3:TrackPointExtension>
        </extensions>
      </trkpt>
      <trkpt lat="36.67423068545758724212646484375" lon="117.2924394719302654266357421875">
        <ele>155.8000030517578125</ele>
        <time>2026-08-13T23:46:59.000Z</time>
        <extensions>
          <ns3:TrackPointExtension>
            <ns3:hr>111</ns3:hr>
          </ns3:TrackPointExtension>
        </extensions>
      </trkpt>
      <trkpt lat="36.674239151179790496826171875" lon="117.2924347780644893646240234375">
        <ele>155.8000030517578125</ele>
        <time>2026-08-13T23:47:00.000Z</time>
        <extensions>
          <ns3:TrackPointExtension>
            <ns3:hr>110</ns3:hr>
          </ns3:TrackPointExtension>
        </extensions>
      </trkpt>
      <trkpt lat="36.674270331859588623046875" lon="117.29242161847651004791259765625">
        <ele>155.600006103515625</ele>
        <time>2026-08-13T23:47:03.000Z</time>
        <extensions>
          <ns3:TrackPointExtension>
            <ns3:hr>107</ns3:hr>
          </ns3:TrackPointExtension>
        </extensions>
      </trkpt>
      <trkpt lat="36.674297153949737548828125" lon="117.29240477085113525390625">
        <ele>155.8000030517578125</ele>
        <time>2026-08-13T23:47:05.000Z</time>
        <extensions>
          <ns3:TrackPointExtension>
            <ns3:hr>104</ns3:hr>
          </ns3:TrackPointExtension>
        </extensions>
      </trkpt>
      <trkpt lat="36.67430746369063854217529296875" lon="117.29239563457667827606201171875">
        <ele>156</ele>
        <time>2026-08-13T23:47:06.000Z</time>
        <extensions>
          <ns3:TrackPointExtension>
            <ns3:hr>104</ns3:hr>
          </ns3:TrackPointExtension>
        </extensions>
      </trkpt>
      <trkpt lat="36.67434166185557842254638671875" lon="117.2923828102648258209228515625">
        <ele>156.600006103515625</ele>
        <time>2026-08-13T23:47:09.000Z</time>
        <extensions>
          <ns3:TrackPointExtension>
            <ns3:hr>101</ns3:hr>
          </ns3:TrackPointExtension>
        </extensions>
      </trkpt>
      <trkpt lat="36.6744002513587474822998046875" lon="117.292379625141620635986328125">
        <ele>155.8000030517578125</ele>
        <time>2026-08-13T23:47:14.000Z</time>
        <extensions>
          <ns3:TrackPointExtension>
            <ns3:hr>105</ns3:hr>
          </ns3:TrackPointExtension>
        </extensions>
      </trkpt>
      <trkpt lat="36.67441592551767826080322265625" lon="117.29237417690455913543701171875">
        <ele>155.399993896484375</ele>
        <time>2026-08-13T23:47:15.000Z</time>
        <extensions>
          <ns3:TrackPointExtension>
            <ns3:hr>106</ns3:hr>
          </ns3:TrackPointExtension>
        </extensions>
      </trkpt>
      <trkpt lat="36.6744626127183437347412109375" lon="117.29236143641173839569091796875">
        <ele>155.399993896484375</ele>
        <time>2026-08-13T23:47:19.000Z</time>
        <extensions>
          <ns3:TrackPointExtension>
            <ns3:hr>109</ns3:hr>
          </ns3:TrackPointExtension>
        </extensions>
      </trkpt>
      <trkpt lat="36.67446772567927837371826171875" lon="117.29236654937267303466796875">
        <ele>155.399993896484375</ele>
        <time>2026-08-13T23:47:20.000Z</time>
        <extensions>
          <ns3:TrackPointExtension>
            <ns3:hr>109</ns3:hr>
          </ns3:TrackPointExtension>
        </extensions>
      </trkpt>
      <trkpt lat="36.67453947477042675018310546875" lon="117.2923583351075649261474609375">
        <ele>155.1999969482421875</ele>
        <time>2026-08-13T23:47:26.000Z</time>
        <extensions>
          <ns3:TrackPointExtension>
            <ns3:hr>111</ns3:hr>
          </ns3:TrackPointExtension>
        </extensions>
      </trkpt>
      <trkpt lat="36.6746056079864501953125" lon="117.2923566587269306182861328125">
        <ele>155.1999969482421875</ele>
        <time>2026-08-13T23:47:32.000Z</time>
        <extensions>
          <ns3:TrackPointExtension>
            <ns3:hr>109</ns3:hr>
          </ns3:TrackPointExtension>
        </extensions>
      </trkpt>
      <trkpt lat="36.6746255569159984588623046875" lon="117.29236562736332416534423828125">
        <ele>155.1999969482421875</ele>
        <time>2026-08-13T23:47:34.000Z</time>
        <extensions>
          <ns3:TrackPointExtension>
            <ns3:hr>106</ns3:hr>
          </ns3:TrackPointExtension>
        </extensions>
      </trkpt>
      <trkpt lat="36.6746768541634082794189453125" lon="117.29238666594028472900390625">
        <ele>155</ele>
        <time>2026-08-13T23:47:39.000Z</time>
        <extensions>
          <ns3:TrackPointExtension>
            <ns3:hr>106</ns3:hr>
          </ns3:TrackPointExtension>
        </extensions>
      </trkpt>
      <trkpt lat="36.67472907342016696929931640625" lon="117.292446009814739227294921875">
        <ele>155</ele>
        <time>2026-08-13T23:47:45.000Z</time>
        <extensions>
          <ns3:TrackPointExtension>
            <ns3:hr>105</ns3:hr>
          </ns3:TrackPointExtension>
        </extensions>
      </trkpt>
      <trkpt lat="36.67478322051465511322021484375" lon="117.2924827225506305694580078125">
        <ele>155.600006103515625</ele>
        <time>2026-08-13T23:47:50.000Z</time>
        <extensions>
          <ns3:TrackPointExtension>
            <ns3:hr>104</ns3:hr>
          </ns3:TrackPointExtension>
        </extensions>
      </trkpt>
      <trkpt lat="36.6747928597033023834228515625" lon="117.29248632676899433135986328125">
        <ele>155.8000030517578125</ele>
        <time>2026-08-13T23:47:51.000Z</time>
        <extensions>
          <ns3:TrackPointExtension>
            <ns3:hr>104</ns3:hr>
          </ns3:TrackPointExtension>
        </extensions>
      </trkpt>
      <trkpt lat="36.67483485303819179534912109375" lon="117.2925229556858539581298828125">
        <ele>155.1999969482421875</ele>
        <time>2026-08-13T23:47:55.000Z</time>
        <extensions>
          <ns3:TrackPointExtension>
            <ns3:hr>104</ns3:hr>
          </ns3:TrackPointExtension>
        </extensions>
      </trkpt>
      <trkpt lat="36.67485999874770641326904296875" lon="117.29252840392291545867919921875">
        <ele>154.600006103515625</ele>
        <time>2026-08-13T23:47:57.000Z</time>
        <extensions>
          <ns3:TrackPointExtension>
            <ns3:hr>105</ns3:hr>
          </ns3:TrackPointExtension>
        </extensions>
      </trkpt>
      <trkpt lat="36.674909032881259918212890625" lon="117.29255874641239643096923828125">
        <ele>154.600006103515625</ele>
        <time>2026-08-13T23:48:02.000Z</time>
        <extensions>
          <ns3:TrackPointExtension>
            <ns3:hr>104</ns3:hr>
          </ns3:TrackPointExtension>
        </extensions>
      </trkpt>
      <trkpt lat="36.67493392713367938995361328125" lon="117.2925655357539653778076171875">
        <ele>154.399993896484375</ele>
        <time>2026-08-13T23:48:04.000Z</time>
        <extensions>
          <ns3:TrackPointExtension>
            <ns3:hr>104</ns3:hr>
          </ns3:TrackPointExtension>
        </extensions>
      </trkpt>
      <trkpt lat="36.67496745474636554718017578125" lon="117.292573414742946624755859375">
        <ele>154.399993896484375</ele>
        <time>2026-08-13T23:48:07.000Z</time>
        <extensions>
          <ns3:TrackPointExtension>
            <ns3:hr>104</ns3:hr>
          </ns3:TrackPointExtension>
        </extensions>
      </trkpt>
      <trkpt lat="36.67503585107624530792236328125" lon="117.29258514940738677978515625">
        <ele>154.1999969482421875</ele>
        <time>2026-08-13T23:48:13.000Z</time>
        <extensions>
          <ns3:TrackPointExtension>
            <ns3:hr>104</ns3:hr>
          </ns3:TrackPointExtension>
        </extensions>
      </trkpt>
      <trkpt lat="36.675102151930332183837890625" lon="117.29259093292057514190673828125">
        <ele>154</ele>
        <time>2026-08-13T23:48:19.000Z</time>
        <extensions>
          <ns3:TrackPointExtension>
            <ns3:hr>104</ns3:hr>
          </ns3:TrackPointExtension>
        </extensions>
      </trkpt>
      <trkpt lat="36.6751626692712306976318359375" lon="117.292608954012393951416015625">
        <ele>154</ele>
        <time>2026-08-13T23:48:24.000Z</time>
        <extensions>
          <ns3:TrackPointExtension>
            <ns3:hr>103</ns3:hr>
          </ns3:TrackPointExtension>
        </extensions>
      </trkpt>
      <trkpt lat="36.6751740686595439910888671875" lon="117.29260870255529880523681640625">
        <ele>154</ele>
        <time>2026-08-13T23:48:25.000Z</time>
        <extensions>
          <ns3:TrackPointExtension>
            <ns3:hr>103</ns3:hr>
          </ns3:TrackPointExtension>
        </extensions>
      </trkpt>
      <trkpt lat="36.6752334125339984893798828125" lon="117.292593531310558319091796875">
        <ele>153.8000030517578125</ele>
        <time>2026-08-13T23:48:30.000Z</time>
        <extensions>
          <ns3:TrackPointExtension>
            <ns3:hr>104</ns3:hr>
          </ns3:TrackPointExtension>
        </extensions>
      </trkpt>
      <trkpt lat="36.67530172504484653472900390625" lon="117.29260467924177646636962890625">
        <ele>153.8000030517578125</ele>
        <time>2026-08-13T23:48:36.000Z</time>
        <extensions>
          <ns3:TrackPointExtension>
            <ns3:hr>105</ns3:hr>
          </ns3:TrackPointExtension>
        </extensions>
      </trkpt>
      <trkpt lat="36.67536190710961818695068359375" lon="117.29260132648050785064697265625">
        <ele>154.399993896484375</ele>
        <time>2026-08-13T23:48:41.000Z</time>
        <extensions>
          <ns3:TrackPointExtension>
            <ns3:hr>106</ns3:hr>
          </ns3:TrackPointExtension>
        </extensions>
      </trkpt>
      <trkpt lat="36.6754325665533542633056640625" lon="117.29262982495129108428955078125">
        <ele>153.399993896484375</ele>
        <time>2026-08-13T23:48:47.000Z</time>
        <extensions>
          <ns3:TrackPointExtension>
            <ns3:hr>106</ns3:hr>
          </ns3:TrackPointExtension>
        </extensions>
      </trkpt>
      <trkpt lat="36.675511859357357025146484375" lon="117.29264038614928722381591796875">
        <ele>153.1999969482421875</ele>
        <time>2026-08-13T23:48:54.000Z</time>
        <extensions>
          <ns3:TrackPointExtension>
            <ns3:hr>106</ns3:hr>
          </ns3:TrackPointExtension>
        </extensions>
      </trkpt>
      <trkpt lat="36.675589643418788909912109375" lon="117.29261733591556549072265625">
        <ele>153.1999969482421875</ele>
        <time>2026-08-13T23:49:00.000Z</time>
        <extensions>
          <ns3:TrackPointExtension>
            <ns3:hr>106</ns3:hr>
          </ns3:TrackPointExtension>
        </extensions>
      </trkpt>
      <trkpt lat="36.67565309442579746246337890625" lon="117.29259948246181011199951171875">
        <ele>153.399993896484375</ele>
        <time>2026-08-13T23:49:06.000Z</time>
        <extensions>
          <ns3:TrackPointExtension>
            <ns3:hr>108</ns3:hr>
          </ns3:TrackPointExtension>
        </extensions>
      </trkpt>
      <trkpt lat="36.67571478523313999176025390625" lon="117.2925965487957000732421875">
        <ele>153</ele>
        <time>2026-08-13T23:49:10.000Z</time>
        <extensions>
          <ns3:TrackPointExtension>
            <ns3:hr>108</ns3:hr>
          </ns3:TrackPointExtension>
        </extensions>
      </trkpt>
      <trkpt lat="36.67573221959173679351806640625" lon="117.2925883345305919647216796875">
        <ele>152.8000030517578125</ele>
        <time>2026-08-13T23:49:11.000Z</time>
        <extensions>
          <ns3:TrackPointExtension>
            <ns3:hr>107</ns3:hr>
          </ns3:TrackPointExtension>
        </extensions>
      </trkpt>
      <trkpt lat="36.6757825948297977447509765625" lon="117.29256159625947475433349609375">
        <ele>152.8000030517578125</ele>
        <time>2026-08-13T23:49:15.000Z</time>
        <extensions>
          <ns3:TrackPointExtension>
            <ns3:hr>104</ns3:hr>
          </ns3:TrackPointExtension>
        </extensions>
      </trkpt>
      <trkpt lat="36.675804555416107177734375" lon="117.2925558127462863922119140625">
        <ele>152.8000030517578125</ele>
        <time>2026-08-13T23:49:17.000Z</time>
        <extensions>
          <ns3:TrackPointExtension>
            <ns3:hr>104</ns3:hr>
          </ns3:TrackPointExtension>
        </extensions>
      </trkpt>
      <trkpt lat="36.6758385859429836273193359375" lon="117.29253091849386692047119140625">
        <ele>152.600006103515625</ele>
        <time>2026-08-13T23:49:20.000Z</time>
        <extensions>
          <ns3:TrackPointExtension>
            <ns3:hr>104</ns3:hr>
          </ns3:TrackPointExtension>
        </extensions>
      </trkpt>
      <trkpt lat="36.67586046271026134490966796875" lon="117.2925139032304286956787109375">
        <ele>152.600006103515625</ele>
        <time>2026-08-13T23:49:22.000Z</time>
        <extensions>
          <ns3:TrackPointExtension>
            <ns3:hr>104</ns3:hr>
          </ns3:TrackPointExtension>
        </extensions>
      </trkpt>
      <trkpt lat="36.67592567391693592071533203125" lon="117.29248934425413608551025390625">
        <ele>152.399993896484375</ele>
        <time>2026-08-13T23:49:28.000Z</time>
        <extensions>
          <ns3:TrackPointExtension>
            <ns3:hr>104</ns3:hr>
          </ns3:TrackPointExtension>
        </extensions>
      </trkpt>
      <trkpt lat="36.6759400069713592529296875" lon="117.29248632676899433135986328125">
        <ele>152.399993896484375</ele>
        <time>2026-08-13T23:49:29.000Z</time>
        <extensions>
          <ns3:TrackPointExtension>
            <ns3:hr>104</ns3:hr>
          </ns3:TrackPointExtension>
        </extensions>
      </trkpt>
      <trkpt lat="36.67597948573529720306396484375" lon="117.2924622707068920135498046875">
        <ele>152.399993896484375</ele>
        <time>2026-08-13T23:49:33.000Z</time>
        <extensions>
          <ns3:TrackPointExtension>
            <ns3:hr>104</ns3:hr>
          </ns3:TrackPointExtension>
        </extensions>
      </trkpt>
      <trkpt lat="36.6760410927236080169677734375" lon="117.292438633739948272705078125">
        <ele>152.1999969482421875</ele>
        <time>2026-08-13T23:49:38.000Z</time>
        <extensions>
          <ns3:TrackPointExtension>
            <ns3:hr>105</ns3:hr>
          </ns3:TrackPointExtension>
        </extensions>
      </trkpt>
      <trkpt lat="36.6761078126728534698486328125" lon="117.29239630512893199920654296875">
        <ele>152.1999969482421875</ele>
        <time>2026-08-13T23:49:44.000Z</time>
        <extensions>
          <ns3:TrackPointExtension>
            <ns3:hr>106</ns3:hr>
          </ns3:TrackPointExtension>
        </extensions>
      </trkpt>
      <trkpt lat="36.676121391355991363525390625" lon="117.2923898510634899139404296875">
        <ele>152.1999969482421875</ele>
        <time>2026-08-13T23:49:45.000Z</time>
        <extensions>
          <ns3:TrackPointExtension>
            <ns3:hr>110</ns3:hr>
          </ns3:TrackPointExtension>
        </extensions>
      </trkpt>
      <trkpt lat="36.676185093820095062255859375" lon="117.29234031401574611663818359375">
        <ele>152</ele>
        <time>2026-08-13T23:49:51.000Z</time>
        <extensions>
          <ns3:TrackPointExtension>
            <ns3:hr>112</ns3:hr>
          </ns3:TrackPointExtension>
        </extensions>
      </trkpt>
      <trkpt lat="36.67620487511157989501953125" lon="117.2923244722187519073486328125">
        <ele>152</ele>
        <time>2026-08-13T23:49:53.000Z</time>
        <extensions>
          <ns3:TrackPointExtension>
            <ns3:hr>117</ns3:hr>
          </ns3:TrackPointExtension>
        </extensions>
      </trkpt>
      <trkpt lat="36.67623563669621944427490234375" lon="117.2923016734421253204345703125">
        <ele>152</ele>
        <time>2026-08-13T23:49:56.000Z</time>
        <extensions>
          <ns3:TrackPointExtension>
            <ns3:hr>114</ns3:hr>
          </ns3:TrackPointExtension>
        </extensions>
      </trkpt>
      <trkpt lat="36.67625960893929004669189453125" lon="117.292284406721591949462890625">
        <ele>152.1999969482421875</ele>
        <time>2026-08-13T23:49:58.000Z</time>
        <extensions>
          <ns3:TrackPointExtension>
            <ns3:hr>103</ns3:hr>
          </ns3:TrackPointExtension>
        </extensions>
      </trkpt>
      <trkpt lat="36.67627251707017421722412109375" lon="117.2922771982848644256591796875">
        <ele>152.1999969482421875</ele>
        <time>2026-08-13T23:49:59.000Z</time>
        <extensions>
          <ns3:TrackPointExtension>
            <ns3:hr>100</ns3:hr>
          </ns3:TrackPointExtension>
        </extensions>
      </trkpt>
      <trkpt lat="36.67629397474229335784912109375" lon="117.29227007366716861724853515625">
        <ele>152</ele>
        <time>2026-08-13T23:50:01.000Z</time>
        <extensions>
          <ns3:TrackPointExtension>
            <ns3:hr>102</ns3:hr>
          </ns3:TrackPointExtension>
        </extensions>
      </trkpt>
      <trkpt lat="36.67632180266082286834716796875" lon="117.29224744252860546112060546875">
        <ele>151.8000030517578125</ele>
        <time>2026-08-13T23:50:04.000Z</time>
        <extensions>
          <ns3:TrackPointExtension>
            <ns3:hr>104</ns3:hr>
          </ns3:TrackPointExtension>
        </extensions>
      </trkpt>
      <trkpt lat="36.67633990757167339324951171875" lon="117.2922155074775218963623046875">
        <ele>152.1999969482421875</ele>
        <time>2026-08-13T23:50:07.000Z</time>
        <extensions>
          <ns3:TrackPointExtension>
            <ns3:hr>105</ns3:hr>
          </ns3:TrackPointExtension>
        </extensions>
      </trkpt>
      <trkpt lat="36.6763468645513057708740234375" lon="117.2922121547162532806396484375">
        <ele>152.399993896484375</ele>
        <time>2026-08-13T23:50:08.000Z</time>
        <extensions>
          <ns3:TrackPointExtension>
            <ns3:hr>104</ns3:hr>
          </ns3:TrackPointExtension>
        </extensions>
      </trkpt>
      <trkpt lat="36.6763706691563129425048828125" lon="117.2922037728130817413330078125">
        <ele>152.8000030517578125</ele>
        <time>2026-08-13T23:50:10.000Z</time>
        <extensions>
          <ns3:TrackPointExtension>
            <ns3:hr>104</ns3:hr>
          </ns3:TrackPointExtension>
        </extensions>
      </trkpt>
      <trkpt lat="36.67639103718101978302001953125" lon="117.29218726046383380889892578125">
        <ele>152.399993896484375</ele>
        <time>2026-08-13T23:50:12.000Z</time>
        <extensions>
          <ns3:TrackPointExtension>
            <ns3:hr>105</ns3:hr>
          </ns3:TrackPointExtension>
        </extensions>
      </trkpt>
      <trkpt lat="36.67641584761440753936767578125" lon="117.2921752743422985076904296875">
        <ele>151.8000030517578125</ele>
        <time>2026-08-13T23:50:14.000Z</time>
        <extensions>
          <ns3:TrackPointExtension>
            <ns3:hr>106</ns3:hr>
          </ns3:TrackPointExtension>
        </extensions>
      </trkpt>
      <trkpt lat="36.676436550915241241455078125" lon="117.2921608574688434600830078125">
        <ele>151.399993896484375</ele>
        <time>2026-08-13T23:50:16.000Z</time>
        <extensions>
          <ns3:TrackPointExtension>
            <ns3:hr>106</ns3:hr>
          </ns3:TrackPointExtension>
        </extensions>
      </trkpt>
      <trkpt lat="36.6764893569052219390869140625" lon="117.29209656827151775360107421875">
        <ele>151.8000030517578125</ele>
        <time>2026-08-13T23:50:23.000Z</time>
        <extensions>
          <ns3:TrackPointExtension>
            <ns3:hr>105</ns3:hr>
          </ns3:TrackPointExtension>
        </extensions>
      </trkpt>
      <trkpt lat="36.67656018398702144622802734375" lon="117.29202951304614543914794921875">
        <ele>151.399993896484375</ele>
        <time>2026-08-13T23:50:30.000Z</time>
        <extensions>
          <ns3:TrackPointExtension>
            <ns3:hr>105</ns3:hr>
          </ns3:TrackPointExtension>
        </extensions>
      </trkpt>
      <trkpt lat="36.67662053368985652923583984375" lon="117.29195524938404560089111328125">
        <ele>151.399993896484375</ele>
        <time>2026-08-13T23:50:37.000Z</time>
        <extensions>
          <ns3:TrackPointExtension>
            <ns3:hr>103</ns3:hr>
          </ns3:TrackPointExtension>
        </extensions>
      </trkpt>
      <trkpt lat="36.6766623593866825103759765625" lon="117.29191736318171024322509765625">
        <ele>151.600006103515625</ele>
        <time>2026-08-13T23:50:42.000Z</time>
        <extensions>
          <ns3:TrackPointExtension>
            <ns3:hr>105</ns3:hr>
          </ns3:TrackPointExtension>
        </extensions>
      </trkpt>
      <trkpt lat="36.676684655249118804931640625" lon="117.29187813587486743927001953125">
        <ele>151.399993896484375</ele>
        <time>2026-08-13T23:50:46.000Z</time>
        <extensions>
          <ns3:TrackPointExtension>
            <ns3:hr>102</ns3:hr>
          </ns3:TrackPointExtension>
        </extensions>
      </trkpt>
      <trkpt lat="36.6766962222754955291748046875" lon="117.2918616235256195068359375">
        <ele>151.399993896484375</ele>
        <time>2026-08-13T23:50:47.000Z</time>
        <extensions>
          <ns3:TrackPointExtension>
            <ns3:hr>102</ns3:hr>
          </ns3:TrackPointExtension>
        </extensions>
      </trkpt>
      <trkpt lat="36.6767267324030399322509765625" lon="117.291804961860179901123046875">
        <ele>151.1999969482421875</ele>
        <time>2026-08-13T23:50:52.000Z</time>
        <extensions>
          <ns3:TrackPointExtension>
            <ns3:hr>103</ns3:hr>
          </ns3:TrackPointExtension>
        </extensions>
      </trkpt>
      <trkpt lat="36.676762104034423828125" lon="117.2917333804070949554443359375">
        <ele>151.1999969482421875</ele>
        <time>2026-08-13T23:50:57.000Z</time>
        <extensions>
          <ns3:TrackPointExtension>
            <ns3:hr>106</ns3:hr>
          </ns3:TrackPointExtension>
        </extensions>
      </trkpt>
      <trkpt lat="36.67676839046180248260498046875" lon="117.29171955026686191558837890625">
        <ele>151.1999969482421875</ele>
        <time>2026-08-13T23:50:58.000Z</time>
        <extensions>
          <ns3:TrackPointExtension>
            <ns3:hr>106</ns3:hr>
          </ns3:TrackPointExtension>
        </extensions>
      </trkpt>
      <trkpt lat="36.676818095147609710693359375" lon="117.2916358150541782379150390625">
        <ele>151.1999969482421875</ele>
        <time>2026-08-13T23:51:05.000Z</time>
        <extensions>
          <ns3:TrackPointExtension>
            <ns3:hr>105</ns3:hr>
          </ns3:TrackPointExtension>
        </extensions>
      </trkpt>
      <trkpt lat="36.67683242820203304290771484375" lon="117.2915724478662014007568359375">
        <ele>151.1999969482421875</ele>
        <time>2026-08-13T23:51:10.000Z</time>
        <extensions>
          <ns3:TrackPointExtension>
            <ns3:hr>105</ns3:hr>
          </ns3:TrackPointExtension>
        </extensions>
      </trkpt>
      <trkpt lat="36.6768615134060382843017578125" lon="117.291481085121631622314453125">
        <ele>151.600006103515625</ele>
        <time>2026-08-13T23:51:17.000Z</time>
        <extensions>
          <ns3:TrackPointExtension>
            <ns3:hr>105</ns3:hr>
          </ns3:TrackPointExtension>
        </extensions>
      </trkpt>
      <trkpt lat="36.6769027523696422576904296875" lon="117.2914024628698825836181640625">
        <ele>151.600006103515625</ele>
        <time>2026-08-13T23:51:24.000Z</time>
        <extensions>
          <ns3:TrackPointExtension>
            <ns3:hr>102</ns3:hr>
          </ns3:TrackPointExtension>
        </extensions>
      </trkpt>
      <trkpt lat="36.67691088281571865081787109375" lon="117.29138963855803012847900390625">
        <ele>151.600006103515625</ele>
        <time>2026-08-13T23:51:25.000Z</time>
        <extensions>
          <ns3:TrackPointExtension>
            <ns3:hr>102</ns3:hr>
          </ns3:TrackPointExtension>
        </extensions>
      </trkpt>
      <trkpt lat="36.676931083202362060546875" lon="117.29134236462414264678955078125">
        <ele>151.399993896484375</ele>
        <time>2026-08-13T23:51:29.000Z</time>
        <extensions>
          <ns3:TrackPointExtension>
            <ns3:hr>99</ns3:hr>
          </ns3:TrackPointExtension>
        </extensions>
      </trkpt>
      <trkpt lat="36.676933765411376953125" lon="117.2913206554949283599853515625">
        <ele>151.1999969482421875</ele>
        <time>2026-08-13T23:51:31.000Z</time>
        <extensions>
          <ns3:TrackPointExtension>
            <ns3:hr>100</ns3:hr>
          </ns3:TrackPointExtension>
        </extensions>
      </trkpt>
      <trkpt lat="36.67696855030953884124755859375" lon="117.29122300632297992706298828125">
        <ele>151.399993896484375</ele>
        <time>2026-08-13T23:51:39.000Z</time>
        <extensions>
          <ns3:TrackPointExtension>
            <ns3:hr>102</ns3:hr>
          </ns3:TrackPointExtension>
        </extensions>
      </trkpt>
      <trkpt lat="36.67699185200035572052001953125" lon="117.291138432919979095458984375">
        <ele>151.399993896484375</ele>
        <time>2026-08-13T23:51:46.000Z</time>
        <extensions>
          <ns3:TrackPointExtension>
            <ns3:hr>98</ns3:hr>
          </ns3:TrackPointExtension>
        </extensions>
      </trkpt>
      <trkpt lat="36.67701733298599720001220703125" lon="117.29105955921113491058349609375">
        <ele>151.399993896484375</ele>
        <time>2026-08-13T23:51:52.000Z</time>
        <extensions>
          <ns3:TrackPointExtension>
            <ns3:hr>98</ns3:hr>
          </ns3:TrackPointExtension>
        </extensions>
      </trkpt>
      <trkpt lat="36.67702236212790012359619140625" lon="117.2910462319850921630859375">
        <ele>151.600006103515625</ele>
        <time>2026-08-13T23:51:53.000Z</time>
        <extensions>
          <ns3:TrackPointExtension>
            <ns3:hr>98</ns3:hr>
          </ns3:TrackPointExtension>
        </extensions>
      </trkpt>
      <trkpt lat="36.6770284809172153472900390625" lon="117.29102351702749729156494140625">
        <ele>151.8000030517578125</ele>
        <time>2026-08-13T23:51:55.000Z</time>
        <extensions>
          <ns3:TrackPointExtension>
            <ns3:hr>103</ns3:hr>
          </ns3:TrackPointExtension>
        </extensions>
      </trkpt>
      <trkpt lat="36.67703577317297458648681640625" lon="117.29100524447858333587646484375">
        <ele>151.8000030517578125</ele>
        <time>2026-08-13T23:51:56.000Z</time>
        <extensions>
          <ns3:TrackPointExtension>
            <ns3:hr>106</ns3:hr>
          </ns3:TrackPointExtension>
        </extensions>
      </trkpt>
      <trkpt lat="36.67704666964709758758544921875" lon="117.2909877263009548187255859375">
        <ele>151.600006103515625</ele>
        <time>2026-08-13T23:51:58.000Z</time>
        <extensions>
          <ns3:TrackPointExtension>
            <ns3:hr>107</ns3:hr>
          </ns3:TrackPointExtension>
        </extensions>
      </trkpt>
      <trkpt lat="36.67708422057330608367919921875" lon="117.29087532497942447662353515625">
        <ele>151.399993896484375</ele>
        <time>2026-08-13T23:52:07.000Z</time>
        <extensions>
          <ns3:TrackPointExtension>
            <ns3:hr>107</ns3:hr>
          </ns3:TrackPointExtension>
        </extensions>
      </trkpt>
      <trkpt lat="36.67709536850452423095703125" lon="117.29082017205655574798583984375">
        <ele>151.600006103515625</ele>
        <time>2026-08-13T23:52:11.000Z</time>
        <extensions>
          <ns3:TrackPointExtension>
            <ns3:hr>106</ns3:hr>
          </ns3:TrackPointExtension>
        </extensions>
      </trkpt>
      <trkpt lat="36.677111797034740447998046875" lon="117.29074171744287014007568359375">
        <ele>151.600006103515625</ele>
        <time>2026-08-13T23:52:16.000Z</time>
        <extensions>
          <ns3:TrackPointExtension>
            <ns3:hr>104</ns3:hr>
          </ns3:TrackPointExtension>
        </extensions>
      </trkpt>
      <trkpt lat="36.67713216505944728851318359375" lon="117.2906430624425411224365234375">
        <ele>151.600006103515625</ele>
        <time>2026-08-13T23:52:23.000Z</time>
        <extensions>
          <ns3:TrackPointExtension>
            <ns3:hr>105</ns3:hr>
          </ns3:TrackPointExtension>
        </extensions>
      </trkpt>
      <trkpt lat="36.67714809067547321319580078125" lon="117.2905632667243480682373046875">
        <ele>151.600006103515625</ele>
        <time>2026-08-13T23:52:28.000Z</time>
        <extensions>
          <ns3:TrackPointExtension>
            <ns3:hr>104</ns3:hr>
          </ns3:TrackPointExtension>
        </extensions>
      </trkpt>
      <trkpt lat="36.677171476185321807861328125" lon="117.29048003442585468292236328125">
        <ele>151.600006103515625</ele>
        <time>2026-08-13T23:52:34.000Z</time>
        <extensions>
          <ns3:TrackPointExtension>
            <ns3:hr>104</ns3:hr>
          </ns3:TrackPointExtension>
        </extensions>
      </trkpt>
      <trkpt lat="36.67719067074358463287353515625" lon="117.29040317237377166748046875">
        <ele>151.8000030517578125</ele>
        <time>2026-08-13T23:52:39.000Z</time>
        <extensions>
          <ns3:TrackPointExtension>
            <ns3:hr>106</ns3:hr>
          </ns3:TrackPointExtension>
        </extensions>
      </trkpt>
      <trkpt lat="36.6771924309432506561279296875" lon="117.290374673902988433837890625">
        <ele>151.8000030517578125</ele>
        <time>2026-08-13T23:52:41.000Z</time>
        <extensions>
          <ns3:TrackPointExtension>
            <ns3:hr>109</ns3:hr>
          </ns3:TrackPointExtension>
        </extensions>
      </trkpt>
      <trkpt lat="36.67719435878098011016845703125" lon="117.290324382483959197998046875">
        <ele>151.8000030517578125</ele>
        <time>2026-08-13T23:52:44.000Z</time>
        <extensions>
          <ns3:TrackPointExtension>
            <ns3:hr>110</ns3:hr>
          </ns3:TrackPointExtension>
        </extensions>
      </trkpt>
      <trkpt lat="36.67718782089650630950927734375" lon="117.2902769409120082855224609375">
        <ele>151.8000030517578125</ele>
        <time>2026-08-13T23:52:48.000Z</time>
        <extensions>
          <ns3:TrackPointExtension>
            <ns3:hr>110</ns3:hr>
          </ns3:TrackPointExtension>
        </extensions>
      </trkpt>
      <trkpt lat="36.67720022611320018768310546875" lon="117.2902377136051654815673828125">
        <ele>151.8000030517578125</ele>
        <time>2026-08-13T23:52:51.000Z</time>
        <extensions>
          <ns3:TrackPointExtension>
            <ns3:hr>111</ns3:hr>
          </ns3:TrackPointExtension>
        </extensions>
      </trkpt>
      <trkpt lat="36.67720307596027851104736328125" lon="117.29019789956510066986083984375">
        <ele>152</ele>
        <time>2026-08-13T23:52:54.000Z</time>
        <extensions>
          <ns3:TrackPointExtension>
            <ns3:hr>107</ns3:hr>
          </ns3:TrackPointExtension>
        </extensions>
      </trkpt>
      <trkpt lat="36.67721296660602092742919921875" lon="117.29016822762787342071533203125">
        <ele>152</ele>
        <time>2026-08-13T23:52:56.000Z</time>
        <extensions>
          <ns3:TrackPointExtension>
            <ns3:hr>106</ns3:hr>
          </ns3:TrackPointExtension>
        </extensions>
      </trkpt>
      <trkpt lat="36.67722604237496852874755859375" lon="117.2900901921093463897705078125">
        <ele>152</ele>
        <time>2026-08-13T23:53:01.000Z</time>
        <extensions>
          <ns3:TrackPointExtension>
            <ns3:hr>108</ns3:hr>
          </ns3:TrackPointExtension>
        </extensions>
      </trkpt>
      <trkpt lat="36.67723459191620349884033203125" lon="117.2900124080479145050048828125">
        <ele>152</ele>
        <time>2026-08-13T23:53:06.000Z</time>
        <extensions>
          <ns3:TrackPointExtension>
            <ns3:hr>109</ns3:hr>
          </ns3:TrackPointExtension>
        </extensions>
      </trkpt>
      <trkpt lat="36.67721665464341640472412109375" lon="117.2899614460766315460205078125">
        <ele>152</ele>
        <time>2026-08-13T23:53:10.000Z</time>
        <extensions>
          <ns3:TrackPointExtension>
            <ns3:hr>105</ns3:hr>
          </ns3:TrackPointExtension>
        </extensions>
      </trkpt>
      <trkpt lat="36.67717591859400272369384765625" lon="117.28994929231703281402587890625">
        <ele>152.1999969482421875</ele>
        <time>2026-08-13T23:53:15.000Z</time>
        <extensions>
          <ns3:TrackPointExtension>
            <ns3:hr>105</ns3:hr>
          </ns3:TrackPointExtension>
        </extensions>
      </trkpt>
      <trkpt lat="36.67714876122772693634033203125" lon="117.28994426317512989044189453125">
        <ele>152</ele>
        <time>2026-08-13T23:53:18.000Z</time>
        <extensions>
          <ns3:TrackPointExtension>
            <ns3:hr>104</ns3:hr>
          </ns3:TrackPointExtension>
        </extensions>
      </trkpt>
      <trkpt lat="36.67713467963039875030517578125" lon="117.28994275443255901336669921875">
        <ele>151.600006103515625</ele>
        <time>2026-08-13T23:53:20.000Z</time>
        <extensions>
          <ns3:TrackPointExtension>
            <ns3:hr>104</ns3:hr>
          </ns3:TrackPointExtension>
        </extensions>
      </trkpt>
      <trkpt lat="36.67712210677564144134521484375" lon="117.28993906639516353607177734375">
        <ele>151</ele>
        <time>2026-08-13T23:53:22.000Z</time>
        <extensions>
          <ns3:TrackPointExtension>
            <ns3:hr>104</ns3:hr>
          </ns3:TrackPointExtension>
        </extensions>
      </trkpt>
      <trkpt lat="36.67711322195827960968017578125" lon="117.2899299301207065582275390625">
        <ele>150.8000030517578125</ele>
        <time>2026-08-13T23:53:23.000Z</time>
        <extensions>
          <ns3:TrackPointExtension>
            <ns3:hr>104</ns3:hr>
          </ns3:TrackPointExtension>
        </extensions>
      </trkpt>
      <trkpt lat="36.67710836045444011688232421875" lon="117.2899255715310573577880859375">
        <ele>150.600006103515625</ele>
        <time>2026-08-13T23:53:24.000Z</time>
        <extensions>
          <ns3:TrackPointExtension>
            <ns3:hr>104</ns3:hr>
          </ns3:TrackPointExtension>
        </extensions>
      </trkpt>
      <trkpt lat="36.6770718991756439208984375" lon="117.2899188660085201263427734375">
        <ele>150</ele>
        <time>2026-08-13T23:53:28.000Z</time>
        <extensions>
          <ns3:TrackPointExtension>
            <ns3:hr>106</ns3:hr>
          </ns3:TrackPointExtension>
        </extensions>
      </trkpt>
      <trkpt lat="36.67703778482973575592041015625" lon="117.28991090320050716400146484375">
        <ele>150</ele>
        <time>2026-08-13T23:53:31.000Z</time>
        <extensions>
          <ns3:TrackPointExtension>
            <ns3:hr>109</ns3:hr>
          </ns3:TrackPointExtension>
        </extensions>
      </trkpt>
      <trkpt lat="36.67701800353825092315673828125" lon="117.28990838862955570220947265625">
        <ele>150</ele>
        <time>2026-08-13T23:53:32.000Z</time>
        <extensions>
          <ns3:TrackPointExtension>
            <ns3:hr>109</ns3:hr>
          </ns3:TrackPointExtension>
        </extensions>
      </trkpt>
      <trkpt lat="36.67700911872088909149169921875" lon="117.28988877497613430023193359375">
        <ele>150</ele>
        <time>2026-08-13T23:53:33.000Z</time>
        <extensions>
          <ns3:TrackPointExtension>
            <ns3:hr>109</ns3:hr>
          </ns3:TrackPointExtension>
        </extensions>
      </trkpt>
      <trkpt lat="36.676998138427734375" lon="117.2898648865520954132080078125">
        <ele>150</ele>
        <time>2026-08-13T23:53:35.000Z</time>
        <extensions>
          <ns3:TrackPointExtension>
            <ns3:hr>109</ns3:hr>
          </ns3:TrackPointExtension>
        </extensions>
      </trkpt>
      <trkpt lat="36.6769485175609588623046875" lon="117.28982272557914257049560546875">
        <ele>150</ele>
        <time>2026-08-13T23:53:40.000Z</time>
        <extensions>
          <ns3:TrackPointExtension>
            <ns3:hr>108</ns3:hr>
          </ns3:TrackPointExtension>
        </extensions>
      </trkpt>
      <trkpt lat="36.6769543848931789398193359375" lon="117.28978224098682403564453125">
        <ele>149.8000030517578125</ele>
        <time>2026-08-13T23:53:42.000Z</time>
        <extensions>
          <ns3:TrackPointExtension>
            <ns3:hr>108</ns3:hr>
          </ns3:TrackPointExtension>
        </extensions>
      </trkpt>
      <trkpt lat="36.67693636380136013031005859375" lon="117.2897495515644550323486328125">
        <ele>149.8000030517578125</ele>
        <time>2026-08-13T23:53:44.000Z</time>
        <extensions>
          <ns3:TrackPointExtension>
            <ns3:hr>108</ns3:hr>
          </ns3:TrackPointExtension>
        </extensions>
      </trkpt>
      <trkpt lat="36.676903255283832550048828125" lon="117.2896707616746425628662109375">
        <ele>149.8000030517578125</ele>
        <time>2026-08-13T23:53:49.000Z</time>
        <extensions>
          <ns3:TrackPointExtension>
            <ns3:hr>105</ns3:hr>
          </ns3:TrackPointExtension>
        </extensions>
      </trkpt>
      <trkpt lat="36.6768705658614635467529296875" lon="117.2895924746990203857421875">
        <ele>149.8000030517578125</ele>
        <time>2026-08-13T23:53:55.000Z</time>
        <extensions>
          <ns3:TrackPointExtension>
            <ns3:hr>107</ns3:hr>
          </ns3:TrackPointExtension>
        </extensions>
      </trkpt>
      <trkpt lat="36.67685531079769134521484375" lon="117.28953137062489986419677734375">
        <ele>149.600006103515625</ele>
        <time>2026-08-13T23:53:59.000Z</time>
        <extensions>
          <ns3:TrackPointExtension>
            <ns3:hr>107</ns3:hr>
          </ns3:TrackPointExtension>
        </extensions>
      </trkpt>
      <trkpt lat="36.67683796025812625885009765625" lon="117.289460711181163787841796875">
        <ele>149.8000030517578125</ele>
        <time>2026-08-13T23:54:04.000Z</time>
        <extensions>
          <ns3:TrackPointExtension>
            <ns3:hr>108</ns3:hr>
          </ns3:TrackPointExtension>
        </extensions>
      </trkpt>
      <trkpt lat="36.67682111263275146484375" lon="117.2894099168479442596435546875">
        <ele>149.8000030517578125</ele>
        <time>2026-08-13T23:54:08.000Z</time>
        <extensions>
          <ns3:TrackPointExtension>
            <ns3:hr>107</ns3:hr>
          </ns3:TrackPointExtension>
        </extensions>
      </trkpt>
      <trkpt lat="36.6768145747482776641845703125" lon="117.2893951646983623504638671875">
        <ele>149.8000030517578125</ele>
        <time>2026-08-13T23:54:09.000Z</time>
        <extensions>
          <ns3:TrackPointExtension>
            <ns3:hr>107</ns3:hr>
          </ns3:TrackPointExtension>
        </extensions>
      </trkpt>
      <trkpt lat="36.6767890937626361846923828125" lon="117.289344705641269683837890625">
        <ele>149.600006103515625</ele>
        <time>2026-08-13T23:54:13.000Z</time>
        <extensions>
          <ns3:TrackPointExtension>
            <ns3:hr>108</ns3:hr>
          </ns3:TrackPointExtension>
        </extensions>
      </trkpt>
      <trkpt lat="36.67679496109485626220703125" lon="117.2892644070088863372802734375">
        <ele>149.600006103515625</ele>
        <time>2026-08-13T23:54:18.000Z</time>
        <extensions>
          <ns3:TrackPointExtension>
            <ns3:hr>110</ns3:hr>
          </ns3:TrackPointExtension>
        </extensions>
      </trkpt>
      <trkpt lat="36.67680359445512294769287109375" lon="117.289237417280673980712890625">
        <ele>149.8000030517578125</ele>
        <time>2026-08-13T23:54:20.000Z</time>
        <extensions>
          <ns3:TrackPointExtension>
            <ns3:hr>111</ns3:hr>
          </ns3:TrackPointExtension>
        </extensions>
      </trkpt>
      <trkpt lat="36.6768145747482776641845703125" lon="117.28921361267566680908203125">
        <ele>150.1999969482421875</ele>
        <time>2026-08-13T23:54:22.000Z</time>
        <extensions>
          <ns3:TrackPointExtension>
            <ns3:hr>110</ns3:hr>
          </ns3:TrackPointExtension>
        </extensions>
      </trkpt>
      <trkpt lat="36.67683527804911136627197265625" lon="117.2891499102115631103515625">
        <ele>150.600006103515625</ele>
        <time>2026-08-13T23:54:26.000Z</time>
        <extensions>
          <ns3:TrackPointExtension>
            <ns3:hr>110</ns3:hr>
          </ns3:TrackPointExtension>
        </extensions>
      </trkpt>
      <trkpt lat="36.67684919200837612152099609375" lon="117.28912283666431903839111328125">
        <ele>150.8000030517578125</ele>
        <time>2026-08-13T23:54:28.000Z</time>
        <extensions>
          <ns3:TrackPointExtension>
            <ns3:hr>110</ns3:hr>
          </ns3:TrackPointExtension>
        </extensions>
      </trkpt>
      <trkpt lat="36.676868386566638946533203125" lon="117.28907858021557331085205078125">
        <ele>151.1999969482421875</ele>
        <time>2026-08-13T23:54:31.000Z</time>
        <extensions>
          <ns3:TrackPointExtension>
            <ns3:hr>114</ns3:hr>
          </ns3:TrackPointExtension>
        </extensions>
      </trkpt>
      <trkpt lat="36.67688573710620403289794921875" lon="117.28900867514312267303466796875">
        <ele>151.8000030517578125</ele>
        <time>2026-08-13T23:54:36.000Z</time>
        <extensions>
          <ns3:TrackPointExtension>
            <ns3:hr>116</ns3:hr>
          </ns3:TrackPointExtension>
        </extensions>
      </trkpt>
      <trkpt lat="36.67688640765845775604248046875" lon="117.288946397602558135986328125">
        <ele>152</ele>
        <time>2026-08-13T23:54:40.000Z</time>
        <extensions>
          <ns3:TrackPointExtension>
            <ns3:hr>116</ns3:hr>
          </ns3:TrackPointExtension>
        </extensions>
      </trkpt>
      <trkpt lat="36.67688883841037750244140625" lon="117.28892862796783447265625">
        <ele>152</ele>
        <time>2026-08-13T23:54:41.000Z</time>
        <extensions>
          <ns3:TrackPointExtension>
            <ns3:hr>117</ns3:hr>
          </ns3:TrackPointExtension>
        </extensions>
      </trkpt>
      <trkpt lat="36.67690719477832317352294921875" lon="117.28887959383428096771240234375">
        <ele>152</ele>
        <time>2026-08-13T23:54:44.000Z</time>
        <extensions>
          <ns3:TrackPointExtension>
            <ns3:hr>116</ns3:hr>
          </ns3:TrackPointExtension>
        </extensions>
      </trkpt>
      <trkpt lat="36.67692848481237888336181640625" lon="117.2888563759624958038330078125">
        <ele>152</ele>
        <time>2026-08-13T23:54:46.000Z</time>
        <extensions>
          <ns3:TrackPointExtension>
            <ns3:hr>116</ns3:hr>
          </ns3:TrackPointExtension>
        </extensions>
      </trkpt>
      <trkpt lat="36.6769825480878353118896484375" lon="117.28883081115782260894775390625">
        <ele>151.8000030517578125</ele>
        <time>2026-08-13T23:54:50.000Z</time>
        <extensions>
          <ns3:TrackPointExtension>
            <ns3:hr>113</ns3:hr>
          </ns3:TrackPointExtension>
        </extensions>
      </trkpt>
      <trkpt lat="36.67699344456195831298828125" lon="117.2888231836259365081787109375">
        <ele>151.8000030517578125</ele>
        <time>2026-08-13T23:54:51.000Z</time>
        <extensions>
          <ns3:TrackPointExtension>
            <ns3:hr>113</ns3:hr>
          </ns3:TrackPointExtension>
        </extensions>
      </trkpt>
      <trkpt lat="36.6770088672637939453125" lon="117.28878580033779144287109375">
        <ele>151.8000030517578125</ele>
        <time>2026-08-13T23:54:54.000Z</time>
        <extensions>
          <ns3:TrackPointExtension>
            <ns3:hr>113</ns3:hr>
          </ns3:TrackPointExtension>
        </extensions>
      </trkpt>
      <trkpt lat="36.6770090349018573760986328125" lon="117.288770377635955810546875">
        <ele>151.8000030517578125</ele>
        <time>2026-08-13T23:54:55.000Z</time>
        <extensions>
          <ns3:TrackPointExtension>
            <ns3:hr>113</ns3:hr>
          </ns3:TrackPointExtension>
        </extensions>
      </trkpt>
      <trkpt lat="36.67703024111688137054443359375" lon="117.28871480561792850494384765625">
        <ele>152</ele>
        <time>2026-08-13T23:54:59.000Z</time>
        <extensions>
          <ns3:TrackPointExtension>
            <ns3:hr>114</ns3:hr>
          </ns3:TrackPointExtension>
        </extensions>
      </trkpt>
      <trkpt lat="36.67703568935394287109375" lon="117.2886796854436397552490234375">
        <ele>151.8000030517578125</ele>
        <time>2026-08-13T23:55:02.000Z</time>
        <extensions>
          <ns3:TrackPointExtension>
            <ns3:hr>113</ns3:hr>
          </ns3:TrackPointExtension>
        </extensions>
      </trkpt>
      <trkpt lat="36.67703091166913509368896484375" lon="117.28866719640791416168212890625">
        <ele>151.8000030517578125</ele>
        <time>2026-08-13T23:55:03.000Z</time>
        <extensions>
          <ns3:TrackPointExtension>
            <ns3:hr>113</ns3:hr>
          </ns3:TrackPointExtension>
        </extensions>
      </trkpt>
      <trkpt lat="36.67699453420937061309814453125" lon="117.28861975483596324920654296875">
        <ele>151.8000030517578125</ele>
        <time>2026-08-13T23:55:08.000Z</time>
        <extensions>
          <ns3:TrackPointExtension>
            <ns3:hr>112</ns3:hr>
          </ns3:TrackPointExtension>
        </extensions>
      </trkpt>
      <trkpt lat="36.67694206349551677703857421875" lon="117.2885794378817081451416015625">
        <ele>151.600006103515625</ele>
        <time>2026-08-13T23:55:13.000Z</time>
        <extensions>
          <ns3:TrackPointExtension>
            <ns3:hr>110</ns3:hr>
          </ns3:TrackPointExtension>
        </extensions>
      </trkpt>
      <trkpt lat="36.6769123077392578125" lon="117.28851313702762126922607421875">
        <ele>151.600006103515625</ele>
        <time>2026-08-13T23:55:18.000Z</time>
        <extensions>
          <ns3:TrackPointExtension>
            <ns3:hr>109</ns3:hr>
          </ns3:TrackPointExtension>
        </extensions>
      </trkpt>
      <trkpt lat="36.67691004462540149688720703125" lon="117.28848564438521862030029296875">
        <ele>151.399993896484375</ele>
        <time>2026-08-13T23:55:20.000Z</time>
        <extensions>
          <ns3:TrackPointExtension>
            <ns3:hr>110</ns3:hr>
          </ns3:TrackPointExtension>
        </extensions>
      </trkpt>
      <trkpt lat="36.6768993996083736419677734375" lon="117.28846854530274868011474609375">
        <ele>151.600006103515625</ele>
        <time>2026-08-13T23:55:23.000Z</time>
        <extensions>
          <ns3:TrackPointExtension>
            <ns3:hr>110</ns3:hr>
          </ns3:TrackPointExtension>
        </extensions>
      </trkpt>
      <trkpt lat="36.67686712928116321563720703125" lon="117.2884714789688587188720703125">
        <ele>151.600006103515625</ele>
        <time>2026-08-13T23:55:27.000Z</time>
        <extensions>
          <ns3:TrackPointExtension>
            <ns3:hr>107</ns3:hr>
          </ns3:TrackPointExtension>
        </extensions>
      </trkpt>
      <trkpt lat="36.6768444143235683441162109375" lon="117.288437448441982269287109375">
        <ele>151.600006103515625</ele>
        <time>2026-08-13T23:55:30.000Z</time>
        <extensions>
          <ns3:TrackPointExtension>
            <ns3:hr>106</ns3:hr>
          </ns3:TrackPointExtension>
        </extensions>
      </trkpt>
      <trkpt lat="36.67683997191488742828369140625" lon="117.2884107939898967742919921875">
        <ele>151.8000030517578125</ele>
        <time>2026-08-13T23:55:32.000Z</time>
        <extensions>
          <ns3:TrackPointExtension>
            <ns3:hr>110</ns3:hr>
          </ns3:TrackPointExtension>
        </extensions>
      </trkpt>
      <trkpt lat="36.67682639323174953460693359375" lon="117.288389839231967926025390625">
        <ele>151.8000030517578125</ele>
        <time>2026-08-13T23:55:34.000Z</time>
        <extensions>
          <ns3:TrackPointExtension>
            <ns3:hr>110</ns3:hr>
          </ns3:TrackPointExtension>
        </extensions>
      </trkpt>
      <trkpt lat="36.67682823725044727325439453125" lon="117.2882974706590175628662109375">
        <ele>151.8000030517578125</ele>
        <time>2026-08-13T23:55:39.000Z</time>
        <extensions>
          <ns3:TrackPointExtension>
            <ns3:hr>108</ns3:hr>
          </ns3:TrackPointExtension>
        </extensions>
      </trkpt>
      <trkpt lat="36.67683117091655731201171875" lon="117.28834348730742931365966796875">
        <ele>151.8000030517578125</ele>
        <time>2026-08-13T23:55:46.000Z</time>
        <extensions>
          <ns3:TrackPointExtension>
            <ns3:hr>107</ns3:hr>
          </ns3:TrackPointExtension>
        </extensions>
      </trkpt>
      <trkpt lat="36.67681700550019741058349609375" lon="117.28834734298288822174072265625">
        <ele>151.8000030517578125</ele>
        <time>2026-08-13T23:55:51.000Z</time>
        <extensions>
          <ns3:TrackPointExtension>
            <ns3:hr>104</ns3:hr>
          </ns3:TrackPointExtension>
        </extensions>
      </trkpt>
      <trkpt lat="36.67681180872023105621337890625" lon="117.28835186921060085296630859375">
        <ele>151.8000030517578125</ele>
        <time>2026-08-13T23:55:53.000Z</time>
        <extensions>
          <ns3:TrackPointExtension>
            <ns3:hr>103</ns3:hr>
          </ns3:TrackPointExtension>
        </extensions>
      </trkpt>
      <trkpt lat="36.67681038379669189453125" lon="117.28835874237120151519775390625">
        <ele>151.8000030517578125</ele>
        <time>2026-08-13T23:55:58.000Z</time>
        <extensions>
          <ns3:TrackPointExtension>
            <ns3:hr>102</ns3:hr>
          </ns3:TrackPointExtension>
        </extensions>
      </trkpt>
      <trkpt lat="36.6768216155469417572021484375" lon="117.28837550617754459381103515625">
        <ele>151.8000030517578125</ele>
        <time>2026-08-13T23:56:06.000Z</time>
        <extensions>
          <ns3:TrackPointExtension>
            <ns3:hr>103</ns3:hr>
          </ns3:TrackPointExtension>
        </extensions>
      </trkpt>
      <trkpt lat="36.6768115572631359100341796875" lon="117.28839713148772716522216796875">
        <ele>151.8000030517578125</ele>
        <time>2026-08-13T23:56:11.000Z</time>
        <extensions>
          <ns3:TrackPointExtension>
            <ns3:hr>102</ns3:hr>
          </ns3:TrackPointExtension>
        </extensions>
      </trkpt>
      <trkpt lat="36.676808707416057586669921875" lon="117.2884050942957401275634765625">
        <ele>151.600006103515625</ele>
        <time>2026-08-13T23:56:13.000Z</time>
        <extensions>
          <ns3:TrackPointExtension>
            <ns3:hr>103</ns3:hr>
          </ns3:TrackPointExtension>
        </extensions>
      </trkpt>
      <trkpt lat="36.6768061928451061248779296875" lon="117.28838212788105010986328125">
        <ele>151.600006103515625</ele>
        <time>2026-08-13T23:56:15.000Z</time>
        <extensions>
          <ns3:TrackPointExtension>
            <ns3:hr>104</ns3:hr>
          </ns3:TrackPointExtension>
        </extensions>
      </trkpt>
      <trkpt lat="36.67682404629886150360107421875" lon="117.28832018561661243438720703125">
        <ele>151.399993896484375</ele>
        <time>2026-08-13T23:56:19.000Z</time>
        <extensions>
          <ns3:TrackPointExtension>
            <ns3:hr>106</ns3:hr>
          </ns3:TrackPointExtension>
        </extensions>
      </trkpt>
      <trkpt lat="36.67683879844844341278076171875" lon="117.2883075289428234100341796875">
        <ele>151.399993896484375</ele>
        <time>2026-08-13T23:56:20.000Z</time>
        <extensions>
          <ns3:TrackPointExtension>
            <ns3:hr>106</ns3:hr>
          </ns3:TrackPointExtension>
        </extensions>
      </trkpt>
      <trkpt lat="36.67684902437031269073486328125" lon="117.28828816674649715423583984375">
        <ele>151.399993896484375</ele>
        <time>2026-08-13T23:56:23.000Z</time>
        <extensions>
          <ns3:TrackPointExtension>
            <ns3:hr>105</ns3:hr>
          </ns3:TrackPointExtension>
        </extensions>
      </trkpt>
      <trkpt lat="36.67683293111622333526611328125" lon="117.288272492587566375732421875">
        <ele>151.399993896484375</ele>
        <time>2026-08-13T23:56:30.000Z</time>
        <extensions>
          <ns3:TrackPointExtension>
            <ns3:hr>102</ns3:hr>
          </ns3:TrackPointExtension>
        </extensions>
      </trkpt>
      <trkpt lat="36.6768358647823333740234375" lon="117.28826276957988739013671875">
        <ele>151.1999969482421875</ele>
        <time>2026-08-13T23:56:32.000Z</time>
        <extensions>
          <ns3:TrackPointExtension>
            <ns3:hr>98</ns3:hr>
          </ns3:TrackPointExtension>
        </extensions>
      </trkpt>
      <trkpt lat="36.67683930136263370513916015625" lon="117.2882582433521747589111328125">
        <ele>150.8000030517578125</ele>
        <time>2026-08-13T23:56:34.000Z</time>
        <extensions>
          <ns3:TrackPointExtension>
            <ns3:hr>96</ns3:hr>
          </ns3:TrackPointExtension>
        </extensions>
      </trkpt>
      <trkpt lat="36.676845587790012359619140625" lon="117.28825933299958705902099609375">
        <ele>150.600006103515625</ele>
        <time>2026-08-13T23:56:38.000Z</time>
        <extensions>
          <ns3:TrackPointExtension>
            <ns3:hr>99</ns3:hr>
          </ns3:TrackPointExtension>
        </extensions>
      </trkpt>
      <trkpt lat="36.6768128983676433563232421875" lon="117.28824592195451259613037109375">
        <ele>150</ele>
        <time>2026-08-13T23:56:43.000Z</time>
        <extensions>
          <ns3:TrackPointExtension>
            <ns3:hr>99</ns3:hr>
          </ns3:TrackPointExtension>
        </extensions>
      </trkpt>
      <trkpt lat="36.67679672129452228546142578125" lon="117.28823594748973846435546875">
        <ele>149.600006103515625</ele>
        <time>2026-08-13T23:56:45.000Z</time>
        <extensions>
          <ns3:TrackPointExtension>
            <ns3:hr>100</ns3:hr>
          </ns3:TrackPointExtension>
        </extensions>
      </trkpt>
      <trkpt lat="36.6767822206020355224609375" lon="117.28823653422296047210693359375">
        <ele>149.1999969482421875</ele>
        <time>2026-08-13T23:56:48.000Z</time>
        <extensions>
          <ns3:TrackPointExtension>
            <ns3:hr>100</ns3:hr>
          </ns3:TrackPointExtension>
        </extensions>
      </trkpt>
      <trkpt lat="36.67676218785345554351806640625" lon="117.28824592195451259613037109375">
        <ele>149</ele>
        <time>2026-08-13T23:56:51.000Z</time>
        <extensions>
          <ns3:TrackPointExtension>
            <ns3:hr>100</ns3:hr>
          </ns3:TrackPointExtension>
        </extensions>
      </trkpt>
      <trkpt lat="36.6767505370080471038818359375" lon="117.288257069885730743408203125">
        <ele>148.600006103515625</ele>
        <time>2026-08-13T23:56:53.000Z</time>
        <extensions>
          <ns3:TrackPointExtension>
            <ns3:hr>99</ns3:hr>
          </ns3:TrackPointExtension>
        </extensions>
      </trkpt>
      <trkpt lat="36.67670804075896739959716796875" lon="117.288278527557849884033203125">
        <ele>148</ele>
        <time>2026-08-13T23:56:58.000Z</time>
        <extensions>
          <ns3:TrackPointExtension>
            <ns3:hr>100</ns3:hr>
          </ns3:TrackPointExtension>
        </extensions>
      </trkpt>
      <trkpt lat="36.67667300440371036529541015625" lon="117.28830979205667972564697265625">
        <ele>147.8000030517578125</ele>
        <time>2026-08-13T23:57:02.000Z</time>
        <extensions>
          <ns3:TrackPointExtension>
            <ns3:hr>100</ns3:hr>
          </ns3:TrackPointExtension>
        </extensions>
      </trkpt>
      <trkpt lat="36.67664350010454654693603515625" lon="117.28834650479257106781005859375">
        <ele>148</ele>
        <time>2026-08-13T23:57:06.000Z</time>
        <extensions>
          <ns3:TrackPointExtension>
            <ns3:hr>103</ns3:hr>
          </ns3:TrackPointExtension>
        </extensions>
      </trkpt>
      <trkpt lat="36.67662455700337886810302734375" lon="117.28838170878589153289794921875">
        <ele>148</ele>
        <time>2026-08-13T23:57:09.000Z</time>
        <extensions>
          <ns3:TrackPointExtension>
            <ns3:hr>102</ns3:hr>
          </ns3:TrackPointExtension>
        </extensions>
      </trkpt>
      <trkpt lat="36.6766124032437801361083984375" lon="117.2884158231317996978759765625">
        <ele>148.1999969482421875</ele>
        <time>2026-08-13T23:57:12.000Z</time>
        <extensions>
          <ns3:TrackPointExtension>
            <ns3:hr>102</ns3:hr>
          </ns3:TrackPointExtension>
        </extensions>
      </trkpt>
      <trkpt lat="36.6765909455716609954833984375" lon="117.288469970226287841796875">
        <ele>148</ele>
        <time>2026-08-13T23:57:17.000Z</time>
        <extensions>
          <ns3:TrackPointExtension>
            <ns3:hr>103</ns3:hr>
          </ns3:TrackPointExtension>
        </extensions>
      </trkpt>
      <trkpt lat="36.676576025784015655517578125" lon="117.2885090298950672149658203125">
        <ele>148.1999969482421875</ele>
        <time>2026-08-13T23:57:20.000Z</time>
        <extensions>
          <ns3:TrackPointExtension>
            <ns3:hr>107</ns3:hr>
          </ns3:TrackPointExtension>
        </extensions>
      </trkpt>
      <trkpt lat="36.67656722478568553924560546875" lon="117.28853912092745304107666015625">
        <ele>148.1999969482421875</ele>
        <time>2026-08-13T23:57:22.000Z</time>
        <extensions>
          <ns3:TrackPointExtension>
            <ns3:hr>107</ns3:hr>
          </ns3:TrackPointExtension>
        </extensions>
      </trkpt>
      <trkpt lat="36.6765657998621463775634765625" lon="117.2885516099631786346435546875">
        <ele>148.1999969482421875</ele>
        <time>2026-08-13T23:57:23.000Z</time>
        <extensions>
          <ns3:TrackPointExtension>
            <ns3:hr>107</ns3:hr>
          </ns3:TrackPointExtension>
        </extensions>
      </trkpt>
      <trkpt lat="36.67656471021473407745361328125" lon="117.28859108872711658477783203125">
        <ele>148.1999969482421875</ele>
        <time>2026-08-13T23:57:26.000Z</time>
        <extensions>
          <ns3:TrackPointExtension>
            <ns3:hr>106</ns3:hr>
          </ns3:TrackPointExtension>
        </extensions>
      </trkpt>
      <trkpt lat="36.6765651293098926544189453125" lon="117.28868328966200351715087890625">
        <ele>148.399993896484375</ele>
        <time>2026-08-13T23:57:33.000Z</time>
        <extensions>
          <ns3:TrackPointExtension>
            <ns3:hr>104</ns3:hr>
          </ns3:TrackPointExtension>
        </extensions>
      </trkpt>
      <trkpt lat="36.6765601001679897308349609375" lon="117.288711369037628173828125">
        <ele>148.1999969482421875</ele>
        <time>2026-08-13T23:57:35.000Z</time>
        <extensions>
          <ns3:TrackPointExtension>
            <ns3:hr>103</ns3:hr>
          </ns3:TrackPointExtension>
        </extensions>
      </trkpt>
      <trkpt lat="36.676553897559642791748046875" lon="117.2887313179671764373779296875">
        <ele>148</ele>
        <time>2026-08-13T23:57:38.000Z</time>
        <extensions>
          <ns3:TrackPointExtension>
            <ns3:hr>104</ns3:hr>
          </ns3:TrackPointExtension>
        </extensions>
      </trkpt>
      <trkpt lat="36.676545850932598114013671875" lon="117.2887289710342884063720703125">
        <ele>147.600006103515625</ele>
        <time>2026-08-13T23:57:41.000Z</time>
        <extensions>
          <ns3:TrackPointExtension>
            <ns3:hr>103</ns3:hr>
          </ns3:TrackPointExtension>
        </extensions>
      </trkpt>
      <trkpt lat="36.6765416599810123443603515625" lon="117.28872553445398807525634765625">
        <ele>147</ele>
        <time>2026-08-13T23:57:45.000Z</time>
        <extensions>
          <ns3:TrackPointExtension>
            <ns3:hr>104</ns3:hr>
          </ns3:TrackPointExtension>
        </extensions>
      </trkpt>
      <trkpt lat="36.6765369661152362823486328125" lon="117.28872419334948062896728515625">
        <ele>147</ele>
        <time>2026-08-13T23:57:53.000Z</time>
        <extensions>
          <ns3:TrackPointExtension>
            <ns3:hr>101</ns3:hr>
          </ns3:TrackPointExtension>
        </extensions>
      </trkpt>
      <trkpt lat="36.67653587646782398223876953125" lon="117.288723103702068328857421875">
        <ele>147</ele>
        <time>2026-08-13T23:57:57.000Z</time>
        <extensions>
          <ns3:TrackPointExtension>
            <ns3:hr>98</ns3:hr>
          </ns3:TrackPointExtension>
        </extensions>
      </trkpt>
      <trkpt lat="36.67653587646782398223876953125" lon="117.2887239418923854827880859375">
        <ele>147</ele>
        <time>2026-08-13T23:57:58.000Z</time>
        <extensions>
          <ns3:TrackPointExtension>
            <ns3:hr>95</ns3:hr>
          </ns3:TrackPointExtension>
        </extensions>
      </trkpt>
      <trkpt lat="36.67653487063944339752197265625" lon="117.288723103702068328857421875">
        <ele>147</ele>
        <time>2026-08-13T23:58:00.000Z</time>
        <extensions>
          <ns3:TrackPointExtension>
            <ns3:hr>92</ns3:hr>
          </ns3:TrackPointExtension>
        </extensions>
      </trkpt>
      <trkpt lat="36.67653420008718967437744140625" lon="117.288723103702068328857421875">
        <ele>147</ele>
        <time>2026-08-13T23:58:02.000Z</time>
        <extensions>
          <ns3:TrackPointExtension>
            <ns3:hr>92</ns3:hr>
          </ns3:TrackPointExtension>
        </extensions>
      </trkpt>
      <trkpt lat="36.676534451544284820556640625" lon="117.2887209244072437286376953125">
        <ele>147</ele>
        <time>2026-08-13T23:58:09.000Z</time>
        <extensions>
          <ns3:TrackPointExtension>
            <ns3:hr>89</ns3:hr>
          </ns3:TrackPointExtension>
        </extensions>
      </trkpt>
      <trkpt lat="36.6765359602868556976318359375" lon="117.2887179069221019744873046875">
        <ele>147.1999969482421875</ele>
        <time>2026-08-13T23:58:17.000Z</time>
        <extensions>
          <ns3:TrackPointExtension>
            <ns3:hr>86</ns3:hr>
          </ns3:TrackPointExtension>
        </extensions>
      </trkpt>
      <trkpt lat="36.67653554119169712066650390625" lon="117.288721092045307159423828125">
        <ele>147.1999969482421875</ele>
        <time>2026-08-13T23:58:25.000Z</time>
        <extensions>
          <ns3:TrackPointExtension>
            <ns3:hr>90</ns3:hr>
          </ns3:TrackPointExtension>
        </extensions>
      </trkpt>
      <trkpt lat="36.67653520591557025909423828125" lon="117.28872318752110004425048828125">
        <ele>147.1999969482421875</ele>
        <time>2026-08-13T23:58:29.000Z</time>
        <extensions>
          <ns3:TrackPointExtension>
            <ns3:hr>92</ns3:hr>
          </ns3:TrackPointExtension>
        </extensions>
      </trkpt>
      <trkpt lat="36.67653570882976055145263671875" lon="117.28872335515916347503662109375">
        <ele>147.1999969482421875</ele>
        <time>2026-08-13T23:58:36.000Z</time>
        <extensions>
          <ns3:TrackPointExtension>
            <ns3:hr>89</ns3:hr>
          </ns3:TrackPointExtension>
        </extensions>
      </trkpt>
      <trkpt lat="36.67653537355363368988037109375" lon="117.2887256182730197906494140625">
        <ele>147.1999969482421875</ele>
        <time>2026-08-13T23:58:37.000Z</time>
        <extensions>
          <ns3:TrackPointExtension>
            <ns3:hr>88</ns3:hr>
          </ns3:TrackPointExtension>
        </extensions>
      </trkpt>
      <trkpt lat="36.6765356250107288360595703125" lon="117.28872704319655895233154296875">
        <ele>147.1999969482421875</ele>
        <time>2026-08-13T23:58:45.000Z</time>
        <extensions>
          <ns3:TrackPointExtension>
            <ns3:hr>85</ns3:hr>
          </ns3:TrackPointExtension>
        </extensions>
      </trkpt>
      <trkpt lat="36.67653621174395084381103515625" lon="117.2887261211872100830078125">
        <ele>147.1999969482421875</ele>
        <time>2026-08-13T23:58:46.000Z</time>
        <extensions>
          <ns3:TrackPointExtension>
            <ns3:hr>85</ns3:hr>
          </ns3:TrackPointExtension>
        </extensions>
      </trkpt>
      <trkpt lat="36.67653704993426799774169921875" lon="117.2887269593775272369384765625">
        <ele>147</ele>
        <time>2026-08-13T23:58:57.000Z</time>
        <extensions>
          <ns3:TrackPointExtension>
            <ns3:hr>86</ns3:hr>
          </ns3:TrackPointExtension>
        </extensions>
      </trkpt>
      <trkpt lat="36.6765356250107288360595703125" lon="117.2887313179671764373779296875">
        <ele>147</ele>
        <time>2026-08-13T23:59:10.000Z</time>
        <extensions>
          <ns3:TrackPointExtension>
            <ns3:hr>84</ns3:hr>
          </ns3:TrackPointExtension>
        </extensions>
      </trkpt>
      <trkpt lat="36.6765329428017139434814453125" lon="117.28872947394847869873046875">
        <ele>147</ele>
        <time>2026-08-13T23:59:21.000Z</time>
        <extensions>
          <ns3:TrackPointExtension>
            <ns3:hr>84</ns3:hr>
          </ns3:TrackPointExtension>
        </extensions>
      </trkpt>
      <trkpt lat="36.67653537355363368988037109375" lon="117.2887272946536540985107421875">
        <ele>147.1999969482421875</ele>
        <time>2026-08-13T23:59:35.000Z</time>
        <extensions>
          <ns3:TrackPointExtension>
            <ns3:hr>82</ns3:hr>
          </ns3:TrackPointExtension>
        </extensions>
      </trkpt>
      <trkpt lat="36.67654677294194698333740234375" lon="117.28873458690941333770751953125">
        <ele>148.399993896484375</ele>
        <time>2026-08-13T23:59:40.000Z</time>
        <extensions>
          <ns3:TrackPointExtension>
            <ns3:hr>82</ns3:hr>
          </ns3:TrackPointExtension>
        </extensions>
      </trkpt>
      <trkpt lat="36.67655280791223049163818359375" lon="117.28874682448804378509521484375">
        <ele>148.600006103515625</ele>
        <time>2026-08-13T23:59:41.000Z</time>
        <extensions>
          <ns3:TrackPointExtension>
            <ns3:hr>82</ns3:hr>
          </ns3:TrackPointExtension>
        </extensions>
      </trkpt>
      <trkpt lat="36.6765490360558032989501953125" lon="117.28879309259355068206787109375">
        <ele>148.8000030517578125</ele>
        <time>2026-08-13T23:59:44.000Z</time>
        <extensions>
          <ns3:TrackPointExtension>
            <ns3:hr>81</ns3:hr>
          </ns3:TrackPointExtension>
        </extensions>
      </trkpt>
      <trkpt lat="36.6765704937279224395751953125" lon="117.28886852972209453582763671875">
        <ele>148.399993896484375</ele>
        <time>2026-08-13T23:59:50.000Z</time>
        <extensions>
          <ns3:TrackPointExtension>
            <ns3:hr>82</ns3:hr>
          </ns3:TrackPointExtension>
        </extensions>
      </trkpt>
      <trkpt lat="36.6765939630568027496337890625" lon="117.2889254428446292877197265625">
        <ele>148.399993896484375</ele>
        <time>2026-08-13T23:59:54.000Z</time>
        <extensions>
          <ns3:TrackPointExtension>
            <ns3:hr>86</ns3:hr>
          </ns3:TrackPointExtension>
        </extensions>
      </trkpt>
      <trkpt lat="36.67659781873226165771484375" lon="117.28893608786165714263916015625">
        <ele>148.399993896484375</ele>
        <time>2026-08-13T23:59:55.000Z</time>
        <extensions>
          <ns3:TrackPointExtension>
            <ns3:hr>92</ns3:hr>
          </ns3:TrackPointExtension>
        </extensions>
      </trkpt>
      <trkpt lat="36.6765959747135639190673828125" lon="117.2889495827257633209228515625">
        <ele>148.399993896484375</ele>
        <time>2026-08-13T23:59:56.000Z</time>
        <extensions>
          <ns3:TrackPointExtension>
            <ns3:hr>100</ns3:hr>
          </ns3:TrackPointExtension>
        </extensions>
      </trkpt>
      <trkpt lat="36.67660125531256198883056640625" lon="117.28896374814212322235107421875">
        <ele>148.399993896484375</ele>
        <time>2026-08-13T23:59:57.000Z</time>
        <extensions>
          <ns3:TrackPointExtension>
            <ns3:hr>106</ns3:hr>
          </ns3:TrackPointExtension>
        </extensions>
      </trkpt>
      <trkpt lat="36.67660779319703578948974609375" lon="117.28897866792976856231689453125">
        <ele>148.399993896484375</ele>
        <time>2026-08-13T23:59:58.000Z</time>
        <extensions>
          <ns3:TrackPointExtension>
            <ns3:hr>109</ns3:hr>
          </ns3:TrackPointExtension>
        </extensions>
      </trkpt>
      <trkpt lat="36.67661793529987335205078125" lon="117.28901110589504241943359375">
        <ele>148.399993896484375</ele>
        <time>2026-08-14T00:00:00.000Z</time>
        <extensions>
          <ns3:TrackPointExtension>
            <ns3:hr>112</ns3:hr>
          </ns3:TrackPointExtension>
        </extensions>
      </trkpt>
      <trkpt lat="36.67662137188017368316650390625" lon="117.2890230081975460052490234375">
        <ele>148.399993896484375</ele>
        <time>2026-08-14T00:00:01.000Z</time>
        <extensions>
          <ns3:TrackPointExtension>
            <ns3:hr>114</ns3:hr>
          </ns3:TrackPointExtension>
        </extensions>
      </trkpt>
      <trkpt lat="36.67664886452257633209228515625" lon="117.28906743228435516357421875">
        <ele>148.399993896484375</ele>
        <time>2026-08-14T00:00:05.000Z</time>
        <extensions>
          <ns3:TrackPointExtension>
            <ns3:hr>116</ns3:hr>
          </ns3:TrackPointExtension>
        </extensions>
      </trkpt>
      <trkpt lat="36.6766610182821750640869140625" lon="117.28909148834645748138427734375">
        <ele>148.399993896484375</ele>
        <time>2026-08-14T00:00:07.000Z</time>
        <extensions>
          <ns3:TrackPointExtension>
            <ns3:hr>116</ns3:hr>
          </ns3:TrackPointExtension>
        </extensions>
      </trkpt>
      <trkpt lat="36.67668272741138935089111328125" lon="117.2891319729387760162353515625">
        <ele>148.600006103515625</ele>
        <time>2026-08-14T00:00:10.000Z</time>
        <extensions>
          <ns3:TrackPointExtension>
            <ns3:hr>115</ns3:hr>
          </ns3:TrackPointExtension>
        </extensions>
      </trkpt>
      <trkpt lat="36.6766945458948612213134765625" lon="117.2891651652753353118896484375">
        <ele>148.399993896484375</ele>
        <time>2026-08-14T00:00:13.000Z</time>
        <extensions>
          <ns3:TrackPointExtension>
            <ns3:hr>112</ns3:hr>
          </ns3:TrackPointExtension>
        </extensions>
      </trkpt>
      <trkpt lat="36.67670435272157192230224609375" lon="117.289187125861644744873046875">
        <ele>148.1999969482421875</ele>
        <time>2026-08-14T00:00:15.000Z</time>
        <extensions>
          <ns3:TrackPointExtension>
            <ns3:hr>111</ns3:hr>
          </ns3:TrackPointExtension>
        </extensions>
      </trkpt>
      <trkpt lat="36.67670971713960170745849609375" lon="117.289198525249958038330078125">
        <ele>148.1999969482421875</ele>
        <time>2026-08-14T00:00:16.000Z</time>
        <extensions>
          <ns3:TrackPointExtension>
            <ns3:hr>111</ns3:hr>
          </ns3:TrackPointExtension>
        </extensions>
      </trkpt>
      <trkpt lat="36.67673067189753055572509765625" lon="117.2892251797020435333251953125">
        <ele>148.600006103515625</ele>
        <time>2026-08-14T00:00:19.000Z</time>
        <extensions>
          <ns3:TrackPointExtension>
            <ns3:hr>110</ns3:hr>
          </ns3:TrackPointExtension>
        </extensions>
      </trkpt>
      <trkpt lat="36.67676369659602642059326171875" lon="117.28927974589169025421142578125">
        <ele>148.600006103515625</ele>
        <time>2026-08-14T00:00:23.000Z</time>
        <extensions>
          <ns3:TrackPointExtension>
            <ns3:hr>110</ns3:hr>
          </ns3:TrackPointExtension>
        </extensions>
      </trkpt>
      <trkpt lat="36.67680443264544010162353515625" lon="117.28933288715779781341552734375">
        <ele>148.8000030517578125</ele>
        <time>2026-08-14T00:00:28.000Z</time>
        <extensions>
          <ns3:TrackPointExtension>
            <ns3:hr>112</ns3:hr>
          </ns3:TrackPointExtension>
        </extensions>
      </trkpt>
      <trkpt lat="36.67685153894126415252685546875" lon="117.2893978469073772430419921875">
        <ele>149.399993896484375</ele>
        <time>2026-08-14T00:00:34.000Z</time>
        <extensions>
          <ns3:TrackPointExtension>
            <ns3:hr>112</ns3:hr>
          </ns3:TrackPointExtension>
        </extensions>
      </trkpt>
      <trkpt lat="36.6768668778240680694580078125" lon="117.28943229652941226959228515625">
        <ele>149.600006103515625</ele>
        <time>2026-08-14T00:00:37.000Z</time>
        <extensions>
          <ns3:TrackPointExtension>
            <ns3:hr>112</ns3:hr>
          </ns3:TrackPointExtension>
        </extensions>
      </trkpt>
      <trkpt lat="36.67686863802373409271240234375" lon="117.28945501148700714111328125">
        <ele>149.8000030517578125</ele>
        <time>2026-08-14T00:00:39.000Z</time>
        <extensions>
          <ns3:TrackPointExtension>
            <ns3:hr>113</ns3:hr>
          </ns3:TrackPointExtension>
        </extensions>
      </trkpt>
      <trkpt lat="36.6768779419362545013427734375" lon="117.289486862719058990478515625">
        <ele>149.600006103515625</ele>
        <time>2026-08-14T00:00:42.000Z</time>
        <extensions>
          <ns3:TrackPointExtension>
            <ns3:hr>114</ns3:hr>
          </ns3:TrackPointExtension>
        </extensions>
      </trkpt>
      <trkpt lat="36.6768846474587917327880859375" lon="117.28949868120253086090087890625">
        <ele>149.600006103515625</ele>
        <time>2026-08-14T00:00:43.000Z</time>
        <extensions>
          <ns3:TrackPointExtension>
            <ns3:hr>114</ns3:hr>
          </ns3:TrackPointExtension>
        </extensions>
      </trkpt>
      <trkpt lat="36.676895879209041595458984375" lon="117.28954461403191089630126953125">
        <ele>149.600006103515625</ele>
        <time>2026-08-14T00:00:46.000Z</time>
        <extensions>
          <ns3:TrackPointExtension>
            <ns3:hr>113</ns3:hr>
          </ns3:TrackPointExtension>
        </extensions>
      </trkpt>
      <trkpt lat="36.6769014112651348114013671875" lon="117.28957780636847019195556640625">
        <ele>149.600006103515625</ele>
        <time>2026-08-14T00:00:48.000Z</time>
        <extensions>
          <ns3:TrackPointExtension>
            <ns3:hr>112</ns3:hr>
          </ns3:TrackPointExtension>
        </extensions>
      </trkpt>
      <trkpt lat="36.676917336881160736083984375" lon="117.2896305285394191741943359375">
        <ele>149.399993896484375</ele>
        <time>2026-08-14T00:00:52.000Z</time>
        <extensions>
          <ns3:TrackPointExtension>
            <ns3:hr>112</ns3:hr>
          </ns3:TrackPointExtension>
        </extensions>
      </trkpt>
      <trkpt lat="36.676925383508205413818359375" lon="117.2896962426602840423583984375">
        <ele>149.600006103515625</ele>
        <time>2026-08-14T00:00:57.000Z</time>
        <extensions>
          <ns3:TrackPointExtension>
            <ns3:hr>109</ns3:hr>
          </ns3:TrackPointExtension>
        </extensions>
      </trkpt>
      <trkpt lat="36.67692345567047595977783203125" lon="117.2897143475711345672607421875">
        <ele>149.600006103515625</ele>
        <time>2026-08-14T00:00:58.000Z</time>
        <extensions>
          <ns3:TrackPointExtension>
            <ns3:hr>109</ns3:hr>
          </ns3:TrackPointExtension>
        </extensions>
      </trkpt>
      <trkpt lat="36.6769366152584552764892578125" lon="117.28978894650936126708984375">
        <ele>149.600006103515625</ele>
        <time>2026-08-14T00:01:03.000Z</time>
        <extensions>
          <ns3:TrackPointExtension>
            <ns3:hr>109</ns3:hr>
          </ns3:TrackPointExtension>
        </extensions>
      </trkpt>
      <trkpt lat="36.6769429855048656463623046875" lon="117.28987301699817180633544921875">
        <ele>149.600006103515625</ele>
        <time>2026-08-14T00:01:08.000Z</time>
        <extensions>
          <ns3:TrackPointExtension>
            <ns3:hr>106</ns3:hr>
          </ns3:TrackPointExtension>
        </extensions>
      </trkpt>
      <trkpt lat="36.676944158971309661865234375" lon="117.28988693095743656158447265625">
        <ele>149.600006103515625</ele>
        <time>2026-08-14T00:01:09.000Z</time>
        <extensions>
          <ns3:TrackPointExtension>
            <ns3:hr>105</ns3:hr>
          </ns3:TrackPointExtension>
        </extensions>
      </trkpt>
      <trkpt lat="36.676948852837085723876953125" lon="117.2899599373340606689453125">
        <ele>149.600006103515625</ele>
        <time>2026-08-14T00:01:14.000Z</time>
        <extensions>
          <ns3:TrackPointExtension>
            <ns3:hr>105</ns3:hr>
          </ns3:TrackPointExtension>
        </extensions>
      </trkpt>
      <trkpt lat="36.67694038711488246917724609375" lon="117.29002221487462520599365234375">
        <ele>149.399993896484375</ele>
        <time>2026-08-14T00:01:18.000Z</time>
        <extensions>
          <ns3:TrackPointExtension>
            <ns3:hr>106</ns3:hr>
          </ns3:TrackPointExtension>
        </extensions>
      </trkpt>
      <trkpt lat="36.67693552561104297637939453125" lon="117.290048785507678985595703125">
        <ele>149.1999969482421875</ele>
        <time>2026-08-14T00:01:20.000Z</time>
        <extensions>
          <ns3:TrackPointExtension>
            <ns3:hr>106</ns3:hr>
          </ns3:TrackPointExtension>
        </extensions>
      </trkpt>
      <trkpt lat="36.67692647315561771392822265625" lon="117.29011257179081439971923828125">
        <ele>149.1999969482421875</ele>
        <time>2026-08-14T00:01:25.000Z</time>
        <extensions>
          <ns3:TrackPointExtension>
            <ns3:hr>109</ns3:hr>
          </ns3:TrackPointExtension>
        </extensions>
      </trkpt>
      <trkpt lat="36.67691775597631931304931640625" lon="117.290144003927707672119140625">
        <ele>149.600006103515625</ele>
        <time>2026-08-14T00:01:27.000Z</time>
        <extensions>
          <ns3:TrackPointExtension>
            <ns3:hr>109</ns3:hr>
          </ns3:TrackPointExtension>
        </extensions>
      </trkpt>
      <trkpt lat="36.67691775597631931304931640625" lon="117.2901723347604274749755859375">
        <ele>149.600006103515625</ele>
        <time>2026-08-14T00:01:30.000Z</time>
        <extensions>
          <ns3:TrackPointExtension>
            <ns3:hr>107</ns3:hr>
          </ns3:TrackPointExtension>
        </extensions>
      </trkpt>
      <trkpt lat="36.67692529968917369842529296875" lon="117.290180884301662445068359375">
        <ele>149.600006103515625</ele>
        <time>2026-08-14T00:01:31.000Z</time>
        <extensions>
          <ns3:TrackPointExtension>
            <ns3:hr>107</ns3:hr>
          </ns3:TrackPointExtension>
        </extensions>
      </trkpt>
      <trkpt lat="36.6769771836698055267333984375" lon="117.29019421152770519256591796875">
        <ele>149.600006103515625</ele>
        <time>2026-08-14T00:01:36.000Z</time>
        <extensions>
          <ns3:TrackPointExtension>
            <ns3:hr>106</ns3:hr>
          </ns3:TrackPointExtension>
        </extensions>
      </trkpt>
      <trkpt lat="36.6770207695662975311279296875" lon="117.29019421152770519256591796875">
        <ele>149.600006103515625</ele>
        <time>2026-08-14T00:01:41.000Z</time>
        <extensions>
          <ns3:TrackPointExtension>
            <ns3:hr>106</ns3:hr>
          </ns3:TrackPointExtension>
        </extensions>
      </trkpt>
      <trkpt lat="36.6770117171108722686767578125" lon="117.2902182675898075103759765625">
        <ele>149.600006103515625</ele>
        <time>2026-08-14T00:01:47.000Z</time>
        <extensions>
          <ns3:TrackPointExtension>
            <ns3:hr>105</ns3:hr>
          </ns3:TrackPointExtension>
        </extensions>
      </trkpt>
      <trkpt lat="36.67698414064943790435791015625" lon="117.2902310080826282501220703125">
        <ele>149.600006103515625</ele>
        <time>2026-08-14T00:01:52.000Z</time>
        <extensions>
          <ns3:TrackPointExtension>
            <ns3:hr>107</ns3:hr>
          </ns3:TrackPointExtension>
        </extensions>
      </trkpt>
      <trkpt lat="36.67694910429418087005615234375" lon="117.2902330197393894195556640625">
        <ele>149.600006103515625</ele>
        <time>2026-08-14T00:01:55.000Z</time>
        <extensions>
          <ns3:TrackPointExtension>
            <ns3:hr>104</ns3:hr>
          </ns3:TrackPointExtension>
        </extensions>
      </trkpt>
      <trkpt lat="36.6769366152584552764892578125" lon="117.2902393899857997894287109375">
        <ele>149.600006103515625</ele>
        <time>2026-08-14T00:01:56.000Z</time>
        <extensions>
          <ns3:TrackPointExtension>
            <ns3:hr>99</ns3:hr>
          </ns3:TrackPointExtension>
        </extensions>
      </trkpt>
      <trkpt lat="36.6769295744597911834716796875" lon="117.29025037027895450592041015625">
        <ele>149.600006103515625</ele>
        <time>2026-08-14T00:01:57.000Z</time>
        <extensions>
          <ns3:TrackPointExtension>
            <ns3:hr>93</ns3:hr>
          </ns3:TrackPointExtension>
        </extensions>
      </trkpt>
      <trkpt lat="36.6768943704664707183837890625" lon="117.2902739234268665313720703125">
        <ele>149.8000030517578125</ele>
        <time>2026-08-14T00:02:00.000Z</time>
        <extensions>
          <ns3:TrackPointExtension>
            <ns3:hr>107</ns3:hr>
          </ns3:TrackPointExtension>
        </extensions>
      </trkpt>
      <trkpt lat="36.6768868267536163330078125" lon="117.290285490453243255615234375">
        <ele>149.8000030517578125</ele>
        <time>2026-08-14T00:02:01.000Z</time>
        <extensions>
          <ns3:TrackPointExtension>
            <ns3:hr>112</ns3:hr>
          </ns3:TrackPointExtension>
        </extensions>
      </trkpt>
      <trkpt lat="36.676875762641429901123046875" lon="117.29030149988830089569091796875">
        <ele>149.8000030517578125</ele>
        <time>2026-08-14T00:02:02.000Z</time>
        <extensions>
          <ns3:TrackPointExtension>
            <ns3:hr>112</ns3:hr>
          </ns3:TrackPointExtension>
        </extensions>
      </trkpt>
      <trkpt lat="36.6768524609506130218505859375" lon="117.29035380296409130096435546875">
        <ele>149.600006103515625</ele>
        <time>2026-08-14T00:02:06.000Z</time>
        <extensions>
          <ns3:TrackPointExtension>
            <ns3:hr>111</ns3:hr>
          </ns3:TrackPointExtension>
        </extensions>
      </trkpt>
      <trkpt lat="36.6768397204577922821044921875" lon="117.2904174216091632843017578125">
        <ele>149.8000030517578125</ele>
        <time>2026-08-14T00:02:11.000Z</time>
        <extensions>
          <ns3:TrackPointExtension>
            <ns3:hr>108</ns3:hr>
          </ns3:TrackPointExtension>
        </extensions>
      </trkpt>
      <trkpt lat="36.6768162511289119720458984375" lon="117.29047534056007862091064453125">
        <ele>149.8000030517578125</ele>
        <time>2026-08-14T00:02:15.000Z</time>
        <extensions>
          <ns3:TrackPointExtension>
            <ns3:hr>106</ns3:hr>
          </ns3:TrackPointExtension>
        </extensions>
      </trkpt>
      <trkpt lat="36.67680996470153331756591796875" lon="117.29050601832568645477294921875">
        <ele>150</ele>
        <time>2026-08-14T00:02:17.000Z</time>
        <extensions>
          <ns3:TrackPointExtension>
            <ns3:hr>106</ns3:hr>
          </ns3:TrackPointExtension>
        </extensions>
      </trkpt>
      <trkpt lat="36.67680242098867893218994140625" lon="117.29057927615940570831298828125">
        <ele>150.1999969482421875</ele>
        <time>2026-08-14T00:02:22.000Z</time>
        <extensions>
          <ns3:TrackPointExtension>
            <ns3:hr>105</ns3:hr>
          </ns3:TrackPointExtension>
        </extensions>
      </trkpt>
      <trkpt lat="36.67679655365645885467529296875" lon="117.29062420316040515899658203125">
        <ele>150.1999969482421875</ele>
        <time>2026-08-14T00:02:25.000Z</time>
        <extensions>
          <ns3:TrackPointExtension>
            <ns3:hr>104</ns3:hr>
          </ns3:TrackPointExtension>
        </extensions>
      </trkpt>
      <trkpt lat="36.6767833940684795379638671875" lon="117.29064918123185634613037109375">
        <ele>150.1999969482421875</ele>
        <time>2026-08-14T00:02:27.000Z</time>
        <extensions>
          <ns3:TrackPointExtension>
            <ns3:hr>104</ns3:hr>
          </ns3:TrackPointExtension>
        </extensions>
      </trkpt>
      <trkpt lat="36.67677828110754489898681640625" lon="117.29070550762116909027099609375">
        <ele>150.399993896484375</ele>
        <time>2026-08-14T00:02:31.000Z</time>
        <extensions>
          <ns3:TrackPointExtension>
            <ns3:hr>104</ns3:hr>
          </ns3:TrackPointExtension>
        </extensions>
      </trkpt>
      <trkpt lat="36.67677258141338825225830078125" lon="117.2907734848558902740478515625">
        <ele>150.600006103515625</ele>
        <time>2026-08-14T00:02:36.000Z</time>
        <extensions>
          <ns3:TrackPointExtension>
            <ns3:hr>105</ns3:hr>
          </ns3:TrackPointExtension>
        </extensions>
      </trkpt>
      <trkpt lat="36.67676302604377269744873046875" lon="117.29078513570129871368408203125">
        <ele>150.600006103515625</ele>
        <time>2026-08-14T00:02:40.000Z</time>
        <extensions>
          <ns3:TrackPointExtension>
            <ns3:hr>105</ns3:hr>
          </ns3:TrackPointExtension>
        </extensions>
      </trkpt>
      <trkpt lat="36.67675682343542575836181640625" lon="117.290816567838191986083984375">
        <ele>150.8000030517578125</ele>
        <time>2026-08-14T00:02:43.000Z</time>
        <extensions>
          <ns3:TrackPointExtension>
            <ns3:hr>104</ns3:hr>
          </ns3:TrackPointExtension>
        </extensions>
      </trkpt>
      <trkpt lat="36.67675229720771312713623046875" lon="117.2908408753573894500732421875">
        <ele>150.8000030517578125</ele>
        <time>2026-08-14T00:02:45.000Z</time>
        <extensions>
          <ns3:TrackPointExtension>
            <ns3:hr>104</ns3:hr>
          </ns3:TrackPointExtension>
        </extensions>
      </trkpt>
      <trkpt lat="36.67675699107348918914794921875" lon="117.2908884845674037933349609375">
        <ele>150.8000030517578125</ele>
        <time>2026-08-14T00:02:48.000Z</time>
        <extensions>
          <ns3:TrackPointExtension>
            <ns3:hr>106</ns3:hr>
          </ns3:TrackPointExtension>
        </extensions>
      </trkpt>
      <trkpt lat="36.6767522133886814117431640625" lon="117.290917150676250457763671875">
        <ele>150.8000030517578125</ele>
        <time>2026-08-14T00:02:50.000Z</time>
        <extensions>
          <ns3:TrackPointExtension>
            <ns3:hr>107</ns3:hr>
          </ns3:TrackPointExtension>
        </extensions>
      </trkpt>
      <trkpt lat="36.676749028265476226806640625" lon="117.2909501753747463226318359375">
        <ele>151</ele>
        <time>2026-08-14T00:02:53.000Z</time>
        <extensions>
          <ns3:TrackPointExtension>
            <ns3:hr>110</ns3:hr>
          </ns3:TrackPointExtension>
        </extensions>
      </trkpt>
      <trkpt lat="36.6767384670674800872802734375" lon="117.2909662686288356781005859375">
        <ele>151</ele>
        <time>2026-08-14T00:02:55.000Z</time>
        <extensions>
          <ns3:TrackPointExtension>
            <ns3:hr>110</ns3:hr>
          </ns3:TrackPointExtension>
        </extensions>
      </trkpt>
      <trkpt lat="36.67673318646848201751708984375" lon="117.290964089334011077880859375">
        <ele>150.8000030517578125</ele>
        <time>2026-08-14T00:03:03.000Z</time>
        <extensions>
          <ns3:TrackPointExtension>
            <ns3:hr>108</ns3:hr>
          </ns3:TrackPointExtension>
        </extensions>
      </trkpt>
      <trkpt lat="36.676721535623073577880859375" lon="117.290954031050205230712890625">
        <ele>150.600006103515625</ele>
        <time>2026-08-14T00:03:11.000Z</time>
        <extensions>
          <ns3:TrackPointExtension>
            <ns3:hr>106</ns3:hr>
          </ns3:TrackPointExtension>
        </extensions>
      </trkpt>
      <trkpt lat="36.67672245763242244720458984375" lon="117.29099367745220661163330078125">
        <ele>150.8000030517578125</ele>
        <time>2026-08-14T00:03:19.000Z</time>
        <extensions>
          <ns3:TrackPointExtension>
            <ns3:hr>107</ns3:hr>
          </ns3:TrackPointExtension>
        </extensions>
      </trkpt>
      <trkpt lat="36.6767227090895175933837890625" lon="117.29101027362048625946044921875">
        <ele>150.8000030517578125</ele>
        <time>2026-08-14T00:03:20.000Z</time>
        <extensions>
          <ns3:TrackPointExtension>
            <ns3:hr>106</ns3:hr>
          </ns3:TrackPointExtension>
        </extensions>
      </trkpt>
      <trkpt lat="36.67671508155763149261474609375" lon="117.29105117730796337127685546875">
        <ele>151</ele>
        <time>2026-08-14T00:03:23.000Z</time>
        <extensions>
          <ns3:TrackPointExtension>
            <ns3:hr>107</ns3:hr>
          </ns3:TrackPointExtension>
        </extensions>
      </trkpt>
      <trkpt lat="36.6766995750367641448974609375" lon="117.2911027260124683380126953125">
        <ele>150.8000030517578125</ele>
        <time>2026-08-14T00:03:27.000Z</time>
        <extensions>
          <ns3:TrackPointExtension>
            <ns3:hr>108</ns3:hr>
          </ns3:TrackPointExtension>
        </extensions>
      </trkpt>
      <trkpt lat="36.67668909765779972076416015625" lon="117.29115025140345096588134765625">
        <ele>151</ele>
        <time>2026-08-14T00:03:30.000Z</time>
        <extensions>
          <ns3:TrackPointExtension>
            <ns3:hr>108</ns3:hr>
          </ns3:TrackPointExtension>
        </extensions>
      </trkpt>
      <trkpt lat="36.6766764409840106964111328125" lon="117.29119450785219669342041015625">
        <ele>150.8000030517578125</ele>
        <time>2026-08-14T00:03:33.000Z</time>
        <extensions>
          <ns3:TrackPointExtension>
            <ns3:hr>107</ns3:hr>
          </ns3:TrackPointExtension>
        </extensions>
      </trkpt>
      <trkpt lat="36.67664886452257633209228515625" lon="117.29125611484050750732421875">
        <ele>150.600006103515625</ele>
        <time>2026-08-14T00:03:38.000Z</time>
        <extensions>
          <ns3:TrackPointExtension>
            <ns3:hr>107</ns3:hr>
          </ns3:TrackPointExtension>
        </extensions>
      </trkpt>
      <trkpt lat="36.6766159236431121826171875" lon="117.29130037128925323486328125">
        <ele>150.399993896484375</ele>
        <time>2026-08-14T00:03:42.000Z</time>
        <extensions>
          <ns3:TrackPointExtension>
            <ns3:hr>104</ns3:hr>
          </ns3:TrackPointExtension>
        </extensions>
      </trkpt>
      <trkpt lat="36.67660460807383060455322265625" lon="117.2913246788084506988525390625">
        <ele>150.1999969482421875</ele>
        <time>2026-08-14T00:03:44.000Z</time>
        <extensions>
          <ns3:TrackPointExtension>
            <ns3:hr>103</ns3:hr>
          </ns3:TrackPointExtension>
        </extensions>
      </trkpt>
      <trkpt lat="36.67657007463276386260986328125" lon="117.2913900576531887054443359375">
        <ele>150</ele>
        <time>2026-08-14T00:03:49.000Z</time>
        <extensions>
          <ns3:TrackPointExtension>
            <ns3:hr>101</ns3:hr>
          </ns3:TrackPointExtension>
        </extensions>
      </trkpt>
      <trkpt lat="36.6765379719436168670654296875" lon="117.29143238626420497894287109375">
        <ele>150</ele>
        <time>2026-08-14T00:03:53.000Z</time>
        <extensions>
          <ns3:TrackPointExtension>
            <ns3:hr>100</ns3:hr>
          </ns3:TrackPointExtension>
        </extensions>
      </trkpt>
      <trkpt lat="36.67652548290789127349853515625" lon="117.29144177399575710296630859375">
        <ele>150</ele>
        <time>2026-08-14T00:03:54.000Z</time>
        <extensions>
          <ns3:TrackPointExtension>
            <ns3:hr>100</ns3:hr>
          </ns3:TrackPointExtension>
        </extensions>
      </trkpt>
      <trkpt lat="36.6764829866588115692138671875" lon="117.2914926521480083465576171875">
        <ele>149.8000030517578125</ele>
        <time>2026-08-14T00:03:59.000Z</time>
        <extensions>
          <ns3:TrackPointExtension>
            <ns3:hr>100</ns3:hr>
          </ns3:TrackPointExtension>
        </extensions>
      </trkpt>
      <trkpt lat="36.67647133581340312957763671875" lon="117.291501872241497039794921875">
        <ele>149.600006103515625</ele>
        <time>2026-08-14T00:04:00.000Z</time>
        <extensions>
          <ns3:TrackPointExtension>
            <ns3:hr>101</ns3:hr>
          </ns3:TrackPointExtension>
        </extensions>
      </trkpt>
      <trkpt lat="36.67640746571123600006103515625" lon="117.29155727662146091461181640625">
        <ele>149.600006103515625</ele>
        <time>2026-08-14T00:04:06.000Z</time>
        <extensions>
          <ns3:TrackPointExtension>
            <ns3:hr>100</ns3:hr>
          </ns3:TrackPointExtension>
        </extensions>
      </trkpt>
      <trkpt lat="36.676347367465496063232421875" lon="117.29161242954432964324951171875">
        <ele>149.399993896484375</ele>
        <time>2026-08-14T00:04:12.000Z</time>
        <extensions>
          <ns3:TrackPointExtension>
            <ns3:hr>99</ns3:hr>
          </ns3:TrackPointExtension>
        </extensions>
      </trkpt>
      <trkpt lat="36.676299758255481719970703125" lon="117.29164528660476207733154296875">
        <ele>149.399993896484375</ele>
        <time>2026-08-14T00:04:16.000Z</time>
        <extensions>
          <ns3:TrackPointExtension>
            <ns3:hr>99</ns3:hr>
          </ns3:TrackPointExtension>
        </extensions>
      </trkpt>
      <trkpt lat="36.67627922259271144866943359375" lon="117.29166355915367603302001953125">
        <ele>149.399993896484375</ele>
        <time>2026-08-14T00:04:18.000Z</time>
        <extensions>
          <ns3:TrackPointExtension>
            <ns3:hr>98</ns3:hr>
          </ns3:TrackPointExtension>
        </extensions>
      </trkpt>
      <trkpt lat="36.67622859589755535125732421875" lon="117.291703708469867706298828125">
        <ele>149.399993896484375</ele>
        <time>2026-08-14T00:04:23.000Z</time>
        <extensions>
          <ns3:TrackPointExtension>
            <ns3:hr>99</ns3:hr>
          </ns3:TrackPointExtension>
        </extensions>
      </trkpt>
      <trkpt lat="36.67617294006049633026123046875" lon="117.2917213104665279388427734375">
        <ele>149.399993896484375</ele>
        <time>2026-08-14T00:04:28.000Z</time>
        <extensions>
          <ns3:TrackPointExtension>
            <ns3:hr>101</ns3:hr>
          </ns3:TrackPointExtension>
        </extensions>
      </trkpt>
      <trkpt lat="36.67616003192961215972900390625" lon="117.29172809980809688568115234375">
        <ele>149.399993896484375</ele>
        <time>2026-08-14T00:04:29.000Z</time>
        <extensions>
          <ns3:TrackPointExtension>
            <ns3:hr>101</ns3:hr>
          </ns3:TrackPointExtension>
        </extensions>
      </trkpt>
      <trkpt lat="36.6761229000985622406005859375" lon="117.29173681698739528656005859375">
        <ele>149.1999969482421875</ele>
        <time>2026-08-14T00:04:32.000Z</time>
        <extensions>
          <ns3:TrackPointExtension>
            <ns3:hr>104</ns3:hr>
          </ns3:TrackPointExtension>
        </extensions>
      </trkpt>
      <trkpt lat="36.6760984249413013458251953125" lon="117.2917394153773784637451171875">
        <ele>149</ele>
        <time>2026-08-14T00:04:34.000Z</time>
        <extensions>
          <ns3:TrackPointExtension>
            <ns3:hr>104</ns3:hr>
          </ns3:TrackPointExtension>
        </extensions>
      </trkpt>
      <trkpt lat="36.67603564448654651641845703125" lon="117.2917300276458263397216796875">
        <ele>149</ele>
        <time>2026-08-14T00:04:39.000Z</time>
        <extensions>
          <ns3:TrackPointExtension>
            <ns3:hr>104</ns3:hr>
          </ns3:TrackPointExtension>
        </extensions>
      </trkpt>
      <trkpt lat="36.67597563005983829498291015625" lon="117.291709072887897491455078125">
        <ele>149</ele>
        <time>2026-08-14T00:04:44.000Z</time>
        <extensions>
          <ns3:TrackPointExtension>
            <ns3:hr>104</ns3:hr>
          </ns3:TrackPointExtension>
        </extensions>
      </trkpt>
      <trkpt lat="36.67591611854732036590576171875" lon="117.29169256053864955902099609375">
        <ele>149</ele>
        <time>2026-08-14T00:04:48.000Z</time>
        <extensions>
          <ns3:TrackPointExtension>
            <ns3:hr>104</ns3:hr>
          </ns3:TrackPointExtension>
        </extensions>
      </trkpt>
      <trkpt lat="36.67588208802044391632080078125" lon="117.29167495854198932647705078125">
        <ele>149</ele>
        <time>2026-08-14T00:04:51.000Z</time>
        <extensions>
          <ns3:TrackPointExtension>
            <ns3:hr>103</ns3:hr>
          </ns3:TrackPointExtension>
        </extensions>
      </trkpt>
      <trkpt lat="36.67585845105350017547607421875" lon="117.2916616313159465789794921875">
        <ele>149</ele>
        <time>2026-08-14T00:04:53.000Z</time>
        <extensions>
          <ns3:TrackPointExtension>
            <ns3:hr>105</ns3:hr>
          </ns3:TrackPointExtension>
        </extensions>
      </trkpt>
      <trkpt lat="36.67581520043313503265380859375" lon="117.2916358150541782379150390625">
        <ele>148.8000030517578125</ele>
        <time>2026-08-14T00:04:57.000Z</time>
        <extensions>
          <ns3:TrackPointExtension>
            <ns3:hr>102</ns3:hr>
          </ns3:TrackPointExtension>
        </extensions>
      </trkpt>
      <trkpt lat="36.67580732144415378570556640625" lon="117.2916282713413238525390625">
        <ele>148.8000030517578125</ele>
        <time>2026-08-14T00:04:58.000Z</time>
        <extensions>
          <ns3:TrackPointExtension>
            <ns3:hr>101</ns3:hr>
          </ns3:TrackPointExtension>
        </extensions>
      </trkpt>
      <trkpt lat="36.675782091915607452392578125" lon="117.29160170070827007293701171875">
        <ele>148.600006103515625</ele>
        <time>2026-08-14T00:05:01.000Z</time>
        <extensions>
          <ns3:TrackPointExtension>
            <ns3:hr>102</ns3:hr>
          </ns3:TrackPointExtension>
        </extensions>
      </trkpt>
      <trkpt lat="36.6757685132324695587158203125" lon="117.29158937931060791015625">
        <ele>148.600006103515625</ele>
        <time>2026-08-14T00:05:03.000Z</time>
        <extensions>
          <ns3:TrackPointExtension>
            <ns3:hr>103</ns3:hr>
          </ns3:TrackPointExtension>
        </extensions>
      </trkpt>
      <trkpt lat="36.6757147014141082763671875" lon="117.29152643121778964996337890625">
        <ele>148.8000030517578125</ele>
        <time>2026-08-14T00:05:09.000Z</time>
        <extensions>
          <ns3:TrackPointExtension>
            <ns3:hr>101</ns3:hr>
          </ns3:TrackPointExtension>
        </extensions>
      </trkpt>
      <trkpt lat="36.6756558604538440704345703125" lon="117.29146088473498821258544921875">
        <ele>148.8000030517578125</ele>
        <time>2026-08-14T00:05:16.000Z</time>
        <extensions>
          <ns3:TrackPointExtension>
            <ns3:hr>103</ns3:hr>
          </ns3:TrackPointExtension>
        </extensions>
      </trkpt>
      <trkpt lat="36.67564672417938709259033203125" lon="117.291454263031482696533203125">
        <ele>148.600006103515625</ele>
        <time>2026-08-14T00:05:17.000Z</time>
        <extensions>
          <ns3:TrackPointExtension>
            <ns3:hr>102</ns3:hr>
          </ns3:TrackPointExtension>
        </extensions>
      </trkpt>
      <trkpt lat="36.6755991987884044647216796875" lon="117.2914309613406658172607421875">
        <ele>148.399993896484375</ele>
        <time>2026-08-14T00:05:21.000Z</time>
        <extensions>
          <ns3:TrackPointExtension>
            <ns3:hr>103</ns3:hr>
          </ns3:TrackPointExtension>
        </extensions>
      </trkpt>
      <trkpt lat="36.67555150575935840606689453125" lon="117.29138444177806377410888671875">
        <ele>148.600006103515625</ele>
        <time>2026-08-14T00:05:26.000Z</time>
        <extensions>
          <ns3:TrackPointExtension>
            <ns3:hr>104</ns3:hr>
          </ns3:TrackPointExtension>
        </extensions>
      </trkpt>
      <trkpt lat="36.6755187325179576873779296875" lon="117.29133716784417629241943359375">
        <ele>148.600006103515625</ele>
        <time>2026-08-14T00:05:30.000Z</time>
        <extensions>
          <ns3:TrackPointExtension>
            <ns3:hr>107</ns3:hr>
          </ns3:TrackPointExtension>
        </extensions>
      </trkpt>
      <trkpt lat="36.67551177553832530975341796875" lon="117.291320823132991790771484375">
        <ele>148.600006103515625</ele>
        <time>2026-08-14T00:05:31.000Z</time>
        <extensions>
          <ns3:TrackPointExtension>
            <ns3:hr>106</ns3:hr>
          </ns3:TrackPointExtension>
        </extensions>
      </trkpt>
      <trkpt lat="36.6754862107336521148681640625" lon="117.29125083424150943756103515625">
        <ele>147.8000030517578125</ele>
        <time>2026-08-14T00:05:36.000Z</time>
        <extensions>
          <ns3:TrackPointExtension>
            <ns3:hr>107</ns3:hr>
          </ns3:TrackPointExtension>
        </extensions>
      </trkpt>
      <trkpt lat="36.6754664294421672821044921875" lon="117.29122971184551715850830078125">
        <ele>147.600006103515625</ele>
        <time>2026-08-14T00:05:39.000Z</time>
        <extensions>
          <ns3:TrackPointExtension>
            <ns3:hr>110</ns3:hr>
          </ns3:TrackPointExtension>
        </extensions>
      </trkpt>
      <trkpt lat="36.67545964010059833526611328125" lon="117.2912217490375041961669921875">
        <ele>147.600006103515625</ele>
        <time>2026-08-14T00:05:40.000Z</time>
        <extensions>
          <ns3:TrackPointExtension>
            <ns3:hr>110</ns3:hr>
          </ns3:TrackPointExtension>
        </extensions>
      </trkpt>
      <trkpt lat="36.67544824071228504180908203125" lon="117.29121194221079349517822265625">
        <ele>147.600006103515625</ele>
        <time>2026-08-14T00:05:41.000Z</time>
        <extensions>
          <ns3:TrackPointExtension>
            <ns3:hr>110</ns3:hr>
          </ns3:TrackPointExtension>
        </extensions>
      </trkpt>
      <trkpt lat="36.6754147969186305999755859375" lon="117.29119920171797275543212890625">
        <ele>147.399993896484375</ele>
        <time>2026-08-14T00:05:44.000Z</time>
        <extensions>
          <ns3:TrackPointExtension>
            <ns3:hr>106</ns3:hr>
          </ns3:TrackPointExtension>
        </extensions>
      </trkpt>
      <trkpt lat="36.6754003800451755523681640625" lon="117.2911935858428478240966796875">
        <ele>147.1999969482421875</ele>
        <time>2026-08-14T00:05:46.000Z</time>
        <extensions>
          <ns3:TrackPointExtension>
            <ns3:hr>104</ns3:hr>
          </ns3:TrackPointExtension>
        </extensions>
      </trkpt>
      <trkpt lat="36.675347574055194854736328125" lon="117.29116760194301605224609375">
        <ele>147.1999969482421875</ele>
        <time>2026-08-14T00:05:51.000Z</time>
        <extensions>
          <ns3:TrackPointExtension>
            <ns3:hr>102</ns3:hr>
          </ns3:TrackPointExtension>
        </extensions>
      </trkpt>
      <trkpt lat="36.6753309778869152069091796875" lon="117.29115377180278301239013671875">
        <ele>147.1999969482421875</ele>
        <time>2026-08-14T00:05:53.000Z</time>
        <extensions>
          <ns3:TrackPointExtension>
            <ns3:hr>102</ns3:hr>
          </ns3:TrackPointExtension>
        </extensions>
      </trkpt>
      <trkpt lat="36.6753058321774005889892578125" lon="117.291127033531665802001953125">
        <ele>147</ele>
        <time>2026-08-14T00:05:56.000Z</time>
        <extensions>
          <ns3:TrackPointExtension>
            <ns3:hr>102</ns3:hr>
          </ns3:TrackPointExtension>
        </extensions>
      </trkpt>
      <trkpt lat="36.67527071200311183929443359375" lon="117.29110113345086574554443359375">
        <ele>147.1999969482421875</ele>
        <time>2026-08-14T00:06:00.000Z</time>
        <extensions>
          <ns3:TrackPointExtension>
            <ns3:hr>102</ns3:hr>
          </ns3:TrackPointExtension>
        </extensions>
      </trkpt>
      <trkpt lat="36.67523525655269622802734375" lon="117.29106701910495758056640625">
        <ele>147.1999969482421875</ele>
        <time>2026-08-14T00:06:04.000Z</time>
        <extensions>
          <ns3:TrackPointExtension>
            <ns3:hr>102</ns3:hr>
          </ns3:TrackPointExtension>
        </extensions>
      </trkpt>
      <trkpt lat="36.67521069757640361785888671875" lon="117.29102586396038532257080078125">
        <ele>147.1999969482421875</ele>
        <time>2026-08-14T00:06:07.000Z</time>
        <extensions>
          <ns3:TrackPointExtension>
            <ns3:hr>102</ns3:hr>
          </ns3:TrackPointExtension>
        </extensions>
      </trkpt>
      <trkpt lat="36.675206087529659271240234375" lon="117.2910122014582157135009765625">
        <ele>147.1999969482421875</ele>
        <time>2026-08-14T00:06:08.000Z</time>
        <extensions>
          <ns3:TrackPointExtension>
            <ns3:hr>102</ns3:hr>
          </ns3:TrackPointExtension>
        </extensions>
      </trkpt>
      <trkpt lat="36.67519175447523593902587890625" lon="117.290986888110637664794921875">
        <ele>147.1999969482421875</ele>
        <time>2026-08-14T00:06:10.000Z</time>
        <extensions>
          <ns3:TrackPointExtension>
            <ns3:hr>102</ns3:hr>
          </ns3:TrackPointExtension>
        </extensions>
      </trkpt>
      <trkpt lat="36.67518563568592071533203125" lon="117.29097557254135608673095703125">
        <ele>147.1999969482421875</ele>
        <time>2026-08-14T00:06:11.000Z</time>
        <extensions>
          <ns3:TrackPointExtension>
            <ns3:hr>103</ns3:hr>
          </ns3:TrackPointExtension>
        </extensions>
      </trkpt>
      <trkpt lat="36.67516560293734073638916015625" lon="117.2908831201493740081787109375">
        <ele>147.1999969482421875</ele>
        <time>2026-08-14T00:06:17.000Z</time>
        <extensions>
          <ns3:TrackPointExtension>
            <ns3:hr>103</ns3:hr>
          </ns3:TrackPointExtension>
        </extensions>
      </trkpt>
      <trkpt lat="36.67513811029493808746337890625" lon="117.29081598110496997833251953125">
        <ele>147.1999969482421875</ele>
        <time>2026-08-14T00:06:22.000Z</time>
        <extensions>
          <ns3:TrackPointExtension>
            <ns3:hr>102</ns3:hr>
          </ns3:TrackPointExtension>
        </extensions>
      </trkpt>
      <trkpt lat="36.6751016490161418914794921875" lon="117.2907905839383602142333984375">
        <ele>147.1999969482421875</ele>
        <time>2026-08-14T00:06:26.000Z</time>
        <extensions>
          <ns3:TrackPointExtension>
            <ns3:hr>103</ns3:hr>
          </ns3:TrackPointExtension>
        </extensions>
      </trkpt>
      <trkpt lat="36.67508178390562534332275390625" lon="117.29077155701816082000732421875">
        <ele>147.1999969482421875</ele>
        <time>2026-08-14T00:06:28.000Z</time>
        <extensions>
          <ns3:TrackPointExtension>
            <ns3:hr>103</ns3:hr>
          </ns3:TrackPointExtension>
        </extensions>
      </trkpt>
      <trkpt lat="36.67505647055804729461669921875" lon="117.290756218135356903076171875">
        <ele>147</ele>
        <time>2026-08-14T00:06:31.000Z</time>
        <extensions>
          <ns3:TrackPointExtension>
            <ns3:hr>104</ns3:hr>
          </ns3:TrackPointExtension>
        </extensions>
      </trkpt>
      <trkpt lat="36.67501933872699737548828125" lon="117.29072797112166881561279296875">
        <ele>147</ele>
        <time>2026-08-14T00:06:35.000Z</time>
        <extensions>
          <ns3:TrackPointExtension>
            <ns3:hr>103</ns3:hr>
          </ns3:TrackPointExtension>
        </extensions>
      </trkpt>
      <trkpt lat="36.67500450275838375091552734375" lon="117.29069410823285579681396484375">
        <ele>147</ele>
        <time>2026-08-14T00:06:40.000Z</time>
        <extensions>
          <ns3:TrackPointExtension>
            <ns3:hr>101</ns3:hr>
          </ns3:TrackPointExtension>
        </extensions>
      </trkpt>
      <trkpt lat="36.6749661974608898162841796875" lon="117.29068279266357421875">
        <ele>147</ele>
        <time>2026-08-14T00:06:44.000Z</time>
        <extensions>
          <ns3:TrackPointExtension>
            <ns3:hr>100</ns3:hr>
          </ns3:TrackPointExtension>
        </extensions>
      </trkpt>
      <trkpt lat="36.6749427281320095062255859375" lon="117.290673740208148956298828125">
        <ele>147</ele>
        <time>2026-08-14T00:06:46.000Z</time>
        <extensions>
          <ns3:TrackPointExtension>
            <ns3:hr>100</ns3:hr>
          </ns3:TrackPointExtension>
        </extensions>
      </trkpt>
      <trkpt lat="36.67491498403251171112060546875" lon="117.2906749136745929718017578125">
        <ele>146.8000030517578125</ele>
        <time>2026-08-14T00:06:49.000Z</time>
        <extensions>
          <ns3:TrackPointExtension>
            <ns3:hr>102</ns3:hr>
          </ns3:TrackPointExtension>
        </extensions>
      </trkpt>
      <trkpt lat="36.67488933540880680084228515625" lon="117.29069553315639495849609375">
        <ele>146.8000030517578125</ele>
        <time>2026-08-14T00:06:52.000Z</time>
        <extensions>
          <ns3:TrackPointExtension>
            <ns3:hr>101</ns3:hr>
          </ns3:TrackPointExtension>
        </extensions>
      </trkpt>
      <trkpt lat="36.6748671233654022216796875" lon="117.29071590118110179901123046875">
        <ele>147</ele>
        <time>2026-08-14T00:06:54.000Z</time>
        <extensions>
          <ns3:TrackPointExtension>
            <ns3:hr>102</ns3:hr>
          </ns3:TrackPointExtension>
        </extensions>
      </trkpt>
      <trkpt lat="36.6748411394655704498291015625" lon="117.29075579904019832611083984375">
        <ele>147.1999969482421875</ele>
        <time>2026-08-14T00:06:58.000Z</time>
        <extensions>
          <ns3:TrackPointExtension>
            <ns3:hr>102</ns3:hr>
          </ns3:TrackPointExtension>
        </extensions>
      </trkpt>
      <trkpt lat="36.67481473647058010101318359375" lon="117.29081748984754085540771484375">
        <ele>147.1999969482421875</ele>
        <time>2026-08-14T00:07:03.000Z</time>
        <extensions>
          <ns3:TrackPointExtension>
            <ns3:hr>102</ns3:hr>
          </ns3:TrackPointExtension>
        </extensions>
      </trkpt>
      <trkpt lat="36.67478464543819427490234375" lon="117.29087415151298046112060546875">
        <ele>147.1999969482421875</ele>
        <time>2026-08-14T00:07:08.000Z</time>
        <extensions>
          <ns3:TrackPointExtension>
            <ns3:hr>102</ns3:hr>
          </ns3:TrackPointExtension>
        </extensions>
      </trkpt>
      <trkpt lat="36.67477282695472240447998046875" lon="117.29090114124119281768798828125">
        <ele>147</ele>
        <time>2026-08-14T00:07:10.000Z</time>
        <extensions>
          <ns3:TrackPointExtension>
            <ns3:hr>102</ns3:hr>
          </ns3:TrackPointExtension>
        </extensions>
      </trkpt>
      <trkpt lat="36.674762852489948272705078125" lon="117.2909330762922763824462890625">
        <ele>147.1999969482421875</ele>
        <time>2026-08-14T00:07:13.000Z</time>
        <extensions>
          <ns3:TrackPointExtension>
            <ns3:hr>102</ns3:hr>
          </ns3:TrackPointExtension>
        </extensions>
      </trkpt>
      <trkpt lat="36.6747402213513851165771484375" lon="117.29096232913434505462646484375">
        <ele>147.1999969482421875</ele>
        <time>2026-08-14T00:07:17.000Z</time>
        <extensions>
          <ns3:TrackPointExtension>
            <ns3:hr>105</ns3:hr>
          </ns3:TrackPointExtension>
        </extensions>
      </trkpt>
      <trkpt lat="36.674738042056560516357421875" lon="117.29096484370529651641845703125">
        <ele>147.399993896484375</ele>
        <time>2026-08-14T00:07:18.000Z</time>
        <extensions>
          <ns3:TrackPointExtension>
            <ns3:hr>104</ns3:hr>
          </ns3:TrackPointExtension>
        </extensions>
      </trkpt>
      <trkpt lat="36.67472295463085174560546875" lon="117.29099585674703121185302734375">
        <ele>148.399993896484375</ele>
        <time>2026-08-14T00:07:24.000Z</time>
        <extensions>
          <ns3:TrackPointExtension>
            <ns3:hr>105</ns3:hr>
          </ns3:TrackPointExtension>
        </extensions>
      </trkpt>
      <trkpt lat="36.67471800930798053741455078125" lon="117.2910185717046260833740234375">
        <ele>148.8000030517578125</ele>
        <time>2026-08-14T00:07:29.000Z</time>
        <extensions>
          <ns3:TrackPointExtension>
            <ns3:hr>108</ns3:hr>
          </ns3:TrackPointExtension>
        </extensions>
      </trkpt>
      <trkpt lat="36.6747144050896167755126953125" lon="117.29103290475904941558837890625">
        <ele>149.1999969482421875</ele>
        <time>2026-08-14T00:07:32.000Z</time>
        <extensions>
          <ns3:TrackPointExtension>
            <ns3:hr>110</ns3:hr>
          </ns3:TrackPointExtension>
        </extensions>
      </trkpt>
      <trkpt lat="36.67470325715839862823486328125" lon="117.2910715453326702117919921875">
        <ele>149.8000030517578125</ele>
        <time>2026-08-14T00:07:37.000Z</time>
        <extensions>
          <ns3:TrackPointExtension>
            <ns3:hr>110</ns3:hr>
          </ns3:TrackPointExtension>
        </extensions>
      </trkpt>
      <trkpt lat="36.67468783445656299591064453125" lon="117.29110063053667545318603515625">
        <ele>150.399993896484375</ele>
        <time>2026-08-14T00:07:42.000Z</time>
        <extensions>
          <ns3:TrackPointExtension>
            <ns3:hr>110</ns3:hr>
          </ns3:TrackPointExtension>
        </extensions>
      </trkpt>
      <trkpt lat="36.67467710562050342559814453125" lon="117.2911402769386768341064453125">
        <ele>150.8000030517578125</ele>
        <time>2026-08-14T00:07:45.000Z</time>
        <extensions>
          <ns3:TrackPointExtension>
            <ns3:hr>111</ns3:hr>
          </ns3:TrackPointExtension>
        </extensions>
      </trkpt>
      <trkpt lat="36.67467978782951831817626953125" lon="117.291141450405120849609375">
        <ele>150.8000030517578125</ele>
        <time>2026-08-14T00:07:46.000Z</time>
        <extensions>
          <ns3:TrackPointExtension>
            <ns3:hr>112</ns3:hr>
          </ns3:TrackPointExtension>
        </extensions>
      </trkpt>
      <trkpt lat="36.674660257995128631591796875" lon="117.29117120616137981414794921875">
        <ele>151.600006103515625</ele>
        <time>2026-08-14T00:07:51.000Z</time>
        <extensions>
          <ns3:TrackPointExtension>
            <ns3:hr>115</ns3:hr>
          </ns3:TrackPointExtension>
        </extensions>
      </trkpt>
      <trkpt lat="36.67465321719646453857421875" lon="117.29118235409259796142578125">
        <ele>151.8000030517578125</ele>
        <time>2026-08-14T00:07:52.000Z</time>
        <extensions>
          <ns3:TrackPointExtension>
            <ns3:hr>116</ns3:hr>
          </ns3:TrackPointExtension>
        </extensions>
      </trkpt>
      <trkpt lat="36.67462748475372791290283203125" lon="117.2911845333874225616455078125">
        <ele>151.8000030517578125</ele>
        <time>2026-08-14T00:07:56.000Z</time>
        <extensions>
          <ns3:TrackPointExtension>
            <ns3:hr>118</ns3:hr>
          </ns3:TrackPointExtension>
        </extensions>
      </trkpt>
      <trkpt lat="36.6745908558368682861328125" lon="117.29116315953433513641357421875">
        <ele>151.8000030517578125</ele>
        <time>2026-08-14T00:08:02.000Z</time>
        <extensions>
          <ns3:TrackPointExtension>
            <ns3:hr>118</ns3:hr>
          </ns3:TrackPointExtension>
        </extensions>
      </trkpt>
      <trkpt lat="36.6745631955564022064208984375" lon="117.2911481559276580810546875">
        <ele>151.8000030517578125</ele>
        <time>2026-08-14T00:08:06.000Z</time>
        <extensions>
          <ns3:TrackPointExtension>
            <ns3:hr>117</ns3:hr>
          </ns3:TrackPointExtension>
        </extensions>
      </trkpt>
      <trkpt lat="36.67454299516975879669189453125" lon="117.291131727397441864013671875">
        <ele>151.8000030517578125</ele>
        <time>2026-08-14T00:08:10.000Z</time>
        <extensions>
          <ns3:TrackPointExtension>
            <ns3:hr>116</ns3:hr>
          </ns3:TrackPointExtension>
        </extensions>
      </trkpt>
      <trkpt lat="36.67452690191566944122314453125" lon="117.29111638851463794708251953125">
        <ele>151.8000030517578125</ele>
        <time>2026-08-14T00:08:14.000Z</time>
        <extensions>
          <ns3:TrackPointExtension>
            <ns3:hr>114</ns3:hr>
          </ns3:TrackPointExtension>
        </extensions>
      </trkpt>
      <trkpt lat="36.67449136264622211456298828125" lon="117.29110096581280231475830078125">
        <ele>151.8000030517578125</ele>
        <time>2026-08-14T00:08:19.000Z</time>
        <extensions>
          <ns3:TrackPointExtension>
            <ns3:hr>114</ns3:hr>
          </ns3:TrackPointExtension>
        </extensions>
      </trkpt>
      <trkpt lat="36.6744713298976421356201171875" lon="117.2910970263183116912841796875">
        <ele>151.8000030517578125</ele>
        <time>2026-08-14T00:08:22.000Z</time>
        <extensions>
          <ns3:TrackPointExtension>
            <ns3:hr>113</ns3:hr>
          </ns3:TrackPointExtension>
        </extensions>
      </trkpt>
      <trkpt lat="36.67446051724255084991455078125" lon="117.2910906560719013214111328125">
        <ele>151.8000030517578125</ele>
        <time>2026-08-14T00:08:24.000Z</time>
        <extensions>
          <ns3:TrackPointExtension>
            <ns3:hr>113</ns3:hr>
          </ns3:TrackPointExtension>
        </extensions>
      </trkpt>
      <trkpt lat="36.67441810481250286102294921875" lon="117.2910712100565433502197265625">
        <ele>152</ele>
        <time>2026-08-14T00:08:28.000Z</time>
        <extensions>
          <ns3:TrackPointExtension>
            <ns3:hr>114</ns3:hr>
          </ns3:TrackPointExtension>
        </extensions>
      </trkpt>
      <trkpt lat="36.67438306845724582672119140625" lon="117.29107582010328769683837890625">
        <ele>151.8000030517578125</ele>
        <time>2026-08-14T00:08:33.000Z</time>
        <extensions>
          <ns3:TrackPointExtension>
            <ns3:hr>111</ns3:hr>
          </ns3:TrackPointExtension>
        </extensions>
      </trkpt>
      <trkpt lat="36.67435071431100368499755859375" lon="117.29110683314502239227294921875">
        <ele>152</ele>
        <time>2026-08-14T00:08:37.000Z</time>
        <extensions>
          <ns3:TrackPointExtension>
            <ns3:hr>109</ns3:hr>
          </ns3:TrackPointExtension>
        </extensions>
      </trkpt>
      <trkpt lat="36.674346439540386199951171875" lon="117.29111236520111560821533203125">
        <ele>152</ele>
        <time>2026-08-14T00:08:38.000Z</time>
        <extensions>
          <ns3:TrackPointExtension>
            <ns3:hr>109</ns3:hr>
          </ns3:TrackPointExtension>
        </extensions>
      </trkpt>
      <trkpt lat="36.6743241436779499053955078125" lon="117.291118986904621124267578125">
        <ele>152</ele>
        <time>2026-08-14T00:08:40.000Z</time>
        <extensions>
          <ns3:TrackPointExtension>
            <ns3:hr>106</ns3:hr>
          </ns3:TrackPointExtension>
        </extensions>
      </trkpt>
      <trkpt lat="36.67430721223354339599609375" lon="117.29111840017139911651611328125">
        <ele>152</ele>
        <time>2026-08-14T00:08:42.000Z</time>
        <extensions>
          <ns3:TrackPointExtension>
            <ns3:hr>105</ns3:hr>
          </ns3:TrackPointExtension>
        </extensions>
      </trkpt>
      <trkpt lat="36.67430561967194080352783203125" lon="117.29112108238041400909423828125">
        <ele>151.8000030517578125</ele>
        <time>2026-08-14T00:08:47.000Z</time>
        <extensions>
          <ns3:TrackPointExtension>
            <ns3:hr>104</ns3:hr>
          </ns3:TrackPointExtension>
        </extensions>
      </trkpt>
      <trkpt lat="36.67430779896676540374755859375" lon="117.29110850952565670013427734375">
        <ele>151.8000030517578125</ele>
        <time>2026-08-14T00:08:55.000Z</time>
        <extensions>
          <ns3:TrackPointExtension>
            <ns3:hr>101</ns3:hr>
          </ns3:TrackPointExtension>
        </extensions>
      </trkpt>
      <trkpt lat="36.6743046976625919342041015625" lon="117.2911074198782444000244140625">
        <ele>151.8000030517578125</ele>
        <time>2026-08-14T00:08:56.000Z</time>
        <extensions>
          <ns3:TrackPointExtension>
            <ns3:hr>100</ns3:hr>
          </ns3:TrackPointExtension>
        </extensions>
      </trkpt>
      <trkpt lat="36.6743020154535770416259765625" lon="117.29111127555370330810546875">
        <ele>151.8000030517578125</ele>
        <time>2026-08-14T00:09:03.000Z</time>
        <extensions>
          <ns3:TrackPointExtension>
            <ns3:hr>100</ns3:hr>
          </ns3:TrackPointExtension>
        </extensions>
      </trkpt>
      <trkpt lat="36.67432271875441074371337890625" lon="117.29108512401580810546875">
        <ele>151.8000030517578125</ele>
        <time>2026-08-14T00:09:06.000Z</time>
        <extensions>
          <ns3:TrackPointExtension>
            <ns3:hr>100</ns3:hr>
          </ns3:TrackPointExtension>
        </extensions>
      </trkpt>
      <trkpt lat="36.67434048838913440704345703125" lon="117.291071712970733642578125">
        <ele>152</ele>
        <time>2026-08-14T00:09:08.000Z</time>
        <extensions>
          <ns3:TrackPointExtension>
            <ns3:hr>100</ns3:hr>
          </ns3:TrackPointExtension>
        </extensions>
      </trkpt>
      <trkpt lat="36.67437560856342315673828125" lon="117.29106710292398929595947265625">
        <ele>152</ele>
        <time>2026-08-14T00:09:12.000Z</time>
        <extensions>
          <ns3:TrackPointExtension>
            <ns3:hr>100</ns3:hr>
          </ns3:TrackPointExtension>
        </extensions>
      </trkpt>
      <trkpt lat="36.6743989102542400360107421875" lon="117.2910266183316707611083984375">
        <ele>151.8000030517578125</ele>
        <time>2026-08-14T00:09:16.000Z</time>
        <extensions>
          <ns3:TrackPointExtension>
            <ns3:hr>102</ns3:hr>
          </ns3:TrackPointExtension>
        </extensions>
      </trkpt>
      <trkpt lat="36.674399077892303466796875" lon="117.291018404066562652587890625">
        <ele>151.8000030517578125</ele>
        <time>2026-08-14T00:09:17.000Z</time>
        <extensions>
          <ns3:TrackPointExtension>
            <ns3:hr>102</ns3:hr>
          </ns3:TrackPointExtension>
        </extensions>
      </trkpt>
      <trkpt lat="36.67440921999514102935791015625" lon="117.29099719785153865814208984375">
        <ele>151.600006103515625</ele>
        <time>2026-08-14T00:09:20.000Z</time>
        <extensions>
          <ns3:TrackPointExtension>
            <ns3:hr>105</ns3:hr>
          </ns3:TrackPointExtension>
        </extensions>
      </trkpt>
      <trkpt lat="36.674408130347728729248046875" lon="117.2909930907189846038818359375">
        <ele>151.600006103515625</ele>
        <time>2026-08-14T00:09:21.000Z</time>
        <extensions>
          <ns3:TrackPointExtension>
            <ns3:hr>102</ns3:hr>
          </ns3:TrackPointExtension>
        </extensions>
      </trkpt>
      <trkpt lat="36.674406118690967559814453125" lon="117.290958054363727569580078125">
        <ele>151.600006103515625</ele>
        <time>2026-08-14T00:09:25.000Z</time>
        <extensions>
          <ns3:TrackPointExtension>
            <ns3:hr>100</ns3:hr>
          </ns3:TrackPointExtension>
        </extensions>
      </trkpt>
      <trkpt lat="36.674389354884624481201171875" lon="117.29092192836105823516845703125">
        <ele>151.600006103515625</ele>
        <time>2026-08-14T00:09:29.000Z</time>
        <extensions>
          <ns3:TrackPointExtension>
            <ns3:hr>100</ns3:hr>
          </ns3:TrackPointExtension>
        </extensions>
      </trkpt>
      <trkpt lat="36.67436379007995128631591796875" lon="117.29087934829294681549072265625">
        <ele>151.600006103515625</ele>
        <time>2026-08-14T00:09:33.000Z</time>
        <extensions>
          <ns3:TrackPointExtension>
            <ns3:hr>101</ns3:hr>
          </ns3:TrackPointExtension>
        </extensions>
      </trkpt>
      <trkpt lat="36.6743586771190166473388671875" lon="117.29087448678910732269287109375">
        <ele>151.600006103515625</ele>
        <time>2026-08-14T00:09:34.000Z</time>
        <extensions>
          <ns3:TrackPointExtension>
            <ns3:hr>101</ns3:hr>
          </ns3:TrackPointExtension>
        </extensions>
      </trkpt>
      <trkpt lat="36.67434032075107097625732421875" lon="117.290838696062564849853515625">
        <ele>151.600006103515625</ele>
        <time>2026-08-14T00:09:37.000Z</time>
        <extensions>
          <ns3:TrackPointExtension>
            <ns3:hr>101</ns3:hr>
          </ns3:TrackPointExtension>
        </extensions>
      </trkpt>
      <trkpt lat="36.6743352077901363372802734375" lon="117.29081380181014537811279296875">
        <ele>151.600006103515625</ele>
        <time>2026-08-14T00:09:39.000Z</time>
        <extensions>
          <ns3:TrackPointExtension>
            <ns3:hr>102</ns3:hr>
          </ns3:TrackPointExtension>
        </extensions>
      </trkpt>
      <trkpt lat="36.67433495633304119110107421875" lon="117.290770299732685089111328125">
        <ele>151.600006103515625</ele>
        <time>2026-08-14T00:09:42.000Z</time>
        <extensions>
          <ns3:TrackPointExtension>
            <ns3:hr>102</ns3:hr>
          </ns3:TrackPointExtension>
        </extensions>
      </trkpt>
      <trkpt lat="36.67433747090399265289306640625" lon="117.29075982235372066497802734375">
        <ele>151.600006103515625</ele>
        <time>2026-08-14T00:09:43.000Z</time>
        <extensions>
          <ns3:TrackPointExtension>
            <ns3:hr>102</ns3:hr>
          </ns3:TrackPointExtension>
        </extensions>
      </trkpt>
      <trkpt lat="36.6743429191410541534423828125" lon="117.29072160087525844573974609375">
        <ele>151.600006103515625</ele>
        <time>2026-08-14T00:09:46.000Z</time>
        <extensions>
          <ns3:TrackPointExtension>
            <ns3:hr>102</ns3:hr>
          </ns3:TrackPointExtension>
        </extensions>
      </trkpt>
      <trkpt lat="36.67434032075107097625732421875" lon="117.29066510684788227081298828125">
        <ele>151.399993896484375</ele>
        <time>2026-08-14T00:09:51.000Z</time>
        <extensions>
          <ns3:TrackPointExtension>
            <ns3:hr>103</ns3:hr>
          </ns3:TrackPointExtension>
        </extensions>
      </trkpt>
      <trkpt lat="36.67433110065758228302001953125" lon="117.2906558029353618621826171875">
        <ele>151.399993896484375</ele>
        <time>2026-08-14T00:09:52.000Z</time>
        <extensions>
          <ns3:TrackPointExtension>
            <ns3:hr>102</ns3:hr>
          </ns3:TrackPointExtension>
        </extensions>
      </trkpt>
      <trkpt lat="36.6743184439837932586669921875" lon="117.29063250124454498291015625">
        <ele>151.399993896484375</ele>
        <time>2026-08-14T00:09:55.000Z</time>
        <extensions>
          <ns3:TrackPointExtension>
            <ns3:hr>102</ns3:hr>
          </ns3:TrackPointExtension>
        </extensions>
      </trkpt>
      <trkpt lat="36.6742904484272003173828125" lon="117.29062168858945369720458984375">
        <ele>151.399993896484375</ele>
        <time>2026-08-14T00:09:58.000Z</time>
        <extensions>
          <ns3:TrackPointExtension>
            <ns3:hr>102</ns3:hr>
          </ns3:TrackPointExtension>
        </extensions>
      </trkpt>
      <trkpt lat="36.67428365908563137054443359375" lon="117.2906216047704219818115234375">
        <ele>151.399993896484375</ele>
        <time>2026-08-14T00:09:59.000Z</time>
        <extensions>
          <ns3:TrackPointExtension>
            <ns3:hr>102</ns3:hr>
          </ns3:TrackPointExtension>
        </extensions>
      </trkpt>
      <trkpt lat="36.67424392886459827423095703125" lon="117.29063375853002071380615234375">
        <ele>151.600006103515625</ele>
        <time>2026-08-14T00:10:03.000Z</time>
        <extensions>
          <ns3:TrackPointExtension>
            <ns3:hr>102</ns3:hr>
          </ns3:TrackPointExtension>
        </extensions>
      </trkpt>
      <trkpt lat="36.67420604266226291656494140625" lon="117.29065806604921817779541015625">
        <ele>151.600006103515625</ele>
        <time>2026-08-14T00:10:07.000Z</time>
        <extensions>
          <ns3:TrackPointExtension>
            <ns3:hr>104</ns3:hr>
          </ns3:TrackPointExtension>
        </extensions>
      </trkpt>
      <trkpt lat="36.674186177551746368408203125" lon="117.29066024534404277801513671875">
        <ele>151.600006103515625</ele>
        <time>2026-08-14T00:10:09.000Z</time>
        <extensions>
          <ns3:TrackPointExtension>
            <ns3:hr>105</ns3:hr>
          </ns3:TrackPointExtension>
        </extensions>
      </trkpt>
      <trkpt lat="36.67416580952703952789306640625" lon="117.29065454564988613128662109375">
        <ele>151.399993896484375</ele>
        <time>2026-08-14T00:10:11.000Z</time>
        <extensions>
          <ns3:TrackPointExtension>
            <ns3:hr>105</ns3:hr>
          </ns3:TrackPointExtension>
        </extensions>
      </trkpt>
      <trkpt lat="36.67413613758981227874755859375" lon="117.290643565356731414794921875">
        <ele>151.600006103515625</ele>
        <time>2026-08-14T00:10:14.000Z</time>
        <extensions>
          <ns3:TrackPointExtension>
            <ns3:hr>104</ns3:hr>
          </ns3:TrackPointExtension>
        </extensions>
      </trkpt>
      <trkpt lat="36.674106381833553314208984375" lon="117.29064482264220714569091796875">
        <ele>151.600006103515625</ele>
        <time>2026-08-14T00:10:18.000Z</time>
        <extensions>
          <ns3:TrackPointExtension>
            <ns3:hr>104</ns3:hr>
          </ns3:TrackPointExtension>
        </extensions>
      </trkpt>
      <trkpt lat="36.67408165521919727325439453125" lon="117.290656976401805877685546875">
        <ele>151.600006103515625</ele>
        <time>2026-08-14T00:10:21.000Z</time>
        <extensions>
          <ns3:TrackPointExtension>
            <ns3:hr>107</ns3:hr>
          </ns3:TrackPointExtension>
        </extensions>
      </trkpt>
      <trkpt lat="36.67403739877045154571533203125" lon="117.2906893305480480194091796875">
        <ele>151.8000030517578125</ele>
        <time>2026-08-14T00:10:25.000Z</time>
        <extensions>
          <ns3:TrackPointExtension>
            <ns3:hr>106</ns3:hr>
          </ns3:TrackPointExtension>
        </extensions>
      </trkpt>
      <trkpt lat="36.6740066371858119964599609375" lon="117.29070760309696197509765625">
        <ele>152</ele>
        <time>2026-08-14T00:10:28.000Z</time>
        <extensions>
          <ns3:TrackPointExtension>
            <ns3:hr>106</ns3:hr>
          </ns3:TrackPointExtension>
        </extensions>
      </trkpt>
      <trkpt lat="36.67398668825626373291015625" lon="117.2907485067844390869140625">
        <ele>152</ele>
        <time>2026-08-14T00:10:32.000Z</time>
        <extensions>
          <ns3:TrackPointExtension>
            <ns3:hr>109</ns3:hr>
          </ns3:TrackPointExtension>
        </extensions>
      </trkpt>
      <trkpt lat="36.67397989891469478607177734375" lon="117.290756888687610626220703125">
        <ele>151.8000030517578125</ele>
        <time>2026-08-14T00:10:33.000Z</time>
        <extensions>
          <ns3:TrackPointExtension>
            <ns3:hr>109</ns3:hr>
          </ns3:TrackPointExtension>
        </extensions>
      </trkpt>
      <trkpt lat="36.67393840849399566650390625" lon="117.29078060947358608245849609375">
        <ele>152</ele>
        <time>2026-08-14T00:10:37.000Z</time>
        <extensions>
          <ns3:TrackPointExtension>
            <ns3:hr>109</ns3:hr>
          </ns3:TrackPointExtension>
        </extensions>
      </trkpt>
      <trkpt lat="36.67388149537146091461181640625" lon="117.2907708026468753814697265625">
        <ele>152</ele>
        <time>2026-08-14T00:10:42.000Z</time>
        <extensions>
          <ns3:TrackPointExtension>
            <ns3:hr>108</ns3:hr>
          </ns3:TrackPointExtension>
        </extensions>
      </trkpt>
      <trkpt lat="36.67384427972137928009033203125" lon="117.29073350317776203155517578125">
        <ele>151.8000030517578125</ele>
        <time>2026-08-14T00:10:46.000Z</time>
        <extensions>
          <ns3:TrackPointExtension>
            <ns3:hr>105</ns3:hr>
          </ns3:TrackPointExtension>
        </extensions>
      </trkpt>
      <trkpt lat="36.67384042404592037200927734375" lon="117.2907221876084804534912109375">
        <ele>151.8000030517578125</ele>
        <time>2026-08-14T00:10:47.000Z</time>
        <extensions>
          <ns3:TrackPointExtension>
            <ns3:hr>104</ns3:hr>
          </ns3:TrackPointExtension>
        </extensions>
      </trkpt>
      <trkpt lat="36.67381611652672290802001953125" lon="117.29066493920981884002685546875">
        <ele>152</ele>
        <time>2026-08-14T00:10:51.000Z</time>
        <extensions>
          <ns3:TrackPointExtension>
            <ns3:hr>105</ns3:hr>
          </ns3:TrackPointExtension>
        </extensions>
      </trkpt>
      <trkpt lat="36.67380991391837596893310546875" lon="117.29063224978744983673095703125">
        <ele>152</ele>
        <time>2026-08-14T00:10:53.000Z</time>
        <extensions>
          <ns3:TrackPointExtension>
            <ns3:hr>104</ns3:hr>
          </ns3:TrackPointExtension>
        </extensions>
      </trkpt>
      <trkpt lat="36.67380823753774166107177734375" lon="117.29060526005923748016357421875">
        <ele>151.8000030517578125</ele>
        <time>2026-08-14T00:10:55.000Z</time>
        <extensions>
          <ns3:TrackPointExtension>
            <ns3:hr>104</ns3:hr>
          </ns3:TrackPointExtension>
        </extensions>
      </trkpt>
      <trkpt lat="36.673779152333736419677734375" lon="117.29055547155439853668212890625">
        <ele>151.8000030517578125</ele>
        <time>2026-08-14T00:10:59.000Z</time>
        <extensions>
          <ns3:TrackPointExtension>
            <ns3:hr>105</ns3:hr>
          </ns3:TrackPointExtension>
        </extensions>
      </trkpt>
      <trkpt lat="36.67375199496746063232421875" lon="117.29054608382284641265869140625">
        <ele>151.8000030517578125</ele>
        <time>2026-08-14T00:11:02.000Z</time>
        <extensions>
          <ns3:TrackPointExtension>
            <ns3:hr>109</ns3:hr>
          </ns3:TrackPointExtension>
        </extensions>
      </trkpt>
      <trkpt lat="36.67373481206595897674560546875" lon="117.29054725728929042816162109375">
        <ele>152</ele>
        <time>2026-08-14T00:11:04.000Z</time>
        <extensions>
          <ns3:TrackPointExtension>
            <ns3:hr>107</ns3:hr>
          </ns3:TrackPointExtension>
        </extensions>
      </trkpt>
      <trkpt lat="36.6736965067684650421142578125" lon="117.29052982293069362640380859375">
        <ele>151.8000030517578125</ele>
        <time>2026-08-14T00:11:08.000Z</time>
        <extensions>
          <ns3:TrackPointExtension>
            <ns3:hr>104</ns3:hr>
          </ns3:TrackPointExtension>
        </extensions>
      </trkpt>
      <trkpt lat="36.673683933913707733154296875" lon="117.29050777852535247802734375">
        <ele>151.8000030517578125</ele>
        <time>2026-08-14T00:11:10.000Z</time>
        <extensions>
          <ns3:TrackPointExtension>
            <ns3:hr>101</ns3:hr>
          </ns3:TrackPointExtension>
        </extensions>
      </trkpt>
      <trkpt lat="36.67367613874375820159912109375" lon="117.290489673614501953125">
        <ele>151.8000030517578125</ele>
        <time>2026-08-14T00:11:12.000Z</time>
        <extensions>
          <ns3:TrackPointExtension>
            <ns3:hr>101</ns3:hr>
          </ns3:TrackPointExtension>
        </extensions>
      </trkpt>
      <trkpt lat="36.6736760549247264862060546875" lon="117.290463857352733612060546875">
        <ele>151.8000030517578125</ele>
        <time>2026-08-14T00:11:14.000Z</time>
        <extensions>
          <ns3:TrackPointExtension>
            <ns3:hr>100</ns3:hr>
          </ns3:TrackPointExtension>
        </extensions>
      </trkpt>
      <trkpt lat="36.67367295362055301666259765625" lon="117.29042974300682544708251953125">
        <ele>151.600006103515625</ele>
        <time>2026-08-14T00:11:17.000Z</time>
        <extensions>
          <ns3:TrackPointExtension>
            <ns3:hr>100</ns3:hr>
          </ns3:TrackPointExtension>
        </extensions>
      </trkpt>
      <trkpt lat="36.6736499033868312835693359375" lon="117.29037727229297161102294921875">
        <ele>151.600006103515625</ele>
        <time>2026-08-14T00:11:22.000Z</time>
        <extensions>
          <ns3:TrackPointExtension>
            <ns3:hr>99</ns3:hr>
          </ns3:TrackPointExtension>
        </extensions>
      </trkpt>
      <trkpt lat="36.67365015484392642974853515625" lon="117.29037207551300525665283203125">
        <ele>151.600006103515625</ele>
        <time>2026-08-14T00:11:23.000Z</time>
        <extensions>
          <ns3:TrackPointExtension>
            <ns3:hr>102</ns3:hr>
          </ns3:TrackPointExtension>
        </extensions>
      </trkpt>
      <trkpt lat="36.673654429614543914794921875" lon="117.29037576355040073394775390625">
        <ele>151.600006103515625</ele>
        <time>2026-08-14T00:11:27.000Z</time>
        <extensions>
          <ns3:TrackPointExtension>
            <ns3:hr>101</ns3:hr>
          </ns3:TrackPointExtension>
        </extensions>
      </trkpt>
      <trkpt lat="36.67363070882856845855712890625" lon="117.29036620818078517913818359375">
        <ele>151.8000030517578125</ele>
        <time>2026-08-14T00:11:33.000Z</time>
        <extensions>
          <ns3:TrackPointExtension>
            <ns3:hr>103</ns3:hr>
          </ns3:TrackPointExtension>
        </extensions>
      </trkpt>
      <trkpt lat="36.67355510406196117401123046875" lon="117.2903466783463954925537109375">
        <ele>151.600006103515625</ele>
        <time>2026-08-14T00:11:40.000Z</time>
        <extensions>
          <ns3:TrackPointExtension>
            <ns3:hr>95</ns3:hr>
          </ns3:TrackPointExtension>
        </extensions>
      </trkpt>
      <trkpt lat="36.6735499911010265350341796875" lon="117.29033745825290679931640625">
        <ele>151.600006103515625</ele>
        <time>2026-08-14T00:11:41.000Z</time>
        <extensions>
          <ns3:TrackPointExtension>
            <ns3:hr>92</ns3:hr>
          </ns3:TrackPointExtension>
        </extensions>
      </trkpt>
      <trkpt lat="36.67354387231171131134033203125" lon="117.290325053036212921142578125">
        <ele>151.600006103515625</ele>
        <time>2026-08-14T00:11:42.000Z</time>
        <extensions>
          <ns3:TrackPointExtension>
            <ns3:hr>92</ns3:hr>
          </ns3:TrackPointExtension>
        </extensions>
      </trkpt>
      <trkpt lat="36.6735315509140491485595703125" lon="117.29029462672770023345947265625">
        <ele>151.600006103515625</ele>
        <time>2026-08-14T00:11:44.000Z</time>
        <extensions>
          <ns3:TrackPointExtension>
            <ns3:hr>92</ns3:hr>
          </ns3:TrackPointExtension>
        </extensions>
      </trkpt>
      <trkpt lat="36.67352627031505107879638671875" lon="117.29027065448462963104248046875">
        <ele>151.600006103515625</ele>
        <time>2026-08-14T00:11:46.000Z</time>
        <extensions>
          <ns3:TrackPointExtension>
            <ns3:hr>92</ns3:hr>
          </ns3:TrackPointExtension>
        </extensions>
      </trkpt>
      <trkpt lat="36.6735261864960193634033203125" lon="117.29018549434840679168701171875">
        <ele>151.600006103515625</ele>
        <time>2026-08-14T00:11:52.000Z</time>
        <extensions>
          <ns3:TrackPointExtension>
            <ns3:hr>92</ns3:hr>
          </ns3:TrackPointExtension>
        </extensions>
      </trkpt>
      <trkpt lat="36.67350389063358306884765625" lon="117.290140651166439056396484375">
        <ele>151.600006103515625</ele>
        <time>2026-08-14T00:11:56.000Z</time>
        <extensions>
          <ns3:TrackPointExtension>
            <ns3:hr>94</ns3:hr>
          </ns3:TrackPointExtension>
        </extensions>
      </trkpt>
      <trkpt lat="36.6734960116446018218994140625" lon="117.2901364602148532867431640625">
        <ele>151.600006103515625</ele>
        <time>2026-08-14T00:11:57.000Z</time>
        <extensions>
          <ns3:TrackPointExtension>
            <ns3:hr>94</ns3:hr>
          </ns3:TrackPointExtension>
        </extensions>
      </trkpt>
      <trkpt lat="36.6734668426215648651123046875" lon="117.2901369631290435791015625">
        <ele>151.399993896484375</ele>
        <time>2026-08-14T00:12:00.000Z</time>
        <extensions>
          <ns3:TrackPointExtension>
            <ns3:hr>98</ns3:hr>
          </ns3:TrackPointExtension>
        </extensions>
      </trkpt>
      <trkpt lat="36.67342803440988063812255859375" lon="117.29016311466693878173828125">
        <ele>151.600006103515625</ele>
        <time>2026-08-14T00:12:04.000Z</time>
        <extensions>
          <ns3:TrackPointExtension>
            <ns3:hr>100</ns3:hr>
          </ns3:TrackPointExtension>
        </extensions>
      </trkpt>
      <trkpt lat="36.67340037412941455841064453125" lon="117.29021617211401462554931640625">
        <ele>151.600006103515625</ele>
        <time>2026-08-14T00:12:09.000Z</time>
        <extensions>
          <ns3:TrackPointExtension>
            <ns3:hr>100</ns3:hr>
          </ns3:TrackPointExtension>
        </extensions>
      </trkpt>
      <trkpt lat="36.67339928448200225830078125" lon="117.29025539942085742950439453125">
        <ele>151.600006103515625</ele>
        <time>2026-08-14T00:12:12.000Z</time>
        <extensions>
          <ns3:TrackPointExtension>
            <ns3:hr>100</ns3:hr>
          </ns3:TrackPointExtension>
        </extensions>
      </trkpt>
      <trkpt lat="36.67339936830103397369384765625" lon="117.29027836583554744720458984375">
        <ele>151.399993896484375</ele>
        <time>2026-08-14T00:12:14.000Z</time>
        <extensions>
          <ns3:TrackPointExtension>
            <ns3:hr>100</ns3:hr>
          </ns3:TrackPointExtension>
        </extensions>
      </trkpt>
      <trkpt lat="36.67339215986430644989013671875" lon="117.290341146290302276611328125">
        <ele>151.600006103515625</ele>
        <time>2026-08-14T00:12:18.000Z</time>
        <extensions>
          <ns3:TrackPointExtension>
            <ns3:hr>101</ns3:hr>
          </ns3:TrackPointExtension>
        </extensions>
      </trkpt>
      <trkpt lat="36.67337757535278797149658203125" lon="117.290367297828197479248046875">
        <ele>151.600006103515625</ele>
        <time>2026-08-14T00:12:20.000Z</time>
        <extensions>
          <ns3:TrackPointExtension>
            <ns3:hr>103</ns3:hr>
          </ns3:TrackPointExtension>
        </extensions>
      </trkpt>
      <trkpt lat="36.673369109630584716796875" lon="117.29038062505424022674560546875">
        <ele>151.600006103515625</ele>
        <time>2026-08-14T00:12:22.000Z</time>
        <extensions>
          <ns3:TrackPointExtension>
            <ns3:hr>105</ns3:hr>
          </ns3:TrackPointExtension>
        </extensions>
      </trkpt>
      <trkpt lat="36.6733508370816707611083984375" lon="117.29043443687260150909423828125">
        <ele>151.399993896484375</ele>
        <time>2026-08-14T00:12:30.000Z</time>
        <extensions>
          <ns3:TrackPointExtension>
            <ns3:hr>104</ns3:hr>
          </ns3:TrackPointExtension>
        </extensions>
      </trkpt>
      <trkpt lat="36.67336466722190380096435546875" lon="117.29051289148628711700439453125">
        <ele>151.600006103515625</ele>
        <time>2026-08-14T00:12:35.000Z</time>
        <extensions>
          <ns3:TrackPointExtension>
            <ns3:hr>104</ns3:hr>
          </ns3:TrackPointExtension>
        </extensions>
      </trkpt>
      <trkpt lat="36.67340355925261974334716796875" lon="117.29057458229362964630126953125">
        <ele>151.600006103515625</ele>
        <time>2026-08-14T00:12:40.000Z</time>
        <extensions>
          <ns3:TrackPointExtension>
            <ns3:hr>105</ns3:hr>
          </ns3:TrackPointExtension>
        </extensions>
      </trkpt>
      <trkpt lat="36.67344412766396999359130859375" lon="117.290598638355731964111328125">
        <ele>151.8000030517578125</ele>
        <time>2026-08-14T00:12:45.000Z</time>
        <extensions>
          <ns3:TrackPointExtension>
            <ns3:hr>106</ns3:hr>
          </ns3:TrackPointExtension>
        </extensions>
      </trkpt>
      <trkpt lat="36.67347706854343414306640625" lon="117.29062713682651519775390625">
        <ele>151.8000030517578125</ele>
        <time>2026-08-14T00:12:48.000Z</time>
        <extensions>
          <ns3:TrackPointExtension>
            <ns3:hr>106</ns3:hr>
          </ns3:TrackPointExtension>
        </extensions>
      </trkpt>
      <trkpt lat="36.67348511517047882080078125" lon="117.29063660837709903717041015625">
        <ele>151.8000030517578125</ele>
        <time>2026-08-14T00:12:49.000Z</time>
        <extensions>
          <ns3:TrackPointExtension>
            <ns3:hr>106</ns3:hr>
          </ns3:TrackPointExtension>
        </extensions>
      </trkpt>
      <trkpt lat="36.673516295850276947021484375" lon="117.290707938373088836669921875">
        <ele>151.8000030517578125</ele>
        <time>2026-08-14T00:12:54.000Z</time>
        <extensions>
          <ns3:TrackPointExtension>
            <ns3:hr>108</ns3:hr>
          </ns3:TrackPointExtension>
        </extensions>
      </trkpt>
      <trkpt lat="36.67352207936346530914306640625" lon="117.29074381291866302490234375">
        <ele>152</ele>
        <time>2026-08-14T00:12:56.000Z</time>
        <extensions>
          <ns3:TrackPointExtension>
            <ns3:hr>107</ns3:hr>
          </ns3:TrackPointExtension>
        </extensions>
      </trkpt>
      <trkpt lat="36.67352400720119476318359375" lon="117.29077122174203395843505859375">
        <ele>152</ele>
        <time>2026-08-14T00:12:58.000Z</time>
        <extensions>
          <ns3:TrackPointExtension>
            <ns3:hr>106</ns3:hr>
          </ns3:TrackPointExtension>
        </extensions>
      </trkpt>
      <trkpt lat="36.67352627031505107879638671875" lon="117.29078404605388641357421875">
        <ele>152</ele>
        <time>2026-08-14T00:12:59.000Z</time>
        <extensions>
          <ns3:TrackPointExtension>
            <ns3:hr>105</ns3:hr>
          </ns3:TrackPointExtension>
        </extensions>
      </trkpt>
      <trkpt lat="36.6735499911010265350341796875" lon="117.29080374352633953094482421875">
        <ele>152.1999969482421875</ele>
        <time>2026-08-14T00:13:02.000Z</time>
        <extensions>
          <ns3:TrackPointExtension>
            <ns3:hr>103</ns3:hr>
          </ns3:TrackPointExtension>
        </extensions>
      </trkpt>
      <trkpt lat="36.67357957921922206878662109375" lon="117.29082771576941013336181640625">
        <ele>152</ele>
        <time>2026-08-14T00:13:05.000Z</time>
        <extensions>
          <ns3:TrackPointExtension>
            <ns3:hr>101</ns3:hr>
          </ns3:TrackPointExtension>
        </extensions>
      </trkpt>
      <trkpt lat="36.6736006177961826324462890625" lon="117.2908485867083072662353515625">
        <ele>152</ele>
        <time>2026-08-14T00:13:08.000Z</time>
        <extensions>
          <ns3:TrackPointExtension>
            <ns3:hr>102</ns3:hr>
          </ns3:TrackPointExtension>
        </extensions>
      </trkpt>
      <trkpt lat="36.67364261113107204437255859375" lon="117.2908774204552173614501953125">
        <ele>152</ele>
        <time>2026-08-14T00:13:12.000Z</time>
        <extensions>
          <ns3:TrackPointExtension>
            <ns3:hr>103</ns3:hr>
          </ns3:TrackPointExtension>
        </extensions>
      </trkpt>
      <trkpt lat="36.673651076853275299072265625" lon="117.29089259169995784759521484375">
        <ele>152</ele>
        <time>2026-08-14T00:13:13.000Z</time>
        <extensions>
          <ns3:TrackPointExtension>
            <ns3:hr>103</ns3:hr>
          </ns3:TrackPointExtension>
        </extensions>
      </trkpt>
      <trkpt lat="36.6736720316112041473388671875" lon="117.2909441404044628143310546875">
        <ele>152</ele>
        <time>2026-08-14T00:13:17.000Z</time>
        <extensions>
          <ns3:TrackPointExtension>
            <ns3:hr>103</ns3:hr>
          </ns3:TrackPointExtension>
        </extensions>
      </trkpt>
      <trkpt lat="36.6736784018576145172119140625" lon="117.2910081781446933746337890625">
        <ele>152</ele>
        <time>2026-08-14T00:13:21.000Z</time>
        <extensions>
          <ns3:TrackPointExtension>
            <ns3:hr>104</ns3:hr>
          </ns3:TrackPointExtension>
        </extensions>
      </trkpt>
      <trkpt lat="36.673679910600185394287109375" lon="117.29103843681514263153076171875">
        <ele>152.1999969482421875</ele>
        <time>2026-08-14T00:13:23.000Z</time>
        <extensions>
          <ns3:TrackPointExtension>
            <ns3:hr>105</ns3:hr>
          </ns3:TrackPointExtension>
        </extensions>
      </trkpt>
      <trkpt lat="36.67367823421955108642578125" lon="117.29106509126722812652587890625">
        <ele>152</ele>
        <time>2026-08-14T00:13:25.000Z</time>
        <extensions>
          <ns3:TrackPointExtension>
            <ns3:hr>105</ns3:hr>
          </ns3:TrackPointExtension>
        </extensions>
      </trkpt>
      <trkpt lat="36.673681251704692840576171875" lon="117.2911007143557071685791015625">
        <ele>152</ele>
        <time>2026-08-14T00:13:28.000Z</time>
        <extensions>
          <ns3:TrackPointExtension>
            <ns3:hr>108</ns3:hr>
          </ns3:TrackPointExtension>
        </extensions>
      </trkpt>
      <trkpt lat="36.67368904687464237213134765625" lon="117.29111957363784313201904296875">
        <ele>151.8000030517578125</ele>
        <time>2026-08-14T00:13:30.000Z</time>
        <extensions>
          <ns3:TrackPointExtension>
            <ns3:hr>109</ns3:hr>
          </ns3:TrackPointExtension>
        </extensions>
      </trkpt>
      <trkpt lat="36.6737176291644573211669921875" lon="117.2911362536251544952392578125">
        <ele>151.8000030517578125</ele>
        <time>2026-08-14T00:13:34.000Z</time>
        <extensions>
          <ns3:TrackPointExtension>
            <ns3:hr>112</ns3:hr>
          </ns3:TrackPointExtension>
        </extensions>
      </trkpt>
      <trkpt lat="36.673779152333736419677734375" lon="117.2911449708044528961181640625">
        <ele>151.8000030517578125</ele>
        <time>2026-08-14T00:13:40.000Z</time>
        <extensions>
          <ns3:TrackPointExtension>
            <ns3:hr>112</ns3:hr>
          </ns3:TrackPointExtension>
        </extensions>
      </trkpt>
      <trkpt lat="36.67381511069834232330322265625" lon="117.29113784618675708770751953125">
        <ele>151.8000030517578125</ele>
        <time>2026-08-14T00:13:44.000Z</time>
        <extensions>
          <ns3:TrackPointExtension>
            <ns3:hr>110</ns3:hr>
          </ns3:TrackPointExtension>
        </extensions>
      </trkpt>
      <trkpt lat="36.6738559305667877197265625" lon="117.29113407433032989501953125">
        <ele>151.8000030517578125</ele>
        <time>2026-08-14T00:13:48.000Z</time>
        <extensions>
          <ns3:TrackPointExtension>
            <ns3:hr>109</ns3:hr>
          </ns3:TrackPointExtension>
        </extensions>
      </trkpt>
      <trkpt lat="36.673875041306018829345703125" lon="117.291152179241180419921875">
        <ele>151.600006103515625</ele>
        <time>2026-08-14T00:13:50.000Z</time>
        <extensions>
          <ns3:TrackPointExtension>
            <ns3:hr>107</ns3:hr>
          </ns3:TrackPointExtension>
        </extensions>
      </trkpt>
      <trkpt lat="36.6738845966756343841552734375" lon="117.291161902248859405517578125">
        <ele>151.600006103515625</ele>
        <time>2026-08-14T00:13:52.000Z</time>
        <extensions>
          <ns3:TrackPointExtension>
            <ns3:hr>107</ns3:hr>
          </ns3:TrackPointExtension>
        </extensions>
      </trkpt>
      <trkpt lat="36.673891134560108184814453125" lon="117.29116760194301605224609375">
        <ele>151.600006103515625</ele>
        <time>2026-08-14T00:13:53.000Z</time>
        <extensions>
          <ns3:TrackPointExtension>
            <ns3:hr>106</ns3:hr>
          </ns3:TrackPointExtension>
        </extensions>
      </trkpt>
      <trkpt lat="36.67390144430100917816162109375" lon="117.29118168354034423828125">
        <ele>151.8000030517578125</ele>
        <time>2026-08-14T00:13:55.000Z</time>
        <extensions>
          <ns3:TrackPointExtension>
            <ns3:hr>104</ns3:hr>
          </ns3:TrackPointExtension>
        </extensions>
      </trkpt>
      <trkpt lat="36.67391720227897167205810546875" lon="117.29122300632297992706298828125">
        <ele>151.8000030517578125</ele>
        <time>2026-08-14T00:13:58.000Z</time>
        <extensions>
          <ns3:TrackPointExtension>
            <ns3:hr>103</ns3:hr>
          </ns3:TrackPointExtension>
        </extensions>
      </trkpt>
      <trkpt lat="36.6739187948405742645263671875" lon="117.29128788225352764129638671875">
        <ele>152.1999969482421875</ele>
        <time>2026-08-14T00:14:03.000Z</time>
        <extensions>
          <ns3:TrackPointExtension>
            <ns3:hr>103</ns3:hr>
          </ns3:TrackPointExtension>
        </extensions>
      </trkpt>
      <trkpt lat="36.6739164479076862335205078125" lon="117.29133524000644683837890625">
        <ele>152.8000030517578125</ele>
        <time>2026-08-14T00:14:07.000Z</time>
        <extensions>
          <ns3:TrackPointExtension>
            <ns3:hr>103</ns3:hr>
          </ns3:TrackPointExtension>
        </extensions>
      </trkpt>
      <trkpt lat="36.67391452006995677947998046875" lon="117.29134873487055301666259765625">
        <ele>153</ele>
        <time>2026-08-14T00:14:08.000Z</time>
        <extensions>
          <ns3:TrackPointExtension>
            <ns3:hr>102</ns3:hr>
          </ns3:TrackPointExtension>
        </extensions>
      </trkpt>
      <trkpt lat="36.6739053837954998016357421875" lon="117.29140975512564182281494140625">
        <ele>153.8000030517578125</ele>
        <time>2026-08-14T00:14:12.000Z</time>
        <extensions>
          <ns3:TrackPointExtension>
            <ns3:hr>102</ns3:hr>
          </ns3:TrackPointExtension>
        </extensions>
      </trkpt>
      <trkpt lat="36.673903204500675201416015625" lon="117.291422076523303985595703125">
        <ele>154</ele>
        <time>2026-08-14T00:14:13.000Z</time>
        <extensions>
          <ns3:TrackPointExtension>
            <ns3:hr>102</ns3:hr>
          </ns3:TrackPointExtension>
        </extensions>
      </trkpt>
      <trkpt lat="36.6738975048065185546875" lon="117.29145250283181667327880859375">
        <ele>154.399993896484375</ele>
        <time>2026-08-14T00:14:15.000Z</time>
        <extensions>
          <ns3:TrackPointExtension>
            <ns3:hr>105</ns3:hr>
          </ns3:TrackPointExtension>
        </extensions>
      </trkpt>
      <trkpt lat="36.67389842681586742401123046875" lon="117.2914619743824005126953125">
        <ele>154.8000030517578125</ele>
        <time>2026-08-14T00:14:16.000Z</time>
        <extensions>
          <ns3:TrackPointExtension>
            <ns3:hr>110</ns3:hr>
          </ns3:TrackPointExtension>
        </extensions>
      </trkpt>
      <trkpt lat="36.67389415204524993896484375" lon="117.29147345758974552154541015625">
        <ele>154.8000030517578125</ele>
        <time>2026-08-14T00:14:17.000Z</time>
        <extensions>
          <ns3:TrackPointExtension>
            <ns3:hr>113</ns3:hr>
          </ns3:TrackPointExtension>
        </extensions>
      </trkpt>
      <trkpt lat="36.67389373295009136199951171875" lon="117.29149441234767436981201171875">
        <ele>155.1999969482421875</ele>
        <time>2026-08-14T00:14:19.000Z</time>
        <extensions>
          <ns3:TrackPointExtension>
            <ns3:hr>114</ns3:hr>
          </ns3:TrackPointExtension>
        </extensions>
      </trkpt>
      <trkpt lat="36.6738881170749664306640625" lon="117.29153514839708805084228515625">
        <ele>155.1999969482421875</ele>
        <time>2026-08-14T00:14:22.000Z</time>
        <extensions>
          <ns3:TrackPointExtension>
            <ns3:hr>113</ns3:hr>
          </ns3:TrackPointExtension>
        </extensions>
      </trkpt>
      <trkpt lat="36.67387596331536769866943359375" lon="117.29158736765384674072265625">
        <ele>155.399993896484375</ele>
        <time>2026-08-14T00:14:26.000Z</time>
        <extensions>
          <ns3:TrackPointExtension>
            <ns3:hr>113</ns3:hr>
          </ns3:TrackPointExtension>
        </extensions>
      </trkpt>
      <trkpt lat="36.67387629859149456024169921875" lon="117.2915969230234622955322265625">
        <ele>155.1999969482421875</ele>
        <time>2026-08-14T00:14:27.000Z</time>
        <extensions>
          <ns3:TrackPointExtension>
            <ns3:hr>114</ns3:hr>
          </ns3:TrackPointExtension>
        </extensions>
      </trkpt>
      <trkpt lat="36.67387361638247966766357421875" lon="117.29160941205918788909912109375">
        <ele>154.8000030517578125</ele>
        <time>2026-08-14T00:14:29.000Z</time>
        <extensions>
          <ns3:TrackPointExtension>
            <ns3:hr>117</ns3:hr>
          </ns3:TrackPointExtension>
        </extensions>
      </trkpt>
      <trkpt lat="36.6738720238208770751953125" lon="117.29162718169391155242919921875">
        <ele>154.399993896484375</ele>
        <time>2026-08-14T00:14:31.000Z</time>
        <extensions>
          <ns3:TrackPointExtension>
            <ns3:hr>119</ns3:hr>
          </ns3:TrackPointExtension>
        </extensions>
      </trkpt>
      <trkpt lat="36.6738651506602764129638671875" lon="117.29166121222078800201416015625">
        <ele>154</ele>
        <time>2026-08-14T00:14:35.000Z</time>
        <extensions>
          <ns3:TrackPointExtension>
            <ns3:hr>118</ns3:hr>
          </ns3:TrackPointExtension>
        </extensions>
      </trkpt>
      <trkpt lat="36.67386406101286411285400390625" lon="117.29166992940008640289306640625">
        <ele>153.8000030517578125</ele>
        <time>2026-08-14T00:14:36.000Z</time>
        <extensions>
          <ns3:TrackPointExtension>
            <ns3:hr>118</ns3:hr>
          </ns3:TrackPointExtension>
        </extensions>
      </trkpt>
      <trkpt lat="36.6738574393093585968017578125" lon="117.291695661842823028564453125">
        <ele>153.399993896484375</ele>
        <time>2026-08-14T00:14:39.000Z</time>
        <extensions>
          <ns3:TrackPointExtension>
            <ns3:hr>115</ns3:hr>
          </ns3:TrackPointExtension>
        </extensions>
      </trkpt>
      <trkpt lat="36.673856936395168304443359375" lon="117.29172742925584316253662109375">
        <ele>153</ele>
        <time>2026-08-14T00:14:42.000Z</time>
        <extensions>
          <ns3:TrackPointExtension>
            <ns3:hr>115</ns3:hr>
          </ns3:TrackPointExtension>
        </extensions>
      </trkpt>
      <trkpt lat="36.67385526001453399658203125" lon="117.291735894978046417236328125">
        <ele>152.8000030517578125</ele>
        <time>2026-08-14T00:14:43.000Z</time>
        <extensions>
          <ns3:TrackPointExtension>
            <ns3:hr>116</ns3:hr>
          </ns3:TrackPointExtension>
        </extensions>
      </trkpt>
      <trkpt lat="36.67384813539683818817138671875" lon="117.2917675785720348358154296875">
        <ele>152.600006103515625</ele>
        <time>2026-08-14T00:14:45.000Z</time>
        <extensions>
          <ns3:TrackPointExtension>
            <ns3:hr>116</ns3:hr>
          </ns3:TrackPointExtension>
        </extensions>
      </trkpt>
      <trkpt lat="36.67383003048598766326904296875" lon="117.29179616086184978485107421875">
        <ele>152.399993896484375</ele>
        <time>2026-08-14T00:14:47.000Z</time>
        <extensions>
          <ns3:TrackPointExtension>
            <ns3:hr>117</ns3:hr>
          </ns3:TrackPointExtension>
        </extensions>
      </trkpt>
      <trkpt lat="36.6737856902182102203369140625" lon="117.29178962297737598419189453125">
        <ele>152.399993896484375</ele>
        <time>2026-08-14T00:14:50.000Z</time>
        <extensions>
          <ns3:TrackPointExtension>
            <ns3:hr>116</ns3:hr>
          </ns3:TrackPointExtension>
        </extensions>
      </trkpt>
      <trkpt lat="36.6737736202776432037353515625" lon="117.2917860187590122222900390625">
        <ele>152.399993896484375</ele>
        <time>2026-08-14T00:14:51.000Z</time>
        <extensions>
          <ns3:TrackPointExtension>
            <ns3:hr>116</ns3:hr>
          </ns3:TrackPointExtension>
        </extensions>
      </trkpt>
      <trkpt lat="36.67368904687464237213134765625" lon="117.291780151426792144775390625">
        <ele>152.1999969482421875</ele>
        <time>2026-08-14T00:14:56.000Z</time>
        <extensions>
          <ns3:TrackPointExtension>
            <ns3:hr>115</ns3:hr>
          </ns3:TrackPointExtension>
        </extensions>
      </trkpt>
      <trkpt lat="36.67361528612673282623291015625" lon="117.29180538095533847808837890625">
        <ele>152</ele>
        <time>2026-08-14T00:15:02.000Z</time>
        <extensions>
          <ns3:TrackPointExtension>
            <ns3:hr>114</ns3:hr>
          </ns3:TrackPointExtension>
        </extensions>
      </trkpt>
      <trkpt lat="36.6735915653407573699951171875" lon="117.29182013310492038726806640625">
        <ele>152</ele>
        <time>2026-08-14T00:15:04.000Z</time>
        <extensions>
          <ns3:TrackPointExtension>
            <ns3:hr>111</ns3:hr>
          </ns3:TrackPointExtension>
        </extensions>
      </trkpt>
      <trkpt lat="36.67356180958449840545654296875" lon="117.29184561409056186676025390625">
        <ele>152</ele>
        <time>2026-08-14T00:15:07.000Z</time>
        <extensions>
          <ns3:TrackPointExtension>
            <ns3:hr>110</ns3:hr>
          </ns3:TrackPointExtension>
        </extensions>
      </trkpt>
      <trkpt lat="36.673546135425567626953125" lon="117.29185584001243114471435546875">
        <ele>151.8000030517578125</ele>
        <time>2026-08-14T00:15:08.000Z</time>
        <extensions>
          <ns3:TrackPointExtension>
            <ns3:hr>110</ns3:hr>
          </ns3:TrackPointExtension>
        </extensions>
      </trkpt>
      <trkpt lat="36.67350430972874164581298828125" lon="117.29188232682645320892333984375">
        <ele>151.8000030517578125</ele>
        <time>2026-08-14T00:15:12.000Z</time>
        <extensions>
          <ns3:TrackPointExtension>
            <ns3:hr>109</ns3:hr>
          </ns3:TrackPointExtension>
        </extensions>
      </trkpt>
      <trkpt lat="36.67344865389168262481689453125" lon="117.29191434569656848907470703125">
        <ele>151.8000030517578125</ele>
        <time>2026-08-14T00:15:17.000Z</time>
        <extensions>
          <ns3:TrackPointExtension>
            <ns3:hr>106</ns3:hr>
          </ns3:TrackPointExtension>
        </extensions>
      </trkpt>
      <trkpt lat="36.673391573131084442138671875" lon="117.2919238172471523284912109375">
        <ele>151.8000030517578125</ele>
        <time>2026-08-14T00:15:22.000Z</time>
        <extensions>
          <ns3:TrackPointExtension>
            <ns3:hr>105</ns3:hr>
          </ns3:TrackPointExtension>
        </extensions>
      </trkpt>
      <trkpt lat="36.67336307466030120849609375" lon="117.29193714447319507598876953125">
        <ele>151.8000030517578125</ele>
        <time>2026-08-14T00:15:24.000Z</time>
        <extensions>
          <ns3:TrackPointExtension>
            <ns3:hr>105</ns3:hr>
          </ns3:TrackPointExtension>
        </extensions>
      </trkpt>
      <trkpt lat="36.67331990785896778106689453125" lon="117.29193664155900478363037109375">
        <ele>152</ele>
        <time>2026-08-14T00:15:27.000Z</time>
        <extensions>
          <ns3:TrackPointExtension>
            <ns3:hr>106</ns3:hr>
          </ns3:TrackPointExtension>
        </extensions>
      </trkpt>
      <trkpt lat="36.6732636652886867523193359375" lon="117.29194100014865398406982421875">
        <ele>151.8000030517578125</ele>
        <time>2026-08-14T00:15:32.000Z</time>
        <extensions>
          <ns3:TrackPointExtension>
            <ns3:hr>105</ns3:hr>
          </ns3:TrackPointExtension>
        </extensions>
      </trkpt>
      <trkpt lat="36.6732294671237468719482421875" lon="117.29192591272294521331787109375">
        <ele>151.8000030517578125</ele>
        <time>2026-08-14T00:15:35.000Z</time>
        <extensions>
          <ns3:TrackPointExtension>
            <ns3:hr>106</ns3:hr>
          </ns3:TrackPointExtension>
        </extensions>
      </trkpt>
      <trkpt lat="36.6732116974890232086181640625" lon="117.29191753081977367401123046875">
        <ele>151.600006103515625</ele>
        <time>2026-08-14T00:15:37.000Z</time>
        <extensions>
          <ns3:TrackPointExtension>
            <ns3:hr>105</ns3:hr>
          </ns3:TrackPointExtension>
        </extensions>
      </trkpt>
      <trkpt lat="36.67315545491874217987060546875" lon="117.29189942590892314910888671875">
        <ele>151.8000030517578125</ele>
        <time>2026-08-14T00:15:42.000Z</time>
        <extensions>
          <ns3:TrackPointExtension>
            <ns3:hr>105</ns3:hr>
          </ns3:TrackPointExtension>
        </extensions>
      </trkpt>
      <trkpt lat="36.6730983741581439971923828125" lon="117.29187310673296451568603515625">
        <ele>151.8000030517578125</ele>
        <time>2026-08-14T00:15:47.000Z</time>
        <extensions>
          <ns3:TrackPointExtension>
            <ns3:hr>106</ns3:hr>
          </ns3:TrackPointExtension>
        </extensions>
      </trkpt>
      <trkpt lat="36.673087142407894134521484375" lon="117.29186891578137874603271484375">
        <ele>151.8000030517578125</ele>
        <time>2026-08-14T00:15:48.000Z</time>
        <extensions>
          <ns3:TrackPointExtension>
            <ns3:hr>106</ns3:hr>
          </ns3:TrackPointExtension>
        </extensions>
      </trkpt>
      <trkpt lat="36.67302637360990047454833984375" lon="117.29183807037770748138427734375">
        <ele>151.8000030517578125</ele>
        <time>2026-08-14T00:15:53.000Z</time>
        <extensions>
          <ns3:TrackPointExtension>
            <ns3:hr>103</ns3:hr>
          </ns3:TrackPointExtension>
        </extensions>
      </trkpt>
      <trkpt lat="36.673012711107730865478515625" lon="117.29183170013129711151123046875">
        <ele>151.8000030517578125</ele>
        <time>2026-08-14T00:15:54.000Z</time>
        <extensions>
          <ns3:TrackPointExtension>
            <ns3:hr>103</ns3:hr>
          </ns3:TrackPointExtension>
        </extensions>
      </trkpt>
      <trkpt lat="36.6729562170803546905517578125" lon="117.29179792106151580810546875">
        <ele>151.8000030517578125</ele>
        <time>2026-08-14T00:15:59.000Z</time>
        <extensions>
          <ns3:TrackPointExtension>
            <ns3:hr>103</ns3:hr>
          </ns3:TrackPointExtension>
        </extensions>
      </trkpt>
      <trkpt lat="36.6729263775050640106201171875" lon="117.2917756251990795135498046875">
        <ele>151.8000030517578125</ele>
        <time>2026-08-14T00:16:02.000Z</time>
        <extensions>
          <ns3:TrackPointExtension>
            <ns3:hr>107</ns3:hr>
          </ns3:TrackPointExtension>
        </extensions>
      </trkpt>
      <trkpt lat="36.672906763851642608642578125" lon="117.2917605377733707427978515625">
        <ele>151.8000030517578125</ele>
        <time>2026-08-14T00:16:04.000Z</time>
        <extensions>
          <ns3:TrackPointExtension>
            <ns3:hr>107</ns3:hr>
          </ns3:TrackPointExtension>
        </extensions>
      </trkpt>
      <trkpt lat="36.672870554029941558837890625" lon="117.291715778410434722900390625">
        <ele>151.8000030517578125</ele>
        <time>2026-08-14T00:16:08.000Z</time>
        <extensions>
          <ns3:TrackPointExtension>
            <ns3:hr>108</ns3:hr>
          </ns3:TrackPointExtension>
        </extensions>
      </trkpt>
      <trkpt lat="36.6728519462049007415771484375" lon="117.291694320738315582275390625">
        <ele>151.8000030517578125</ele>
        <time>2026-08-14T00:16:10.000Z</time>
        <extensions>
          <ns3:TrackPointExtension>
            <ns3:hr>108</ns3:hr>
          </ns3:TrackPointExtension>
        </extensions>
      </trkpt>
      <trkpt lat="36.67280576191842555999755859375" lon="117.29164277203381061553955078125">
        <ele>151.8000030517578125</ele>
        <time>2026-08-14T00:16:15.000Z</time>
        <extensions>
          <ns3:TrackPointExtension>
            <ns3:hr>108</ns3:hr>
          </ns3:TrackPointExtension>
        </extensions>
      </trkpt>
      <trkpt lat="36.6727845557034015655517578125" lon="117.29159616865217685699462890625">
        <ele>151.8000030517578125</ele>
        <time>2026-08-14T00:16:19.000Z</time>
        <extensions>
          <ns3:TrackPointExtension>
            <ns3:hr>105</ns3:hr>
          </ns3:TrackPointExtension>
        </extensions>
      </trkpt>
      <trkpt lat="36.6727721504867076873779296875" lon="117.29156666435301303863525390625">
        <ele>151.8000030517578125</ele>
        <time>2026-08-14T00:16:21.000Z</time>
        <extensions>
          <ns3:TrackPointExtension>
            <ns3:hr>105</ns3:hr>
          </ns3:TrackPointExtension>
        </extensions>
      </trkpt>
      <trkpt lat="36.6727580688893795013427734375" lon="117.29152693413197994232177734375">
        <ele>151.8000030517578125</ele>
        <time>2026-08-14T00:16:24.000Z</time>
        <extensions>
          <ns3:TrackPointExtension>
            <ns3:hr>111</ns3:hr>
          </ns3:TrackPointExtension>
        </extensions>
      </trkpt>
      <trkpt lat="36.6727510280907154083251953125" lon="117.2914946638047695159912109375">
        <ele>151.8000030517578125</ele>
        <time>2026-08-14T00:16:26.000Z</time>
        <extensions>
          <ns3:TrackPointExtension>
            <ns3:hr>112</ns3:hr>
          </ns3:TrackPointExtension>
        </extensions>
      </trkpt>
      <trkpt lat="36.67274658568203449249267578125" lon="117.29145199991762638092041015625">
        <ele>151.8000030517578125</ele>
        <time>2026-08-14T00:16:28.000Z</time>
        <extensions>
          <ns3:TrackPointExtension>
            <ns3:hr>111</ns3:hr>
          </ns3:TrackPointExtension>
        </extensions>
      </trkpt>
      <trkpt lat="36.67274557985365390777587890625" lon="117.291389890015125274658203125">
        <ele>151.8000030517578125</ele>
        <time>2026-08-14T00:16:32.000Z</time>
        <extensions>
          <ns3:TrackPointExtension>
            <ns3:hr>111</ns3:hr>
          </ns3:TrackPointExtension>
        </extensions>
      </trkpt>
      <trkpt lat="36.67273275554180145263671875" lon="117.291334569454193115234375">
        <ele>152</ele>
        <time>2026-08-14T00:16:36.000Z</time>
        <extensions>
          <ns3:TrackPointExtension>
            <ns3:hr>112</ns3:hr>
          </ns3:TrackPointExtension>
        </extensions>
      </trkpt>
      <trkpt lat="36.672726385295391082763671875" lon="117.29127665050327777862548828125">
        <ele>152</ele>
        <time>2026-08-14T00:16:40.000Z</time>
        <extensions>
          <ns3:TrackPointExtension>
            <ns3:hr>109</ns3:hr>
          </ns3:TrackPointExtension>
        </extensions>
      </trkpt>
      <trkpt lat="36.67272244580090045928955078125" lon="117.29122451506555080413818359375">
        <ele>152</ele>
        <time>2026-08-14T00:16:43.000Z</time>
        <extensions>
          <ns3:TrackPointExtension>
            <ns3:hr>108</ns3:hr>
          </ns3:TrackPointExtension>
        </extensions>
      </trkpt>
      <trkpt lat="36.67272311635315418243408203125" lon="117.29118746705353260040283203125">
        <ele>152</ele>
        <time>2026-08-14T00:16:45.000Z</time>
        <extensions>
          <ns3:TrackPointExtension>
            <ns3:hr>108</ns3:hr>
          </ns3:TrackPointExtension>
        </extensions>
      </trkpt>
      <trkpt lat="36.672725714743137359619140625" lon="117.29109191335737705230712890625">
        <ele>152</ele>
        <time>2026-08-14T00:16:51.000Z</time>
        <extensions>
          <ns3:TrackPointExtension>
            <ns3:hr>107</ns3:hr>
          </ns3:TrackPointExtension>
        </extensions>
      </trkpt>
      <trkpt lat="36.67269545607268810272216796875" lon="117.29102485813200473785400390625">
        <ele>152.1999969482421875</ele>
        <time>2026-08-14T00:16:56.000Z</time>
        <extensions>
          <ns3:TrackPointExtension>
            <ns3:hr>107</ns3:hr>
          </ns3:TrackPointExtension>
        </extensions>
      </trkpt>
      <trkpt lat="36.6726551391184329986572265625" lon="117.2909816913306713104248046875">
        <ele>152.1999969482421875</ele>
        <time>2026-08-14T00:17:01.000Z</time>
        <extensions>
          <ns3:TrackPointExtension>
            <ns3:hr>108</ns3:hr>
          </ns3:TrackPointExtension>
        </extensions>
      </trkpt>
      <trkpt lat="36.6726397164165973663330078125" lon="117.2909552045166492462158203125">
        <ele>152.399993896484375</ele>
        <time>2026-08-14T00:17:03.000Z</time>
        <extensions>
          <ns3:TrackPointExtension>
            <ns3:hr>107</ns3:hr>
          </ns3:TrackPointExtension>
        </extensions>
      </trkpt>
      <trkpt lat="36.672608368098735809326171875" lon="117.2909255325794219970703125">
        <ele>152.600006103515625</ele>
        <time>2026-08-14T00:17:06.000Z</time>
        <extensions>
          <ns3:TrackPointExtension>
            <ns3:hr>108</ns3:hr>
          </ns3:TrackPointExtension>
        </extensions>
      </trkpt>
      <trkpt lat="36.672565452754497528076171875" lon="117.2908866405487060546875">
        <ele>152.8000030517578125</ele>
        <time>2026-08-14T00:17:11.000Z</time>
        <extensions>
          <ns3:TrackPointExtension>
            <ns3:hr>109</ns3:hr>
          </ns3:TrackPointExtension>
        </extensions>
      </trkpt>
      <trkpt lat="36.67253804393112659454345703125" lon="117.290852107107639312744140625">
        <ele>152.8000030517578125</ele>
        <time>2026-08-14T00:17:14.000Z</time>
        <extensions>
          <ns3:TrackPointExtension>
            <ns3:hr>108</ns3:hr>
          </ns3:TrackPointExtension>
        </extensions>
      </trkpt>
      <trkpt lat="36.6725159995257854461669921875" lon="117.29083861224353313446044921875">
        <ele>152.8000030517578125</ele>
        <time>2026-08-14T00:17:16.000Z</time>
        <extensions>
          <ns3:TrackPointExtension>
            <ns3:hr>108</ns3:hr>
          </ns3:TrackPointExtension>
        </extensions>
      </trkpt>
      <trkpt lat="36.67245439253747463226318359375" lon="117.29081313125789165496826171875">
        <ele>152.8000030517578125</ele>
        <time>2026-08-14T00:17:21.000Z</time>
        <extensions>
          <ns3:TrackPointExtension>
            <ns3:hr>110</ns3:hr>
          </ns3:TrackPointExtension>
        </extensions>
      </trkpt>
      <trkpt lat="36.6724177636206150054931640625" lon="117.29079972021281719207763671875">
        <ele>152.8000030517578125</ele>
        <time>2026-08-14T00:17:24.000Z</time>
        <extensions>
          <ns3:TrackPointExtension>
            <ns3:hr>110</ns3:hr>
          </ns3:TrackPointExtension>
        </extensions>
      </trkpt>
      <trkpt lat="36.67239923961460590362548828125" lon="117.29079703800380229949951171875">
        <ele>152.8000030517578125</ele>
        <time>2026-08-14T00:17:26.000Z</time>
        <extensions>
          <ns3:TrackPointExtension>
            <ns3:hr>109</ns3:hr>
          </ns3:TrackPointExtension>
        </extensions>
      </trkpt>
      <trkpt lat="36.67235012166202068328857421875" lon="117.2907858900725841522216796875">
        <ele>153</ele>
        <time>2026-08-14T00:17:31.000Z</time>
        <extensions>
          <ns3:TrackPointExtension>
            <ns3:hr>107</ns3:hr>
          </ns3:TrackPointExtension>
        </extensions>
      </trkpt>
      <trkpt lat="36.67232832871377468109130859375" lon="117.2907701320946216583251953125">
        <ele>153</ele>
        <time>2026-08-14T00:17:33.000Z</time>
        <extensions>
          <ns3:TrackPointExtension>
            <ns3:hr>105</ns3:hr>
          </ns3:TrackPointExtension>
        </extensions>
      </trkpt>
      <trkpt lat="36.67231173254549503326416015625" lon="117.2907503508031368255615234375">
        <ele>153</ele>
        <time>2026-08-14T00:17:35.000Z</time>
        <extensions>
          <ns3:TrackPointExtension>
            <ns3:hr>102</ns3:hr>
          </ns3:TrackPointExtension>
        </extensions>
      </trkpt>
      <trkpt lat="36.67230703867971897125244140625" lon="117.29074322618544101715087890625">
        <ele>153</ele>
        <time>2026-08-14T00:17:36.000Z</time>
        <extensions>
          <ns3:TrackPointExtension>
            <ns3:hr>101</ns3:hr>
          </ns3:TrackPointExtension>
        </extensions>
      </trkpt>
      <trkpt lat="36.672281809151172637939453125" lon="117.29069528169929981231689453125">
        <ele>153</ele>
        <time>2026-08-14T00:17:40.000Z</time>
        <extensions>
          <ns3:TrackPointExtension>
            <ns3:hr>101</ns3:hr>
          </ns3:TrackPointExtension>
        </extensions>
      </trkpt>
      <trkpt lat="36.6722360439598560333251953125" lon="117.290640212595462799072265625">
        <ele>153.1999969482421875</ele>
        <time>2026-08-14T00:17:45.000Z</time>
        <extensions>
          <ns3:TrackPointExtension>
            <ns3:hr>103</ns3:hr>
          </ns3:TrackPointExtension>
        </extensions>
      </trkpt>
      <trkpt lat="36.672210060060024261474609375" lon="117.29061909019947052001953125">
        <ele>153.1999969482421875</ele>
        <time>2026-08-14T00:17:48.000Z</time>
        <extensions>
          <ns3:TrackPointExtension>
            <ns3:hr>106</ns3:hr>
          </ns3:TrackPointExtension>
        </extensions>
      </trkpt>
      <trkpt lat="36.67218583635985851287841796875" lon="117.2906105406582355499267578125">
        <ele>153.1999969482421875</ele>
        <time>2026-08-14T00:17:50.000Z</time>
        <extensions>
          <ns3:TrackPointExtension>
            <ns3:hr>107</ns3:hr>
          </ns3:TrackPointExtension>
        </extensions>
      </trkpt>
      <trkpt lat="36.67215448804199695587158203125" lon="117.2905967943370342254638671875">
        <ele>153.1999969482421875</ele>
        <time>2026-08-14T00:17:53.000Z</time>
        <extensions>
          <ns3:TrackPointExtension>
            <ns3:hr>110</ns3:hr>
          </ns3:TrackPointExtension>
        </extensions>
      </trkpt>
      <trkpt lat="36.67214124463498592376708984375" lon="117.29058698751032352447509765625">
        <ele>153.1999969482421875</ele>
        <time>2026-08-14T00:17:54.000Z</time>
        <extensions>
          <ns3:TrackPointExtension>
            <ns3:hr>110</ns3:hr>
          </ns3:TrackPointExtension>
        </extensions>
      </trkpt>
      <trkpt lat="36.6720908693969249725341796875" lon="117.29058983735740184783935546875">
        <ele>153.399993896484375</ele>
        <time>2026-08-14T00:17:58.000Z</time>
        <extensions>
          <ns3:TrackPointExtension>
            <ns3:hr>111</ns3:hr>
          </ns3:TrackPointExtension>
        </extensions>
      </trkpt>
      <trkpt lat="36.67207905091345310211181640625" lon="117.2905795276165008544921875">
        <ele>153.399993896484375</ele>
        <time>2026-08-14T00:17:59.000Z</time>
        <extensions>
          <ns3:TrackPointExtension>
            <ns3:hr>110</ns3:hr>
          </ns3:TrackPointExtension>
        </extensions>
      </trkpt>
      <trkpt lat="36.67201484553515911102294921875" lon="117.29055865667760372161865234375">
        <ele>153.399993896484375</ele>
        <time>2026-08-14T00:18:04.000Z</time>
        <extensions>
          <ns3:TrackPointExtension>
            <ns3:hr>111</ns3:hr>
          </ns3:TrackPointExtension>
        </extensions>
      </trkpt>
      <trkpt lat="36.67197369039058685302734375" lon="117.2905116342008113861083984375">
        <ele>153.399993896484375</ele>
        <time>2026-08-14T00:18:08.000Z</time>
        <extensions>
          <ns3:TrackPointExtension>
            <ns3:hr>110</ns3:hr>
          </ns3:TrackPointExtension>
        </extensions>
      </trkpt>
      <trkpt lat="36.67196455411612987518310546875" lon="117.2904972173273563385009765625">
        <ele>153.600006103515625</ele>
        <time>2026-08-14T00:18:09.000Z</time>
        <extensions>
          <ns3:TrackPointExtension>
            <ns3:hr>110</ns3:hr>
          </ns3:TrackPointExtension>
        </extensions>
      </trkpt>
      <trkpt lat="36.67194418609142303466796875" lon="117.29044248349964618682861328125">
        <ele>153.600006103515625</ele>
        <time>2026-08-14T00:18:13.000Z</time>
        <extensions>
          <ns3:TrackPointExtension>
            <ns3:hr>108</ns3:hr>
          </ns3:TrackPointExtension>
        </extensions>
      </trkpt>
      <trkpt lat="36.67193957604467868804931640625" lon="117.29035682044923305511474609375">
        <ele>153.8000030517578125</ele>
        <time>2026-08-14T00:18:18.000Z</time>
        <extensions>
          <ns3:TrackPointExtension>
            <ns3:hr>110</ns3:hr>
          </ns3:TrackPointExtension>
        </extensions>
      </trkpt>
      <trkpt lat="36.67193689383566379547119140625" lon="117.29034123010933399200439453125">
        <ele>153.8000030517578125</ele>
        <time>2026-08-14T00:18:19.000Z</time>
        <extensions>
          <ns3:TrackPointExtension>
            <ns3:hr>111</ns3:hr>
          </ns3:TrackPointExtension>
        </extensions>
      </trkpt>
      <trkpt lat="36.671935133635997772216796875" lon="117.2903225384652614593505859375">
        <ele>154</ele>
        <time>2026-08-14T00:18:20.000Z</time>
        <extensions>
          <ns3:TrackPointExtension>
            <ns3:hr>112</ns3:hr>
          </ns3:TrackPointExtension>
        </extensions>
      </trkpt>
      <trkpt lat="36.67193345725536346435546875" lon="117.29029194451868534088134765625">
        <ele>154</ele>
        <time>2026-08-14T00:18:22.000Z</time>
        <extensions>
          <ns3:TrackPointExtension>
            <ns3:hr>112</ns3:hr>
          </ns3:TrackPointExtension>
        </extensions>
      </trkpt>
      <trkpt lat="36.6719574294984340667724609375" lon="117.2902182675898075103759765625">
        <ele>154.1999969482421875</ele>
        <time>2026-08-14T00:18:27.000Z</time>
        <extensions>
          <ns3:TrackPointExtension>
            <ns3:hr>112</ns3:hr>
          </ns3:TrackPointExtension>
        </extensions>
      </trkpt>
      <trkpt lat="36.67199925519526004791259765625" lon="117.29013084433972835540771484375">
        <ele>154.1999969482421875</ele>
        <time>2026-08-14T00:18:33.000Z</time>
        <extensions>
          <ns3:TrackPointExtension>
            <ns3:hr>111</ns3:hr>
          </ns3:TrackPointExtension>
        </extensions>
      </trkpt>
      <trkpt lat="36.6720264963805675506591796875" lon="117.29006110690534114837646484375">
        <ele>154.399993896484375</ele>
        <time>2026-08-14T00:18:38.000Z</time>
        <extensions>
          <ns3:TrackPointExtension>
            <ns3:hr>110</ns3:hr>
          </ns3:TrackPointExtension>
        </extensions>
      </trkpt>
      <trkpt lat="36.67205122299492359161376953125" lon="117.29000754654407501220703125">
        <ele>154.399993896484375</ele>
        <time>2026-08-14T00:18:42.000Z</time>
        <extensions>
          <ns3:TrackPointExtension>
            <ns3:hr>111</ns3:hr>
          </ns3:TrackPointExtension>
        </extensions>
      </trkpt>
      <trkpt lat="36.672073937952518463134765625" lon="117.28994308970868587493896484375">
        <ele>154.399993896484375</ele>
        <time>2026-08-14T00:18:47.000Z</time>
        <extensions>
          <ns3:TrackPointExtension>
            <ns3:hr>111</ns3:hr>
          </ns3:TrackPointExtension>
        </extensions>
      </trkpt>
      <trkpt lat="36.67208206839859485626220703125" lon="117.2898645512759685516357421875">
        <ele>154.399993896484375</ele>
        <time>2026-08-14T00:18:52.000Z</time>
        <extensions>
          <ns3:TrackPointExtension>
            <ns3:hr>110</ns3:hr>
          </ns3:TrackPointExtension>
        </extensions>
      </trkpt>
      <trkpt lat="36.6720838285982608795166015625" lon="117.289850972592830657958984375">
        <ele>154.399993896484375</ele>
        <time>2026-08-14T00:18:53.000Z</time>
        <extensions>
          <ns3:TrackPointExtension>
            <ns3:hr>110</ns3:hr>
          </ns3:TrackPointExtension>
        </extensions>
      </trkpt>
      <trkpt lat="36.6720831580460071563720703125" lon="117.2898016870021820068359375">
        <ele>154.399993896484375</ele>
        <time>2026-08-14T00:18:57.000Z</time>
        <extensions>
          <ns3:TrackPointExtension>
            <ns3:hr>111</ns3:hr>
          </ns3:TrackPointExtension>
        </extensions>
      </trkpt>
      <trkpt lat="36.67207770980894565582275390625" lon="117.28975784964859485626220703125">
        <ele>154.399993896484375</ele>
        <time>2026-08-14T00:19:01.000Z</time>
        <extensions>
          <ns3:TrackPointExtension>
            <ns3:hr>113</ns3:hr>
          </ns3:TrackPointExtension>
        </extensions>
      </trkpt>
      <trkpt lat="36.672072596848011016845703125" lon="117.2897455282509326934814453125">
        <ele>154.399993896484375</ele>
        <time>2026-08-14T00:19:02.000Z</time>
        <extensions>
          <ns3:TrackPointExtension>
            <ns3:hr>114</ns3:hr>
          </ns3:TrackPointExtension>
        </extensions>
      </trkpt>
      <trkpt lat="36.67207117192447185516357421875" lon="117.28971459902822971343994140625">
        <ele>154.399993896484375</ele>
        <time>2026-08-14T00:19:04.000Z</time>
        <extensions>
          <ns3:TrackPointExtension>
            <ns3:hr>114</ns3:hr>
          </ns3:TrackPointExtension>
        </extensions>
      </trkpt>
      <trkpt lat="36.67205750942230224609375" lon="117.28963664732873439788818359375">
        <ele>154.399993896484375</ele>
        <time>2026-08-14T00:19:09.000Z</time>
        <extensions>
          <ns3:TrackPointExtension>
            <ns3:hr>115</ns3:hr>
          </ns3:TrackPointExtension>
        </extensions>
      </trkpt>
      <trkpt lat="36.6720382310450077056884765625" lon="117.28955903090536594390869140625">
        <ele>154.600006103515625</ele>
        <time>2026-08-14T00:19:14.000Z</time>
        <extensions>
          <ns3:TrackPointExtension>
            <ns3:hr>117</ns3:hr>
          </ns3:TrackPointExtension>
        </extensions>
      </trkpt>
      <trkpt lat="36.67201928794384002685546875" lon="117.2895121760666370391845703125">
        <ele>154.8000030517578125</ele>
        <time>2026-08-14T00:19:19.000Z</time>
        <extensions>
          <ns3:TrackPointExtension>
            <ns3:hr>114</ns3:hr>
          </ns3:TrackPointExtension>
        </extensions>
      </trkpt>
      <trkpt lat="36.67201886884868144989013671875" lon="117.2895068116486072540283203125">
        <ele>154.8000030517578125</ele>
        <time>2026-08-14T00:19:20.000Z</time>
        <extensions>
          <ns3:TrackPointExtension>
            <ns3:hr>111</ns3:hr>
          </ns3:TrackPointExtension>
        </extensions>
      </trkpt>
      <trkpt lat="36.6720174439251422882080078125" lon="117.2895007766783237457275390625">
        <ele>154.8000030517578125</ele>
        <time>2026-08-14T00:19:21.000Z</time>
        <extensions>
          <ns3:TrackPointExtension>
            <ns3:hr>108</ns3:hr>
          </ns3:TrackPointExtension>
        </extensions>
      </trkpt>
      <trkpt lat="36.67201233096420764923095703125" lon="117.28949080221354961395263671875">
        <ele>154.8000030517578125</ele>
        <time>2026-08-14T00:19:22.000Z</time>
        <extensions>
          <ns3:TrackPointExtension>
            <ns3:hr>107</ns3:hr>
          </ns3:TrackPointExtension>
        </extensions>
      </trkpt>
      <trkpt lat="36.67199422605335712432861328125" lon="117.28944470174610614776611328125">
        <ele>155</ele>
        <time>2026-08-14T00:19:26.000Z</time>
        <extensions>
          <ns3:TrackPointExtension>
            <ns3:hr>109</ns3:hr>
          </ns3:TrackPointExtension>
        </extensions>
      </trkpt>
      <trkpt lat="36.67196706868708133697509765625" lon="117.28938971646130084991455078125">
        <ele>155</ele>
        <time>2026-08-14T00:19:31.000Z</time>
        <extensions>
          <ns3:TrackPointExtension>
            <ns3:hr>108</ns3:hr>
          </ns3:TrackPointExtension>
        </extensions>
      </trkpt>
      <trkpt lat="36.67193085886538028717041015625" lon="117.28932299651205539703369140625">
        <ele>155.1999969482421875</ele>
        <time>2026-08-14T00:19:36.000Z</time>
        <extensions>
          <ns3:TrackPointExtension>
            <ns3:hr>108</ns3:hr>
          </ns3:TrackPointExtension>
        </extensions>
      </trkpt>
      <trkpt lat="36.6719272546470165252685546875" lon="117.2893059812486171722412109375">
        <ele>155.1999969482421875</ele>
        <time>2026-08-14T00:19:37.000Z</time>
        <extensions>
          <ns3:TrackPointExtension>
            <ns3:hr>108</ns3:hr>
          </ns3:TrackPointExtension>
        </extensions>
      </trkpt>
      <trkpt lat="36.6719215549528598785400390625" lon="117.2892607189714908599853515625">
        <ele>155.1999969482421875</ele>
        <time>2026-08-14T00:19:40.000Z</time>
        <extensions>
          <ns3:TrackPointExtension>
            <ns3:hr>108</ns3:hr>
          </ns3:TrackPointExtension>
        </extensions>
      </trkpt>
      <trkpt lat="36.6719296015799045562744140625" lon="117.2891879640519618988037109375">
        <ele>155.399993896484375</ele>
        <time>2026-08-14T00:19:45.000Z</time>
        <extensions>
          <ns3:TrackPointExtension>
            <ns3:hr>108</ns3:hr>
          </ns3:TrackPointExtension>
        </extensions>
      </trkpt>
      <trkpt lat="36.671935804188251495361328125" lon="117.28915217332541942596435546875">
        <ele>155.399993896484375</ele>
        <time>2026-08-14T00:19:47.000Z</time>
        <extensions>
          <ns3:TrackPointExtension>
            <ns3:hr>108</ns3:hr>
          </ns3:TrackPointExtension>
        </extensions>
      </trkpt>
      <trkpt lat="36.67194745503365993499755859375" lon="117.28911160491406917572021484375">
        <ele>155.600006103515625</ele>
        <time>2026-08-14T00:19:50.000Z</time>
        <extensions>
          <ns3:TrackPointExtension>
            <ns3:hr>109</ns3:hr>
          </ns3:TrackPointExtension>
        </extensions>
      </trkpt>
      <trkpt lat="36.671966649591922760009765625" lon="117.28903683833777904510498046875">
        <ele>155.600006103515625</ele>
        <time>2026-08-14T00:19:55.000Z</time>
        <extensions>
          <ns3:TrackPointExtension>
            <ns3:hr>109</ns3:hr>
          </ns3:TrackPointExtension>
        </extensions>
      </trkpt>
      <trkpt lat="36.67199514806270599365234375" lon="117.28898755274713039398193359375">
        <ele>155.600006103515625</ele>
        <time>2026-08-14T00:19:58.000Z</time>
        <extensions>
          <ns3:TrackPointExtension>
            <ns3:hr>108</ns3:hr>
          </ns3:TrackPointExtension>
        </extensions>
      </trkpt>
      <trkpt lat="36.67200847528874874114990234375" lon="117.28896827436983585357666015625">
        <ele>155.600006103515625</ele>
        <time>2026-08-14T00:20:00.000Z</time>
        <extensions>
          <ns3:TrackPointExtension>
            <ns3:hr>108</ns3:hr>
          </ns3:TrackPointExtension>
        </extensions>
      </trkpt>
      <trkpt lat="36.67205692268908023834228515625" lon="117.28891530074179172515869140625">
        <ele>155.600006103515625</ele>
        <time>2026-08-14T00:20:05.000Z</time>
        <extensions>
          <ns3:TrackPointExtension>
            <ns3:hr>111</ns3:hr>
          </ns3:TrackPointExtension>
        </extensions>
      </trkpt>
      <trkpt lat="36.6720905341207981109619140625" lon="117.28887104429304599761962890625">
        <ele>155.399993896484375</ele>
        <time>2026-08-14T00:20:09.000Z</time>
        <extensions>
          <ns3:TrackPointExtension>
            <ns3:hr>113</ns3:hr>
          </ns3:TrackPointExtension>
        </extensions>
      </trkpt>
      <trkpt lat="36.6721334494650363922119140625" lon="117.2888268716633319854736328125">
        <ele>155.399993896484375</ele>
        <time>2026-08-14T00:20:14.000Z</time>
        <extensions>
          <ns3:TrackPointExtension>
            <ns3:hr>113</ns3:hr>
          </ns3:TrackPointExtension>
        </extensions>
      </trkpt>
      <trkpt lat="36.67218080721795558929443359375" lon="117.288778088986873626708984375">
        <ele>155.399993896484375</ele>
        <time>2026-08-14T00:20:18.000Z</time>
        <extensions>
          <ns3:TrackPointExtension>
            <ns3:hr>113</ns3:hr>
          </ns3:TrackPointExtension>
        </extensions>
      </trkpt>
      <trkpt lat="36.6722273267805576324462890625" lon="117.28873995132744312286376953125">
        <ele>155.399993896484375</ele>
        <time>2026-08-14T00:20:23.000Z</time>
        <extensions>
          <ns3:TrackPointExtension>
            <ns3:hr>112</ns3:hr>
          </ns3:TrackPointExtension>
        </extensions>
      </trkpt>
      <trkpt lat="36.6722715832293033599853515625" lon="117.28869569487869739532470703125">
        <ele>155.1999969482421875</ele>
        <time>2026-08-14T00:20:28.000Z</time>
        <extensions>
          <ns3:TrackPointExtension>
            <ns3:hr>109</ns3:hr>
          </ns3:TrackPointExtension>
        </extensions>
      </trkpt>
      <trkpt lat="36.67232296429574489593505859375" lon="117.2886508516967296600341796875">
        <ele>155.1999969482421875</ele>
        <time>2026-08-14T00:20:33.000Z</time>
        <extensions>
          <ns3:TrackPointExtension>
            <ns3:hr>108</ns3:hr>
          </ns3:TrackPointExtension>
        </extensions>
      </trkpt>
      <trkpt lat="36.67237694375216960906982421875" lon="117.28861036710441112518310546875">
        <ele>155.1999969482421875</ele>
        <time>2026-08-14T00:20:38.000Z</time>
        <extensions>
          <ns3:TrackPointExtension>
            <ns3:hr>109</ns3:hr>
          </ns3:TrackPointExtension>
        </extensions>
      </trkpt>
      <trkpt lat="36.6724160872399806976318359375" lon="117.288592346012592315673828125">
        <ele>155.1999969482421875</ele>
        <time>2026-08-14T00:20:41.000Z</time>
        <extensions>
          <ns3:TrackPointExtension>
            <ns3:hr>112</ns3:hr>
          </ns3:TrackPointExtension>
        </extensions>
      </trkpt>
      <trkpt lat="36.6724351979792118072509765625" lon="117.2885705530643463134765625">
        <ele>155.1999969482421875</ele>
        <time>2026-08-14T00:20:43.000Z</time>
        <extensions>
          <ns3:TrackPointExtension>
            <ns3:hr>113</ns3:hr>
          </ns3:TrackPointExtension>
        </extensions>
      </trkpt>
      <trkpt lat="36.6724905185401439666748046875" lon="117.28851162828505039215087890625">
        <ele>155.1999969482421875</ele>
        <time>2026-08-14T00:20:48.000Z</time>
        <extensions>
          <ns3:TrackPointExtension>
            <ns3:hr>113</ns3:hr>
          </ns3:TrackPointExtension>
        </extensions>
      </trkpt>
      <trkpt lat="36.6725550591945648193359375" lon="117.288498468697071075439453125">
        <ele>155.1999969482421875</ele>
        <time>2026-08-14T00:20:53.000Z</time>
        <extensions>
          <ns3:TrackPointExtension>
            <ns3:hr>110</ns3:hr>
          </ns3:TrackPointExtension>
        </extensions>
      </trkpt>
      <trkpt lat="36.67262085713446140289306640625" lon="117.28848933242261409759521484375">
        <ele>155</ele>
        <time>2026-08-14T00:20:59.000Z</time>
        <extensions>
          <ns3:TrackPointExtension>
            <ns3:hr>110</ns3:hr>
          </ns3:TrackPointExtension>
        </extensions>
      </trkpt>
      <trkpt lat="36.6726786084473133087158203125" lon="117.28847642429172992706298828125">
        <ele>155</ele>
        <time>2026-08-14T00:21:04.000Z</time>
        <extensions>
          <ns3:TrackPointExtension>
            <ns3:hr>111</ns3:hr>
          </ns3:TrackPointExtension>
        </extensions>
      </trkpt>
      <trkpt lat="36.67271398007869720458984375" lon="117.2884630970656871795654296875">
        <ele>155</ele>
        <time>2026-08-14T00:21:07.000Z</time>
        <extensions>
          <ns3:TrackPointExtension>
            <ns3:hr>112</ns3:hr>
          </ns3:TrackPointExtension>
        </extensions>
      </trkpt>
      <trkpt lat="36.6727543808519840240478515625" lon="117.28846049867570400238037109375">
        <ele>155</ele>
        <time>2026-08-14T00:21:10.000Z</time>
        <extensions>
          <ns3:TrackPointExtension>
            <ns3:hr>110</ns3:hr>
          </ns3:TrackPointExtension>
        </extensions>
      </trkpt>
      <trkpt lat="36.6728179156780242919921875" lon="117.28844306431710720062255859375">
        <ele>155.1999969482421875</ele>
        <time>2026-08-14T00:21:15.000Z</time>
        <extensions>
          <ns3:TrackPointExtension>
            <ns3:hr>108</ns3:hr>
          </ns3:TrackPointExtension>
        </extensions>
      </trkpt>
      <trkpt lat="36.67285689152777194976806640625" lon="117.2884315811097621917724609375">
        <ele>155.1999969482421875</ele>
        <time>2026-08-14T00:21:18.000Z</time>
        <extensions>
          <ns3:TrackPointExtension>
            <ns3:hr>109</ns3:hr>
          </ns3:TrackPointExtension>
        </extensions>
      </trkpt>
      <trkpt lat="36.6728821210563182830810546875" lon="117.2884201817214488983154296875">
        <ele>155.1999969482421875</ele>
        <time>2026-08-14T00:21:20.000Z</time>
        <extensions>
          <ns3:TrackPointExtension>
            <ns3:hr>109</ns3:hr>
          </ns3:TrackPointExtension>
        </extensions>
      </trkpt>
      <trkpt lat="36.67292428202927112579345703125" lon="117.28840651921927928924560546875">
        <ele>155.1999969482421875</ele>
        <time>2026-08-14T00:21:24.000Z</time>
        <extensions>
          <ns3:TrackPointExtension>
            <ns3:hr>112</ns3:hr>
          </ns3:TrackPointExtension>
        </extensions>
      </trkpt>
      <trkpt lat="36.672936268150806427001953125" lon="117.28840417228639125823974609375">
        <ele>155.1999969482421875</ele>
        <time>2026-08-14T00:21:25.000Z</time>
        <extensions>
          <ns3:TrackPointExtension>
            <ns3:hr>116</ns3:hr>
          </ns3:TrackPointExtension>
        </extensions>
      </trkpt>
      <trkpt lat="36.672964431345462799072265625" lon="117.28839931078255176544189453125">
        <ele>155.1999969482421875</ele>
        <time>2026-08-14T00:21:27.000Z</time>
        <extensions>
          <ns3:TrackPointExtension>
            <ns3:hr>120</ns3:hr>
          </ns3:TrackPointExtension>
        </extensions>
      </trkpt>
      <trkpt lat="36.6729890741407871246337890625" lon="117.2883933596312999725341796875">
        <ele>155.1999969482421875</ele>
        <time>2026-08-14T00:21:29.000Z</time>
        <extensions>
          <ns3:TrackPointExtension>
            <ns3:hr>117</ns3:hr>
          </ns3:TrackPointExtension>
        </extensions>
      </trkpt>
      <trkpt lat="36.67299888096749782562255859375" lon="117.28838942013680934906005859375">
        <ele>155.1999969482421875</ele>
        <time>2026-08-14T00:21:30.000Z</time>
        <extensions>
          <ns3:TrackPointExtension>
            <ns3:hr>117</ns3:hr>
          </ns3:TrackPointExtension>
        </extensions>
      </trkpt>
      <trkpt lat="36.67304531671106815338134765625" lon="117.28836310096085071563720703125">
        <ele>155.1999969482421875</ele>
        <time>2026-08-14T00:21:35.000Z</time>
        <extensions>
          <ns3:TrackPointExtension>
            <ns3:hr>114</ns3:hr>
          </ns3:TrackPointExtension>
        </extensions>
      </trkpt>
      <trkpt lat="36.67309678159654140472412109375" lon="117.2883517853915691375732421875">
        <ele>155.1999969482421875</ele>
        <time>2026-08-14T00:21:39.000Z</time>
        <extensions>
          <ns3:TrackPointExtension>
            <ns3:hr>113</ns3:hr>
          </ns3:TrackPointExtension>
        </extensions>
      </trkpt>
      <trkpt lat="36.673161573708057403564453125" lon="117.288320772349834442138671875">
        <ele>154.8000030517578125</ele>
        <time>2026-08-14T00:21:45.000Z</time>
        <extensions>
          <ns3:TrackPointExtension>
            <ns3:hr>111</ns3:hr>
          </ns3:TrackPointExtension>
        </extensions>
      </trkpt>
      <trkpt lat="36.6732415370643138885498046875" lon="117.2882840596139430999755859375">
        <ele>154.399993896484375</ele>
        <time>2026-08-14T00:21:51.000Z</time>
        <extensions>
          <ns3:TrackPointExtension>
            <ns3:hr>109</ns3:hr>
          </ns3:TrackPointExtension>
        </extensions>
      </trkpt>
      <trkpt lat="36.67325167916715145111083984375" lon="117.28827844373881816864013671875">
        <ele>154.399993896484375</ele>
        <time>2026-08-14T00:21:52.000Z</time>
        <extensions>
          <ns3:TrackPointExtension>
            <ns3:hr>109</ns3:hr>
          </ns3:TrackPointExtension>
        </extensions>
      </trkpt>
      <trkpt lat="36.67328218929469585418701171875" lon="117.288257740437984466552734375">
        <ele>154.1999969482421875</ele>
        <time>2026-08-14T00:21:55.000Z</time>
        <extensions>
          <ns3:TrackPointExtension>
            <ns3:hr>110</ns3:hr>
          </ns3:TrackPointExtension>
        </extensions>
      </trkpt>
      <trkpt lat="36.6733347438275814056396484375" lon="117.28822044096887111663818359375">
        <ele>153.8000030517578125</ele>
        <time>2026-08-14T00:22:00.000Z</time>
        <extensions>
          <ns3:TrackPointExtension>
            <ns3:hr>112</ns3:hr>
          </ns3:TrackPointExtension>
        </extensions>
      </trkpt>
      <trkpt lat="36.6733669303357601165771484375" lon="117.28815841488540172576904296875">
        <ele>153.8000030517578125</ele>
        <time>2026-08-14T00:22:05.000Z</time>
        <extensions>
          <ns3:TrackPointExtension>
            <ns3:hr>110</ns3:hr>
          </ns3:TrackPointExtension>
        </extensions>
      </trkpt>
      <trkpt lat="36.67338696308434009552001953125" lon="117.28810074739158153533935546875">
        <ele>153.8000030517578125</ele>
        <time>2026-08-14T00:22:10.000Z</time>
        <extensions>
          <ns3:TrackPointExtension>
            <ns3:hr>110</ns3:hr>
          </ns3:TrackPointExtension>
        </extensions>
      </trkpt>
      <trkpt lat="36.67342250235378742218017578125" lon="117.28802430443465709686279296875">
        <ele>153.8000030517578125</ele>
        <time>2026-08-14T00:22:15.000Z</time>
        <extensions>
          <ns3:TrackPointExtension>
            <ns3:hr>109</ns3:hr>
          </ns3:TrackPointExtension>
        </extensions>
      </trkpt>
      <trkpt lat="36.6734299622476100921630859375" lon="117.288010977208614349365234375">
        <ele>153.8000030517578125</ele>
        <time>2026-08-14T00:22:16.000Z</time>
        <extensions>
          <ns3:TrackPointExtension>
            <ns3:hr>109</ns3:hr>
          </ns3:TrackPointExtension>
        </extensions>
      </trkpt>
      <trkpt lat="36.67344479821622371673583984375" lon="117.28797451592981815338134765625">
        <ele>153.8000030517578125</ele>
        <time>2026-08-14T00:22:19.000Z</time>
        <extensions>
          <ns3:TrackPointExtension>
            <ns3:hr>108</ns3:hr>
          </ns3:TrackPointExtension>
        </extensions>
      </trkpt>
      <trkpt lat="36.67348721064627170562744140625" lon="117.2879214584827423095703125">
        <ele>153.8000030517578125</ele>
        <time>2026-08-14T00:22:24.000Z</time>
        <extensions>
          <ns3:TrackPointExtension>
            <ns3:hr>106</ns3:hr>
          </ns3:TrackPointExtension>
        </extensions>
      </trkpt>
      <trkpt lat="36.67351922951638698577880859375" lon="117.2878870926797389984130859375">
        <ele>153.600006103515625</ele>
        <time>2026-08-14T00:22:27.000Z</time>
        <extensions>
          <ns3:TrackPointExtension>
            <ns3:hr>107</ns3:hr>
          </ns3:TrackPointExtension>
        </extensions>
      </trkpt>
      <trkpt lat="36.6735322214663028717041015625" lon="117.287855409085750579833984375">
        <ele>153.600006103515625</ele>
        <time>2026-08-14T00:22:29.000Z</time>
        <extensions>
          <ns3:TrackPointExtension>
            <ns3:hr>108</ns3:hr>
          </ns3:TrackPointExtension>
        </extensions>
      </trkpt>
      <trkpt lat="36.67357220314443111419677734375" lon="117.28780117817223072052001953125">
        <ele>153.399993896484375</ele>
        <time>2026-08-14T00:22:34.000Z</time>
        <extensions>
          <ns3:TrackPointExtension>
            <ns3:hr>107</ns3:hr>
          </ns3:TrackPointExtension>
        </extensions>
      </trkpt>
      <trkpt lat="36.6736183874309062957763671875" lon="117.2877658903598785400390625">
        <ele>153.399993896484375</ele>
        <time>2026-08-14T00:22:38.000Z</time>
        <extensions>
          <ns3:TrackPointExtension>
            <ns3:hr>107</ns3:hr>
          </ns3:TrackPointExtension>
        </extensions>
      </trkpt>
      <trkpt lat="36.67362886480987071990966796875" lon="117.28775759227573871612548828125">
        <ele>153.399993896484375</ele>
        <time>2026-08-14T00:22:39.000Z</time>
        <extensions>
          <ns3:TrackPointExtension>
            <ns3:hr>107</ns3:hr>
          </ns3:TrackPointExtension>
        </extensions>
      </trkpt>
      <trkpt lat="36.673680245876312255859375" lon="117.2877093963325023651123046875">
        <ele>153.399993896484375</ele>
        <time>2026-08-14T00:22:44.000Z</time>
        <extensions>
          <ns3:TrackPointExtension>
            <ns3:hr>108</ns3:hr>
          </ns3:TrackPointExtension>
        </extensions>
      </trkpt>
      <trkpt lat="36.67373514734208583831787109375" lon="117.28766589425504207611083984375">
        <ele>153.399993896484375</ele>
        <time>2026-08-14T00:22:49.000Z</time>
        <extensions>
          <ns3:TrackPointExtension>
            <ns3:hr>109</ns3:hr>
          </ns3:TrackPointExtension>
        </extensions>
      </trkpt>
      <trkpt lat="36.67376138269901275634765625" lon="117.28765700943768024444580078125">
        <ele>153.399993896484375</ele>
        <time>2026-08-14T00:22:51.000Z</time>
        <extensions>
          <ns3:TrackPointExtension>
            <ns3:hr>110</ns3:hr>
          </ns3:TrackPointExtension>
        </extensions>
      </trkpt>
      <trkpt lat="36.67379214428365230560302734375" lon="117.28764225728809833526611328125">
        <ele>153.399993896484375</ele>
        <time>2026-08-14T00:22:54.000Z</time>
        <extensions>
          <ns3:TrackPointExtension>
            <ns3:hr>111</ns3:hr>
          </ns3:TrackPointExtension>
        </extensions>
      </trkpt>
      <trkpt lat="36.6738614626228809356689453125" lon="117.28761560283601284027099609375">
        <ele>153.1999969482421875</ele>
        <time>2026-08-14T00:23:00.000Z</time>
        <extensions>
          <ns3:TrackPointExtension>
            <ns3:hr>112</ns3:hr>
          </ns3:TrackPointExtension>
        </extensions>
      </trkpt>
      <trkpt lat="36.6738988459110260009765625" lon="117.287601269781589508056640625">
        <ele>153.1999969482421875</ele>
        <time>2026-08-14T00:23:03.000Z</time>
        <extensions>
          <ns3:TrackPointExtension>
            <ns3:hr>111</ns3:hr>
          </ns3:TrackPointExtension>
        </extensions>
      </trkpt>
      <trkpt lat="36.6739301942288875579833984375" lon="117.287584841251373291015625">
        <ele>153.1999969482421875</ele>
        <time>2026-08-14T00:23:06.000Z</time>
        <extensions>
          <ns3:TrackPointExtension>
            <ns3:hr>112</ns3:hr>
          </ns3:TrackPointExtension>
        </extensions>
      </trkpt>
      <trkpt lat="36.67398844845592975616455078125" lon="117.2875595279037952423095703125">
        <ele>153.1999969482421875</ele>
        <time>2026-08-14T00:23:11.000Z</time>
        <extensions>
          <ns3:TrackPointExtension>
            <ns3:hr>114</ns3:hr>
          </ns3:TrackPointExtension>
        </extensions>
      </trkpt>
      <trkpt lat="36.67400219477713108062744140625" lon="117.287559695541858673095703125">
        <ele>153</ele>
        <time>2026-08-14T00:23:12.000Z</time>
        <extensions>
          <ns3:TrackPointExtension>
            <ns3:hr>114</ns3:hr>
          </ns3:TrackPointExtension>
        </extensions>
      </trkpt>
      <trkpt lat="36.6740535758435726165771484375" lon="117.287546955049037933349609375">
        <ele>152.8000030517578125</ele>
        <time>2026-08-14T00:23:16.000Z</time>
        <extensions>
          <ns3:TrackPointExtension>
            <ns3:hr>114</ns3:hr>
          </ns3:TrackPointExtension>
        </extensions>
      </trkpt>
      <trkpt lat="36.6741065494716167449951171875" lon="117.2875239886343479156494140625">
        <ele>153</ele>
        <time>2026-08-14T00:23:21.000Z</time>
        <extensions>
          <ns3:TrackPointExtension>
            <ns3:hr>116</ns3:hr>
          </ns3:TrackPointExtension>
        </extensions>
      </trkpt>
      <trkpt lat="36.674160696566104888916015625" lon="117.2875105775892734527587890625">
        <ele>153</ele>
        <time>2026-08-14T00:23:25.000Z</time>
        <extensions>
          <ns3:TrackPointExtension>
            <ns3:hr>115</ns3:hr>
          </ns3:TrackPointExtension>
        </extensions>
      </trkpt>
      <trkpt lat="36.674170754849910736083984375" lon="117.287505380809307098388671875">
        <ele>153</ele>
        <time>2026-08-14T00:23:26.000Z</time>
        <extensions>
          <ns3:TrackPointExtension>
            <ns3:hr>115</ns3:hr>
          </ns3:TrackPointExtension>
        </extensions>
      </trkpt>
      <trkpt lat="36.6742180287837982177734375" lon="117.28748895227909088134765625">
        <ele>153.1999969482421875</ele>
        <time>2026-08-14T00:23:30.000Z</time>
        <extensions>
          <ns3:TrackPointExtension>
            <ns3:hr>112</ns3:hr>
          </ns3:TrackPointExtension>
        </extensions>
      </trkpt>
      <trkpt lat="36.67424124665558338165283203125" lon="117.28748090565204620361328125">
        <ele>153.1999969482421875</ele>
        <time>2026-08-14T00:23:32.000Z</time>
        <extensions>
          <ns3:TrackPointExtension>
            <ns3:hr>110</ns3:hr>
          </ns3:TrackPointExtension>
        </extensions>
      </trkpt>
      <trkpt lat="36.67429690249264240264892578125" lon="117.28746087290346622467041015625">
        <ele>153.1999969482421875</ele>
        <time>2026-08-14T00:23:36.000Z</time>
        <extensions>
          <ns3:TrackPointExtension>
            <ns3:hr>108</ns3:hr>
          </ns3:TrackPointExtension>
        </extensions>
      </trkpt>
      <trkpt lat="36.6743628680706024169921875" lon="117.28744394145905971527099609375">
        <ele>153.1999969482421875</ele>
        <time>2026-08-14T00:23:41.000Z</time>
        <extensions>
          <ns3:TrackPointExtension>
            <ns3:hr>106</ns3:hr>
          </ns3:TrackPointExtension>
        </extensions>
      </trkpt>
      <trkpt lat="36.67443051002919673919677734375" lon="117.28740873746573925018310546875">
        <ele>153</ele>
        <time>2026-08-14T00:23:47.000Z</time>
        <extensions>
          <ns3:TrackPointExtension>
            <ns3:hr>106</ns3:hr>
          </ns3:TrackPointExtension>
        </extensions>
      </trkpt>
      <trkpt lat="36.674468815326690673828125" lon="117.28740203194320201873779296875">
        <ele>153</ele>
        <time>2026-08-14T00:23:50.000Z</time>
        <extensions>
          <ns3:TrackPointExtension>
            <ns3:hr>106</ns3:hr>
          </ns3:TrackPointExtension>
        </extensions>
      </trkpt>
      <trkpt lat="36.67449094355106353759765625" lon="117.2873890399932861328125">
        <ele>153</ele>
        <time>2026-08-14T00:23:52.000Z</time>
        <extensions>
          <ns3:TrackPointExtension>
            <ns3:hr>106</ns3:hr>
          </ns3:TrackPointExtension>
        </extensions>
      </trkpt>
      <trkpt lat="36.6745357029139995574951171875" lon="117.28737051598727703094482421875">
        <ele>153</ele>
        <time>2026-08-14T00:23:56.000Z</time>
        <extensions>
          <ns3:TrackPointExtension>
            <ns3:hr>109</ns3:hr>
          </ns3:TrackPointExtension>
        </extensions>
      </trkpt>
      <trkpt lat="36.67455925606191158294677734375" lon="117.28736163116991519927978515625">
        <ele>153</ele>
        <time>2026-08-14T00:23:58.000Z</time>
        <extensions>
          <ns3:TrackPointExtension>
            <ns3:hr>109</ns3:hr>
          </ns3:TrackPointExtension>
        </extensions>
      </trkpt>
      <trkpt lat="36.67458859272301197052001953125" lon="117.2873533330857753753662109375">
        <ele>153</ele>
        <time>2026-08-14T00:24:00.000Z</time>
        <extensions>
          <ns3:TrackPointExtension>
            <ns3:hr>109</ns3:hr>
          </ns3:TrackPointExtension>
        </extensions>
      </trkpt>
      <trkpt lat="36.67462647892534732818603515625" lon="117.28734947741031646728515625">
        <ele>153</ele>
        <time>2026-08-14T00:24:03.000Z</time>
        <extensions>
          <ns3:TrackPointExtension>
            <ns3:hr>110</ns3:hr>
          </ns3:TrackPointExtension>
        </extensions>
      </trkpt>
      <trkpt lat="36.6747013293206691741943359375" lon="117.28733262978494167327880859375">
        <ele>153</ele>
        <time>2026-08-14T00:24:09.000Z</time>
        <extensions>
          <ns3:TrackPointExtension>
            <ns3:hr>111</ns3:hr>
          </ns3:TrackPointExtension>
        </extensions>
      </trkpt>
      <trkpt lat="36.6747657023370265960693359375" lon="117.287322320044040679931640625">
        <ele>153.1999969482421875</ele>
        <time>2026-08-14T00:24:14.000Z</time>
        <extensions>
          <ns3:TrackPointExtension>
            <ns3:hr>112</ns3:hr>
          </ns3:TrackPointExtension>
        </extensions>
      </trkpt>
      <trkpt lat="36.67478053830564022064208984375" lon="117.28731737472116947174072265625">
        <ele>153.1999969482421875</ele>
        <time>2026-08-14T00:24:15.000Z</time>
        <extensions>
          <ns3:TrackPointExtension>
            <ns3:hr>112</ns3:hr>
          </ns3:TrackPointExtension>
        </extensions>
      </trkpt>
      <trkpt lat="36.67485346086323261260986328125" lon="117.28729491122066974639892578125">
        <ele>152.8000030517578125</ele>
        <time>2026-08-14T00:24:21.000Z</time>
        <extensions>
          <ns3:TrackPointExtension>
            <ns3:hr>112</ns3:hr>
          </ns3:TrackPointExtension>
        </extensions>
      </trkpt>
      <trkpt lat="36.67487676255404949188232421875" lon="117.2872866131365299224853515625">
        <ele>152.8000030517578125</ele>
        <time>2026-08-14T00:24:23.000Z</time>
        <extensions>
          <ns3:TrackPointExtension>
            <ns3:hr>112</ns3:hr>
          </ns3:TrackPointExtension>
        </extensions>
      </trkpt>
      <trkpt lat="36.6749212704598903656005859375" lon="117.28728435002267360687255859375">
        <ele>152.600006103515625</ele>
        <time>2026-08-14T00:24:26.000Z</time>
        <extensions>
          <ns3:TrackPointExtension>
            <ns3:hr>112</ns3:hr>
          </ns3:TrackPointExtension>
        </extensions>
      </trkpt>
      <trkpt lat="36.674965359270572662353515625" lon="117.28728116489946842193603515625">
        <ele>152.600006103515625</ele>
        <time>2026-08-14T00:24:29.000Z</time>
        <extensions>
          <ns3:TrackPointExtension>
            <ns3:hr>113</ns3:hr>
          </ns3:TrackPointExtension>
        </extensions>
      </trkpt>
      <trkpt lat="36.67498589493334293365478515625" lon="117.28727839887142181396484375">
        <ele>152.399993896484375</ele>
        <time>2026-08-14T00:24:31.000Z</time>
        <extensions>
          <ns3:TrackPointExtension>
            <ns3:hr>114</ns3:hr>
          </ns3:TrackPointExtension>
        </extensions>
      </trkpt>
      <trkpt lat="36.675058566033840179443359375" lon="117.28728284128010272979736328125">
        <ele>152.1999969482421875</ele>
        <time>2026-08-14T00:24:37.000Z</time>
        <extensions>
          <ns3:TrackPointExtension>
            <ns3:hr>115</ns3:hr>
          </ns3:TrackPointExtension>
        </extensions>
      </trkpt>
      <trkpt lat="36.6751170717179775238037109375" lon="117.28727169334888458251953125">
        <ele>152</ele>
        <time>2026-08-14T00:24:42.000Z</time>
        <extensions>
          <ns3:TrackPointExtension>
            <ns3:hr>115</ns3:hr>
          </ns3:TrackPointExtension>
        </extensions>
      </trkpt>
      <trkpt lat="36.675145737826824188232421875" lon="117.28725492954254150390625">
        <ele>151.8000030517578125</ele>
        <time>2026-08-14T00:24:45.000Z</time>
        <extensions>
          <ns3:TrackPointExtension>
            <ns3:hr>112</ns3:hr>
          </ns3:TrackPointExtension>
        </extensions>
      </trkpt>
      <trkpt lat="36.67516820132732391357421875" lon="117.287247888743877410888671875">
        <ele>151.8000030517578125</ele>
        <time>2026-08-14T00:24:47.000Z</time>
        <extensions>
          <ns3:TrackPointExtension>
            <ns3:hr>109</ns3:hr>
          </ns3:TrackPointExtension>
        </extensions>
      </trkpt>
      <trkpt lat="36.6752064228057861328125" lon="117.287214696407318115234375">
        <ele>151.600006103515625</ele>
        <time>2026-08-14T00:24:51.000Z</time>
        <extensions>
          <ns3:TrackPointExtension>
            <ns3:hr>108</ns3:hr>
          </ns3:TrackPointExtension>
        </extensions>
      </trkpt>
      <trkpt lat="36.675251014530658721923828125" lon="117.28715091012418270111083984375">
        <ele>151.600006103515625</ele>
        <time>2026-08-14T00:24:56.000Z</time>
        <extensions>
          <ns3:TrackPointExtension>
            <ns3:hr>108</ns3:hr>
          </ns3:TrackPointExtension>
        </extensions>
      </trkpt>
      <trkpt lat="36.675321757793426513671875" lon="117.28708519600331783294677734375">
        <ele>151.399993896484375</ele>
        <time>2026-08-14T00:25:02.000Z</time>
        <extensions>
          <ns3:TrackPointExtension>
            <ns3:hr>107</ns3:hr>
          </ns3:TrackPointExtension>
        </extensions>
      </trkpt>
      <trkpt lat="36.67536894790828227996826171875" lon="117.28704798035323619842529296875">
        <ele>151.1999969482421875</ele>
        <time>2026-08-14T00:25:06.000Z</time>
        <extensions>
          <ns3:TrackPointExtension>
            <ns3:hr>108</ns3:hr>
          </ns3:TrackPointExtension>
        </extensions>
      </trkpt>
      <trkpt lat="36.67538856156170368194580078125" lon="117.28703658096492290496826171875">
        <ele>151.1999969482421875</ele>
        <time>2026-08-14T00:25:08.000Z</time>
        <extensions>
          <ns3:TrackPointExtension>
            <ns3:hr>108</ns3:hr>
          </ns3:TrackPointExtension>
        </extensions>
      </trkpt>
      <trkpt lat="36.67540901340544223785400390625" lon="117.28702451102435588836669921875">
        <ele>151</ele>
        <time>2026-08-14T00:25:10.000Z</time>
        <extensions>
          <ns3:TrackPointExtension>
            <ns3:hr>109</ns3:hr>
          </ns3:TrackPointExtension>
        </extensions>
      </trkpt>
      <trkpt lat="36.675468944013118743896484375" lon="117.2869939170777797698974609375">
        <ele>150.8000030517578125</ele>
        <time>2026-08-14T00:25:15.000Z</time>
        <extensions>
          <ns3:TrackPointExtension>
            <ns3:hr>109</ns3:hr>
          </ns3:TrackPointExtension>
        </extensions>
      </trkpt>
      <trkpt lat="36.6754939220845699310302734375" lon="117.286986373364925384521484375">
        <ele>150.8000030517578125</ele>
        <time>2026-08-14T00:25:17.000Z</time>
        <extensions>
          <ns3:TrackPointExtension>
            <ns3:hr>105</ns3:hr>
          </ns3:TrackPointExtension>
        </extensions>
      </trkpt>
      <trkpt lat="36.675522588193416595458984375" lon="117.286974973976612091064453125">
        <ele>150.8000030517578125</ele>
        <time>2026-08-14T00:25:19.000Z</time>
        <extensions>
          <ns3:TrackPointExtension>
            <ns3:hr>102</ns3:hr>
          </ns3:TrackPointExtension>
        </extensions>
      </trkpt>
      <trkpt lat="36.67557857930660247802734375" lon="117.286960892379283905029296875">
        <ele>150.600006103515625</ele>
        <time>2026-08-14T00:25:24.000Z</time>
        <extensions>
          <ns3:TrackPointExtension>
            <ns3:hr>104</ns3:hr>
          </ns3:TrackPointExtension>
        </extensions>
      </trkpt>
      <trkpt lat="36.6756360791623592376708984375" lon="117.28694940917193889617919921875">
        <ele>150.600006103515625</ele>
        <time>2026-08-14T00:25:29.000Z</time>
        <extensions>
          <ns3:TrackPointExtension>
            <ns3:hr>107</ns3:hr>
          </ns3:TrackPointExtension>
        </extensions>
      </trkpt>
      <trkpt lat="36.6756702773272991180419921875" lon="117.28693197481334209442138671875">
        <ele>150.600006103515625</ele>
        <time>2026-08-14T00:25:32.000Z</time>
        <extensions>
          <ns3:TrackPointExtension>
            <ns3:hr>110</ns3:hr>
          </ns3:TrackPointExtension>
        </extensions>
      </trkpt>
      <trkpt lat="36.67569416575133800506591796875" lon="117.28691286407411098480224609375">
        <ele>150.600006103515625</ele>
        <time>2026-08-14T00:25:34.000Z</time>
        <extensions>
          <ns3:TrackPointExtension>
            <ns3:hr>109</ns3:hr>
          </ns3:TrackPointExtension>
        </extensions>
      </trkpt>
      <trkpt lat="36.67571914382278919219970703125" lon="117.28689911775290966033935546875">
        <ele>150.600006103515625</ele>
        <time>2026-08-14T00:25:36.000Z</time>
        <extensions>
          <ns3:TrackPointExtension>
            <ns3:hr>107</ns3:hr>
          </ns3:TrackPointExtension>
        </extensions>
      </trkpt>
      <trkpt lat="36.67574621737003326416015625" lon="117.2868970222771167755126953125">
        <ele>150.600006103515625</ele>
        <time>2026-08-14T00:25:38.000Z</time>
        <extensions>
          <ns3:TrackPointExtension>
            <ns3:hr>106</ns3:hr>
          </ns3:TrackPointExtension>
        </extensions>
      </trkpt>
      <trkpt lat="36.675760634243488311767578125" lon="117.28689559735357761383056640625">
        <ele>150.1999969482421875</ele>
        <time>2026-08-14T00:25:42.000Z</time>
        <extensions>
          <ns3:TrackPointExtension>
            <ns3:hr>106</ns3:hr>
          </ns3:TrackPointExtension>
        </extensions>
      </trkpt>
      <trkpt lat="36.675815619528293609619140625" lon="117.28687816299498081207275390625">
        <ele>150.399993896484375</ele>
        <time>2026-08-14T00:25:46.000Z</time>
        <extensions>
          <ns3:TrackPointExtension>
            <ns3:hr>106</ns3:hr>
          </ns3:TrackPointExtension>
        </extensions>
      </trkpt>
      <trkpt lat="36.67582802474498748779296875" lon="117.28687564842402935028076171875">
        <ele>150.399993896484375</ele>
        <time>2026-08-14T00:25:47.000Z</time>
        <extensions>
          <ns3:TrackPointExtension>
            <ns3:hr>106</ns3:hr>
          </ns3:TrackPointExtension>
        </extensions>
      </trkpt>
      <trkpt lat="36.67591108940541744232177734375" lon="117.2868638299405574798583984375">
        <ele>150.399993896484375</ele>
        <time>2026-08-14T00:25:53.000Z</time>
        <extensions>
          <ns3:TrackPointExtension>
            <ns3:hr>109</ns3:hr>
          </ns3:TrackPointExtension>
        </extensions>
      </trkpt>
      <trkpt lat="36.6759378276765346527099609375" lon="117.28686676360666751861572265625">
        <ele>150.1999969482421875</ele>
        <time>2026-08-14T00:25:55.000Z</time>
        <extensions>
          <ns3:TrackPointExtension>
            <ns3:hr>111</ns3:hr>
          </ns3:TrackPointExtension>
        </extensions>
      </trkpt>
      <trkpt lat="36.6759507358074188232421875" lon="117.2868702001869678497314453125">
        <ele>150</ele>
        <time>2026-08-14T00:25:56.000Z</time>
        <extensions>
          <ns3:TrackPointExtension>
            <ns3:hr>111</ns3:hr>
          </ns3:TrackPointExtension>
        </extensions>
      </trkpt>
      <trkpt lat="36.6759646497666835784912109375" lon="117.2868718765676021575927734375">
        <ele>150</ele>
        <time>2026-08-14T00:25:57.000Z</time>
        <extensions>
          <ns3:TrackPointExtension>
            <ns3:hr>111</ns3:hr>
          </ns3:TrackPointExtension>
        </extensions>
      </trkpt>
      <trkpt lat="36.67599038220942020416259765625" lon="117.28686911053955554962158203125">
        <ele>150</ele>
        <time>2026-08-14T00:25:59.000Z</time>
        <extensions>
          <ns3:TrackPointExtension>
            <ns3:hr>113</ns3:hr>
          </ns3:TrackPointExtension>
        </extensions>
      </trkpt>
      <trkpt lat="36.6760102473199367523193359375" lon="117.2868765704333782196044921875">
        <ele>150</ele>
        <time>2026-08-14T00:26:01.000Z</time>
        <extensions>
          <ns3:TrackPointExtension>
            <ns3:hr>115</ns3:hr>
          </ns3:TrackPointExtension>
        </extensions>
      </trkpt>
    </trkseg>
  </trk>
</gpx>
