<gpx xmlns:ns3="http://www.garmin.com/xmlschemas/TrackPointExtension/v1" xmlns="http://www.topografix.com/GPX/1/1" xmlns:xsi="http://www.w3.org/2001/XMLSchema-instance" xmlns:ns2="http://www.garmin.com/xmlschemas/GpxExtensions/v3" creator="Garmin Connect" version="1.1" xsi:schemaLocation="http://www.topografix.com/GPX/1/1 http://www.topografix.com/GPX/11.xsd">
  <extensions>
<distance>11283.42</distance>
<average_hr>133.0</average_hr>
<average_speed>3.7750000953674316</average_speed>
<start_time>2026-08-16T02:09:16+00:00</start_time>
<end_time>2026-08-16T02:59:04.859000+00:00</end_time>
<moving_time>2411.0</moving_time>
<elapsed_time>2989.845</elapsed_time>
</extensions>
<metadata>
    <link href="connect.garmin.com">
      <text>Garmin Connect</text>
    </link>
    <time>2026-08-16T02:09:16.000Z</time>
  </metadata>
  <trk>
    <name>济南市 追踪活动</name>
    <type>other</type>
    <trkseg>
      <trkpt lat="36.68623155914247035980224609375" lon="117.28886626660823822021484375">
        <ele>96.8000030517578125</ele>
        <time>2026-08-16T02:09:35.000Z</time>
        <extensions>
          <ns3:TrackPointExtension>
            <ns3:hr>107</ns3:hr>
          </ns3:TrackPointExtension>
        </extensions>
      </trkpt>
      <trkpt lat="36.6862267814576625823974609375" lon="117.2887266241014003753662109375">
        <ele>96.8000030517578125</ele>
        <time>2026-08-16T02:09:37.000Z</time>
        <extensions>
          <ns3:TrackPointExtension>
            <ns3:hr>108</ns3:hr>
          </ns3:TrackPointExtension>
        </extensions>
      </trkpt>
      <trkpt lat="36.68622921220958232879638671875" lon="117.28858865797519683837890625">
        <ele>96.8000030517578125</ele>
        <time>2026-08-16T02:09:39.000Z</time>
        <extensions>
          <ns3:TrackPointExtension>
            <ns3:hr>112</ns3:hr>
          </ns3:TrackPointExtension>
        </extensions>
      </trkpt>
      <trkpt lat="36.68622619472444057464599609375" lon="117.2884543798863887786865234375">
        <ele>96.59999847412109375</ele>
        <time>2026-08-16T02:09:41.000Z</time>
        <extensions>
          <ns3:TrackPointExtension>
            <ns3:hr>115</ns3:hr>
          </ns3:TrackPointExtension>
        </extensions>
      </trkpt>
      <trkpt lat="36.68622267432510852813720703125" lon="117.28803620673716068267822265625">
        <ele>97</ele>
        <time>2026-08-16T02:09:48.000Z</time>
        <extensions>
          <ns3:TrackPointExtension>
            <ns3:hr>114</ns3:hr>
          </ns3:TrackPointExtension>
        </extensions>
      </trkpt>
      <trkpt lat="36.6862210817635059356689453125" lon="117.287984155118465423583984375">
        <ele>97</ele>
        <time>2026-08-16T02:09:49.000Z</time>
        <extensions>
          <ns3:TrackPointExtension>
            <ns3:hr>114</ns3:hr>
          </ns3:TrackPointExtension>
        </extensions>
      </trkpt>
      <trkpt lat="36.686213202774524688720703125" lon="117.2877238132059574127197265625">
        <ele>97</ele>
        <time>2026-08-16T02:09:54.000Z</time>
        <extensions>
          <ns3:TrackPointExtension>
            <ns3:hr>111</ns3:hr>
          </ns3:TrackPointExtension>
        </extensions>
      </trkpt>
      <trkpt lat="36.68623440898954868316650390625" lon="117.28740504942834377288818359375">
        <ele>97.8000030517578125</ele>
        <time>2026-08-16T02:09:59.000Z</time>
        <extensions>
          <ns3:TrackPointExtension>
            <ns3:hr>112</ns3:hr>
          </ns3:TrackPointExtension>
        </extensions>
      </trkpt>
      <trkpt lat="36.68623625300824642181396484375" lon="117.287299521267414093017578125">
        <ele>97.40000152587890625</ele>
        <time>2026-08-16T02:10:01.000Z</time>
        <extensions>
          <ns3:TrackPointExtension>
            <ns3:hr>113</ns3:hr>
          </ns3:TrackPointExtension>
        </extensions>
      </trkpt>
      <trkpt lat="36.6862257756292819976806640625" lon="117.2871903888881206512451171875">
        <ele>96.8000030517578125</ele>
        <time>2026-08-16T02:10:03.000Z</time>
        <extensions>
          <ns3:TrackPointExtension>
            <ns3:hr>117</ns3:hr>
          </ns3:TrackPointExtension>
        </extensions>
      </trkpt>
      <trkpt lat="36.6862207464873790740966796875" lon="117.287141270935535430908203125">
        <ele>96.59999847412109375</ele>
        <time>2026-08-16T02:10:04.000Z</time>
        <extensions>
          <ns3:TrackPointExtension>
            <ns3:hr>117</ns3:hr>
          </ns3:TrackPointExtension>
        </extensions>
      </trkpt>
      <trkpt lat="36.68621462769806385040283203125" lon="117.2871065698564052581787109375">
        <ele>96.59999847412109375</ele>
        <time>2026-08-16T02:10:05.000Z</time>
        <extensions>
          <ns3:TrackPointExtension>
            <ns3:hr>117</ns3:hr>
          </ns3:TrackPointExtension>
        </extensions>
      </trkpt>
      <trkpt lat="36.68620758689939975738525390625" lon="117.287082932889461517333984375">
        <ele>96.8000030517578125</ele>
        <time>2026-08-16T02:10:06.000Z</time>
        <extensions>
          <ns3:TrackPointExtension>
            <ns3:hr>117</ns3:hr>
          </ns3:TrackPointExtension>
        </extensions>
      </trkpt>
      <trkpt lat="36.6861986182630062103271484375" lon="117.28703859262168407440185546875">
        <ele>97.1999969482421875</ele>
        <time>2026-08-16T02:10:09.000Z</time>
        <extensions>
          <ns3:TrackPointExtension>
            <ns3:hr>112</ns3:hr>
          </ns3:TrackPointExtension>
        </extensions>
      </trkpt>
      <trkpt lat="36.68619652278721332550048828125" lon="117.28702266700565814971923828125">
        <ele>97</ele>
        <time>2026-08-16T02:10:11.000Z</time>
        <extensions>
          <ns3:TrackPointExtension>
            <ns3:hr>109</ns3:hr>
          </ns3:TrackPointExtension>
        </extensions>
      </trkpt>
      <trkpt lat="36.68619786389172077178955078125" lon="117.28703138418495655059814453125">
        <ele>97</ele>
        <time>2026-08-16T02:10:15.000Z</time>
        <extensions>
          <ns3:TrackPointExtension>
            <ns3:hr>106</ns3:hr>
          </ns3:TrackPointExtension>
        </extensions>
      </trkpt>
      <trkpt lat="36.68621362186968326568603515625" lon="117.28703842498362064361572265625">
        <ele>97</ele>
        <time>2026-08-16T02:10:18.000Z</time>
        <extensions>
          <ns3:TrackPointExtension>
            <ns3:hr>104</ns3:hr>
          </ns3:TrackPointExtension>
        </extensions>
      </trkpt>
      <trkpt lat="36.68621211312711238861083984375" lon="117.28702350519597530364990234375">
        <ele>97</ele>
        <time>2026-08-16T02:10:21.000Z</time>
        <extensions>
          <ns3:TrackPointExtension>
            <ns3:hr>109</ns3:hr>
          </ns3:TrackPointExtension>
        </extensions>
      </trkpt>
      <trkpt lat="36.6862445510923862457275390625" lon="117.2870016284286975860595703125">
        <ele>96.8000030517578125</ele>
        <time>2026-08-16T02:10:23.000Z</time>
        <extensions>
          <ns3:TrackPointExtension>
            <ns3:hr>109</ns3:hr>
          </ns3:TrackPointExtension>
        </extensions>
      </trkpt>
      <trkpt lat="36.68640607036650180816650390625" lon="117.28699014522135257720947265625">
        <ele>96</ele>
        <time>2026-08-16T02:10:29.000Z</time>
        <extensions>
          <ns3:TrackPointExtension>
            <ns3:hr>110</ns3:hr>
          </ns3:TrackPointExtension>
        </extensions>
      </trkpt>
      <trkpt lat="36.68657773174345493316650390625" lon="117.28701394982635974884033203125">
        <ele>96.1999969482421875</ele>
        <time>2026-08-16T02:10:35.000Z</time>
        <extensions>
          <ns3:TrackPointExtension>
            <ns3:hr>106</ns3:hr>
          </ns3:TrackPointExtension>
        </extensions>
      </trkpt>
      <trkpt lat="36.68658980168402194976806640625" lon="117.28699819184839725494384765625">
        <ele>96.8000030517578125</ele>
        <time>2026-08-16T02:10:39.000Z</time>
        <extensions>
          <ns3:TrackPointExtension>
            <ns3:hr>107</ns3:hr>
          </ns3:TrackPointExtension>
        </extensions>
      </trkpt>
      <trkpt lat="36.6865851916372776031494140625" lon="117.28700003586709499359130859375">
        <ele>97</ele>
        <time>2026-08-16T02:10:41.000Z</time>
        <extensions>
          <ns3:TrackPointExtension>
            <ns3:hr>103</ns3:hr>
          </ns3:TrackPointExtension>
        </extensions>
      </trkpt>
      <trkpt lat="36.68658326379954814910888671875" lon="117.286997772753238677978515625">
        <ele>97</ele>
        <time>2026-08-16T02:10:42.000Z</time>
        <extensions>
          <ns3:TrackPointExtension>
            <ns3:hr>107</ns3:hr>
          </ns3:TrackPointExtension>
        </extensions>
      </trkpt>
      <trkpt lat="36.68658058159053325653076171875" lon="117.2869999520480632781982421875">
        <ele>96.8000030517578125</ele>
        <time>2026-08-16T02:10:43.000Z</time>
        <extensions>
          <ns3:TrackPointExtension>
            <ns3:hr>100</ns3:hr>
          </ns3:TrackPointExtension>
        </extensions>
      </trkpt>
      <trkpt lat="36.6865791566669940948486328125" lon="117.28699886240065097808837890625">
        <ele>96.8000030517578125</ele>
        <time>2026-08-16T02:10:44.000Z</time>
        <extensions>
          <ns3:TrackPointExtension>
            <ns3:hr>96</ns3:hr>
          </ns3:TrackPointExtension>
        </extensions>
      </trkpt>
      <trkpt lat="36.68657739646732807159423828125" lon="117.28699701838195323944091796875">
        <ele>96.8000030517578125</ele>
        <time>2026-08-16T02:10:45.000Z</time>
        <extensions>
          <ns3:TrackPointExtension>
            <ns3:hr>96</ns3:hr>
          </ns3:TrackPointExtension>
        </extensions>
      </trkpt>
      <trkpt lat="36.6865771450102329254150390625" lon="117.28699634782969951629638671875">
        <ele>96.8000030517578125</ele>
        <time>2026-08-16T02:10:47.000Z</time>
        <extensions>
          <ns3:TrackPointExtension>
            <ns3:hr>106</ns3:hr>
          </ns3:TrackPointExtension>
        </extensions>
      </trkpt>
      <trkpt lat="36.68657789938151836395263671875" lon="117.28699685074388980865478515625">
        <ele>96.8000030517578125</ele>
        <time>2026-08-16T02:10:48.000Z</time>
        <extensions>
          <ns3:TrackPointExtension>
            <ns3:hr>110</ns3:hr>
          </ns3:TrackPointExtension>
        </extensions>
      </trkpt>
      <trkpt lat="36.68657756410539150238037109375" lon="117.28699810802936553955078125">
        <ele>96.8000030517578125</ele>
        <time>2026-08-16T02:10:51.000Z</time>
        <extensions>
          <ns3:TrackPointExtension>
            <ns3:hr>107</ns3:hr>
          </ns3:TrackPointExtension>
        </extensions>
      </trkpt>
      <trkpt lat="36.68657203204929828643798828125" lon="117.286999784409999847412109375">
        <ele>96.59999847412109375</ele>
        <time>2026-08-16T02:10:57.000Z</time>
        <extensions>
          <ns3:TrackPointExtension>
            <ns3:hr>106</ns3:hr>
          </ns3:TrackPointExtension>
        </extensions>
      </trkpt>
      <trkpt lat="36.68657152913510799407958984375" lon="117.28700171224772930145263671875">
        <ele>96.59999847412109375</ele>
        <time>2026-08-16T02:11:03.000Z</time>
        <extensions>
          <ns3:TrackPointExtension>
            <ns3:hr>101</ns3:hr>
          </ns3:TrackPointExtension>
        </extensions>
      </trkpt>
      <trkpt lat="36.6865701042115688323974609375" lon="117.28700213134288787841796875">
        <ele>96.40000152587890625</ele>
        <time>2026-08-16T02:11:08.000Z</time>
        <extensions>
          <ns3:TrackPointExtension>
            <ns3:hr>101</ns3:hr>
          </ns3:TrackPointExtension>
        </extensions>
      </trkpt>
      <trkpt lat="36.686570607125759124755859375" lon="117.2870026342570781707763671875">
        <ele>96.40000152587890625</ele>
        <time>2026-08-16T02:11:11.000Z</time>
        <extensions>
          <ns3:TrackPointExtension>
            <ns3:hr>104</ns3:hr>
          </ns3:TrackPointExtension>
        </extensions>
      </trkpt>
      <trkpt lat="36.686571948230266571044921875" lon="117.28700288571417331695556640625">
        <ele>96.40000152587890625</ele>
        <time>2026-08-16T02:11:21.000Z</time>
        <extensions>
          <ns3:TrackPointExtension>
            <ns3:hr>102</ns3:hr>
          </ns3:TrackPointExtension>
        </extensions>
      </trkpt>
      <trkpt lat="36.68656884692609310150146484375" lon="117.28700221516191959381103515625">
        <ele>96.1999969482421875</ele>
        <time>2026-08-16T02:11:29.000Z</time>
        <extensions>
          <ns3:TrackPointExtension>
            <ns3:hr>102</ns3:hr>
          </ns3:TrackPointExtension>
        </extensions>
      </trkpt>
      <trkpt lat="36.68656683526933193206787109375" lon="117.28700154460966587066650390625">
        <ele>96.1999969482421875</ele>
        <time>2026-08-16T02:11:34.000Z</time>
        <extensions>
          <ns3:TrackPointExtension>
            <ns3:hr>106</ns3:hr>
          </ns3:TrackPointExtension>
        </extensions>
      </trkpt>
      <trkpt lat="36.68656700290739536285400390625" lon="117.2870014607906341552734375">
        <ele>96.1999969482421875</ele>
        <time>2026-08-16T02:11:36.000Z</time>
        <extensions>
          <ns3:TrackPointExtension>
            <ns3:hr>106</ns3:hr>
          </ns3:TrackPointExtension>
        </extensions>
      </trkpt>
      <trkpt lat="36.6865667514503002166748046875" lon="117.28700238279998302459716796875">
        <ele>96.1999969482421875</ele>
        <time>2026-08-16T02:11:37.000Z</time>
        <extensions>
          <ns3:TrackPointExtension>
            <ns3:hr>106</ns3:hr>
          </ns3:TrackPointExtension>
        </extensions>
      </trkpt>
      <trkpt lat="36.68656666763126850128173828125" lon="117.287002466619014739990234375">
        <ele>96.1999969482421875</ele>
        <time>2026-08-16T02:11:38.000Z</time>
        <extensions>
          <ns3:TrackPointExtension>
            <ns3:hr>105</ns3:hr>
          </ns3:TrackPointExtension>
        </extensions>
      </trkpt>
      <trkpt lat="36.68656582944095134735107421875" lon="117.287003807723522186279296875">
        <ele>96</ele>
        <time>2026-08-16T02:11:40.000Z</time>
        <extensions>
          <ns3:TrackPointExtension>
            <ns3:hr>102</ns3:hr>
          </ns3:TrackPointExtension>
        </extensions>
      </trkpt>
      <trkpt lat="36.6865654103457927703857421875" lon="117.2870039753615856170654296875">
        <ele>96</ele>
        <time>2026-08-16T02:11:41.000Z</time>
        <extensions>
          <ns3:TrackPointExtension>
            <ns3:hr>99</ns3:hr>
          </ns3:TrackPointExtension>
        </extensions>
      </trkpt>
      <trkpt lat="36.686565577983856201171875" lon="117.28700422681868076324462890625">
        <ele>96</ele>
        <time>2026-08-16T02:11:43.000Z</time>
        <extensions>
          <ns3:TrackPointExtension>
            <ns3:hr>96</ns3:hr>
          </ns3:TrackPointExtension>
        </extensions>
      </trkpt>
      <trkpt lat="36.686562560498714447021484375" lon="117.2870039753615856170654296875">
        <ele>96</ele>
        <time>2026-08-16T02:11:48.000Z</time>
        <extensions>
          <ns3:TrackPointExtension>
            <ns3:hr>94</ns3:hr>
          </ns3:TrackPointExtension>
        </extensions>
      </trkpt>
      <trkpt lat="36.68655476532876491546630859375" lon="117.2870016284286975860595703125">
        <ele>96</ele>
        <time>2026-08-16T02:11:53.000Z</time>
        <extensions>
          <ns3:TrackPointExtension>
            <ns3:hr>97</ns3:hr>
          </ns3:TrackPointExtension>
        </extensions>
      </trkpt>
      <trkpt lat="36.686554513871669769287109375" lon="117.28700338862836360931396484375">
        <ele>96</ele>
        <time>2026-08-16T02:11:54.000Z</time>
        <extensions>
          <ns3:TrackPointExtension>
            <ns3:hr>98</ns3:hr>
          </ns3:TrackPointExtension>
        </extensions>
      </trkpt>
      <trkpt lat="36.6865590400993824005126953125" lon="117.28700255043804645538330078125">
        <ele>95.8000030517578125</ele>
        <time>2026-08-16T02:12:02.000Z</time>
        <extensions>
          <ns3:TrackPointExtension>
            <ns3:hr>98</ns3:hr>
          </ns3:TrackPointExtension>
        </extensions>
      </trkpt>
      <trkpt lat="36.68656532652676105499267578125" lon="117.28695896454155445098876953125">
        <ele>95.59999847412109375</ele>
        <time>2026-08-16T02:12:07.000Z</time>
        <extensions>
          <ns3:TrackPointExtension>
            <ns3:hr>100</ns3:hr>
          </ns3:TrackPointExtension>
        </extensions>
      </trkpt>
      <trkpt lat="36.68654034845530986785888671875" lon="117.286782525479793548583984375">
        <ele>96.1999969482421875</ele>
        <time>2026-08-16T02:12:13.000Z</time>
        <extensions>
          <ns3:TrackPointExtension>
            <ns3:hr>102</ns3:hr>
          </ns3:TrackPointExtension>
        </extensions>
      </trkpt>
      <trkpt lat="36.6865053959190845489501953125" lon="117.286535091698169708251953125">
        <ele>96.59999847412109375</ele>
        <time>2026-08-16T02:12:18.000Z</time>
        <extensions>
          <ns3:TrackPointExtension>
            <ns3:hr>101</ns3:hr>
          </ns3:TrackPointExtension>
        </extensions>
      </trkpt>
      <trkpt lat="36.6864785738289356231689453125" lon="117.28629360906779766082763671875">
        <ele>97</ele>
        <time>2026-08-16T02:12:22.000Z</time>
        <extensions>
          <ns3:TrackPointExtension>
            <ns3:hr>98</ns3:hr>
          </ns3:TrackPointExtension>
        </extensions>
      </trkpt>
      <trkpt lat="36.686461307108402252197265625" lon="117.28623124770820140838623046875">
        <ele>97</ele>
        <time>2026-08-16T02:12:23.000Z</time>
        <extensions>
          <ns3:TrackPointExtension>
            <ns3:hr>96</ns3:hr>
          </ns3:TrackPointExtension>
        </extensions>
      </trkpt>
      <trkpt lat="36.6864366643130779266357421875" lon="117.28589395992457866668701171875">
        <ele>97</ele>
        <time>2026-08-16T02:12:28.000Z</time>
        <extensions>
          <ns3:TrackPointExtension>
            <ns3:hr>98</ns3:hr>
          </ns3:TrackPointExtension>
        </extensions>
      </trkpt>
      <trkpt lat="36.6864349879324436187744140625" lon="117.28582204319536685943603515625">
        <ele>96.8000030517578125</ele>
        <time>2026-08-16T02:12:29.000Z</time>
        <extensions>
          <ns3:TrackPointExtension>
            <ns3:hr>101</ns3:hr>
          </ns3:TrackPointExtension>
        </extensions>
      </trkpt>
      <trkpt lat="36.686433143913745880126953125" lon="117.28574928827583789825439453125">
        <ele>97</ele>
        <time>2026-08-16T02:12:30.000Z</time>
        <extensions>
          <ns3:TrackPointExtension>
            <ns3:hr>101</ns3:hr>
          </ns3:TrackPointExtension>
        </extensions>
      </trkpt>
      <trkpt lat="36.68642677366733551025390625" lon="117.2853617928922176361083984375">
        <ele>97.59999847412109375</ele>
        <time>2026-08-16T02:12:35.000Z</time>
        <extensions>
          <ns3:TrackPointExtension>
            <ns3:hr>105</ns3:hr>
          </ns3:TrackPointExtension>
        </extensions>
      </trkpt>
      <trkpt lat="36.68642400763928890228271484375" lon="117.28528006933629512786865234375">
        <ele>97.1999969482421875</ele>
        <time>2026-08-16T02:12:36.000Z</time>
        <extensions>
          <ns3:TrackPointExtension>
            <ns3:hr>107</ns3:hr>
          </ns3:TrackPointExtension>
        </extensions>
      </trkpt>
      <trkpt lat="36.68642652221024036407470703125" lon="117.28510974906384944915771484375">
        <ele>96.8000030517578125</ele>
        <time>2026-08-16T02:12:38.000Z</time>
        <extensions>
          <ns3:TrackPointExtension>
            <ns3:hr>111</ns3:hr>
          </ns3:TrackPointExtension>
        </extensions>
      </trkpt>
      <trkpt lat="36.68642601929605007171630859375" lon="117.28493188507854938507080078125">
        <ele>96.40000152587890625</ele>
        <time>2026-08-16T02:12:40.000Z</time>
        <extensions>
          <ns3:TrackPointExtension>
            <ns3:hr>114</ns3:hr>
          </ns3:TrackPointExtension>
        </extensions>
      </trkpt>
      <trkpt lat="36.6864279471337795257568359375" lon="117.28483867831528186798095703125">
        <ele>96.1999969482421875</ele>
        <time>2026-08-16T02:12:41.000Z</time>
        <extensions>
          <ns3:TrackPointExtension>
            <ns3:hr>107</ns3:hr>
          </ns3:TrackPointExtension>
        </extensions>
      </trkpt>
      <trkpt lat="36.68642803095281124114990234375" lon="117.28474329225718975067138671875">
        <ele>96.1999969482421875</ele>
        <time>2026-08-16T02:12:42.000Z</time>
        <extensions>
          <ns3:TrackPointExtension>
            <ns3:hr>107</ns3:hr>
          </ns3:TrackPointExtension>
        </extensions>
      </trkpt>
      <trkpt lat="36.68643347918987274169921875" lon="117.284363172948360443115234375">
        <ele>95.59999847412109375</ele>
        <time>2026-08-16T02:12:46.000Z</time>
        <extensions>
          <ns3:TrackPointExtension>
            <ns3:hr>109</ns3:hr>
          </ns3:TrackPointExtension>
        </extensions>
      </trkpt>
      <trkpt lat="36.686434485018253326416015625" lon="117.28427432477474212646484375">
        <ele>95.59999847412109375</ele>
        <time>2026-08-16T02:12:47.000Z</time>
        <extensions>
          <ns3:TrackPointExtension>
            <ns3:hr>113</ns3:hr>
          </ns3:TrackPointExtension>
        </extensions>
      </trkpt>
      <trkpt lat="36.68643750250339508056640625" lon="117.28409889154136180877685546875">
        <ele>95.59999847412109375</ele>
        <time>2026-08-16T02:12:49.000Z</time>
        <extensions>
          <ns3:TrackPointExtension>
            <ns3:hr>117</ns3:hr>
          </ns3:TrackPointExtension>
        </extensions>
      </trkpt>
      <trkpt lat="36.6864353232085704803466796875" lon="117.28401104919612407684326171875">
        <ele>95.8000030517578125</ele>
        <time>2026-08-16T02:12:50.000Z</time>
        <extensions>
          <ns3:TrackPointExtension>
            <ns3:hr>120</ns3:hr>
          </ns3:TrackPointExtension>
        </extensions>
      </trkpt>
      <trkpt lat="36.686431132256984710693359375" lon="117.28383167646825313568115234375">
        <ele>96</ele>
        <time>2026-08-16T02:12:52.000Z</time>
        <extensions>
          <ns3:TrackPointExtension>
            <ns3:hr>123</ns3:hr>
          </ns3:TrackPointExtension>
        </extensions>
      </trkpt>
      <trkpt lat="36.6864343173801898956298828125" lon="117.2832800634205341339111328125">
        <ele>95.59999847412109375</ele>
        <time>2026-08-16T02:12:58.000Z</time>
        <extensions>
          <ns3:TrackPointExtension>
            <ns3:hr>125</ns3:hr>
          </ns3:TrackPointExtension>
        </extensions>
      </trkpt>
      <trkpt lat="36.6864279471337795257568359375" lon="117.28272392414510250091552734375">
        <ele>95.1999969482421875</ele>
        <time>2026-08-16T02:13:04.000Z</time>
        <extensions>
          <ns3:TrackPointExtension>
            <ns3:hr>125</ns3:hr>
          </ns3:TrackPointExtension>
        </extensions>
      </trkpt>
      <trkpt lat="36.6864220798015594482421875" lon="117.282553017139434814453125">
        <ele>95.40000152587890625</ele>
        <time>2026-08-16T02:13:06.000Z</time>
        <extensions>
          <ns3:TrackPointExtension>
            <ns3:hr>126</ns3:hr>
          </ns3:TrackPointExtension>
        </extensions>
      </trkpt>
      <trkpt lat="36.6864309646189212799072265625" lon="117.28199922479689121246337890625">
        <ele>95.8000030517578125</ele>
        <time>2026-08-16T02:13:13.000Z</time>
        <extensions>
          <ns3:TrackPointExtension>
            <ns3:hr>128</ns3:hr>
          </ns3:TrackPointExtension>
        </extensions>
      </trkpt>
      <trkpt lat="36.6864467225968837738037109375" lon="117.281426824629306793212890625">
        <ele>95.40000152587890625</ele>
        <time>2026-08-16T02:13:20.000Z</time>
        <extensions>
          <ns3:TrackPointExtension>
            <ns3:hr>128</ns3:hr>
          </ns3:TrackPointExtension>
        </extensions>
      </trkpt>
      <trkpt lat="36.6864453814923763275146484375" lon="117.28126077912747859954833984375">
        <ele>95.59999847412109375</ele>
        <time>2026-08-16T02:13:22.000Z</time>
        <extensions>
          <ns3:TrackPointExtension>
            <ns3:hr>128</ns3:hr>
          </ns3:TrackPointExtension>
        </extensions>
      </trkpt>
      <trkpt lat="36.68644378893077373504638671875" lon="117.28065066039562225341796875">
        <ele>95.40000152587890625</ele>
        <time>2026-08-16T02:13:29.000Z</time>
        <extensions>
          <ns3:TrackPointExtension>
            <ns3:hr>129</ns3:hr>
          </ns3:TrackPointExtension>
        </extensions>
      </trkpt>
      <trkpt lat="36.6864416934549808502197265625" lon="117.28047388605773448944091796875">
        <ele>95.1999969482421875</ele>
        <time>2026-08-16T02:13:31.000Z</time>
        <extensions>
          <ns3:TrackPointExtension>
            <ns3:hr>130</ns3:hr>
          </ns3:TrackPointExtension>
        </extensions>
      </trkpt>
      <trkpt lat="36.68644295074045658111572265625" lon="117.27993073873221874237060546875">
        <ele>94.59999847412109375</ele>
        <time>2026-08-16T02:13:37.000Z</time>
        <extensions>
          <ns3:TrackPointExtension>
            <ns3:hr>133</ns3:hr>
          </ns3:TrackPointExtension>
        </extensions>
      </trkpt>
      <trkpt lat="36.6864433698356151580810546875" lon="117.27984105236828327178955078125">
        <ele>94.59999847412109375</ele>
        <time>2026-08-16T02:13:38.000Z</time>
        <extensions>
          <ns3:TrackPointExtension>
            <ns3:hr>133</ns3:hr>
          </ns3:TrackPointExtension>
        </extensions>
      </trkpt>
      <trkpt lat="36.686442196369171142578125" lon="117.27948280982673168182373046875">
        <ele>94.8000030517578125</ele>
        <time>2026-08-16T02:13:42.000Z</time>
        <extensions>
          <ns3:TrackPointExtension>
            <ns3:hr>136</ns3:hr>
          </ns3:TrackPointExtension>
        </extensions>
      </trkpt>
      <trkpt lat="36.6864520870149135589599609375" lon="117.2791400738060474395751953125">
        <ele>95.40000152587890625</ele>
        <time>2026-08-16T02:13:46.000Z</time>
        <extensions>
          <ns3:TrackPointExtension>
            <ns3:hr>138</ns3:hr>
          </ns3:TrackPointExtension>
        </extensions>
      </trkpt>
      <trkpt lat="36.68644278310239315032958984375" lon="117.278592400252819061279296875">
        <ele>95</ele>
        <time>2026-08-16T02:13:53.000Z</time>
        <extensions>
          <ns3:TrackPointExtension>
            <ns3:hr>138</ns3:hr>
          </ns3:TrackPointExtension>
        </extensions>
      </trkpt>
      <trkpt lat="36.6864299587905406951904296875" lon="117.278009019792079925537109375">
        <ele>94.59999847412109375</ele>
        <time>2026-08-16T02:14:00.000Z</time>
        <extensions>
          <ns3:TrackPointExtension>
            <ns3:hr>138</ns3:hr>
          </ns3:TrackPointExtension>
        </extensions>
      </trkpt>
      <trkpt lat="36.6864346526563167572021484375" lon="117.27774188853800296783447265625">
        <ele>94.40000152587890625</ele>
        <time>2026-08-16T02:14:03.000Z</time>
        <extensions>
          <ns3:TrackPointExtension>
            <ns3:hr>138</ns3:hr>
          </ns3:TrackPointExtension>
        </extensions>
      </trkpt>
      <trkpt lat="36.68645200319588184356689453125" lon="117.27747894823551177978515625">
        <ele>94</ele>
        <time>2026-08-16T02:14:06.000Z</time>
        <extensions>
          <ns3:TrackPointExtension>
            <ns3:hr>138</ns3:hr>
          </ns3:TrackPointExtension>
        </extensions>
      </trkpt>
      <trkpt lat="36.68646994046866893768310546875" lon="117.2770080529153347015380859375">
        <ele>94.59999847412109375</ele>
        <time>2026-08-16T02:14:12.000Z</time>
        <extensions>
          <ns3:TrackPointExtension>
            <ns3:hr>138</ns3:hr>
          </ns3:TrackPointExtension>
        </extensions>
      </trkpt>
      <trkpt lat="36.68646373786032199859619140625" lon="117.2767958231270313262939453125">
        <ele>94.1999969482421875</ele>
        <time>2026-08-16T02:14:15.000Z</time>
        <extensions>
          <ns3:TrackPointExtension>
            <ns3:hr>138</ns3:hr>
          </ns3:TrackPointExtension>
        </extensions>
      </trkpt>
      <trkpt lat="36.68646834790706634521484375" lon="117.2765956632792949676513671875">
        <ele>93.8000030517578125</ele>
        <time>2026-08-16T02:14:18.000Z</time>
        <extensions>
          <ns3:TrackPointExtension>
            <ns3:hr>137</ns3:hr>
          </ns3:TrackPointExtension>
        </extensions>
      </trkpt>
      <trkpt lat="36.6864728741347789764404296875" lon="117.27639709599316120147705078125">
        <ele>93.40000152587890625</ele>
        <time>2026-08-16T02:14:21.000Z</time>
        <extensions>
          <ns3:TrackPointExtension>
            <ns3:hr>134</ns3:hr>
          </ns3:TrackPointExtension>
        </extensions>
      </trkpt>
      <trkpt lat="36.68647362850606441497802734375" lon="117.27632869966328144073486328125">
        <ele>93.40000152587890625</ele>
        <time>2026-08-16T02:14:22.000Z</time>
        <extensions>
          <ns3:TrackPointExtension>
            <ns3:hr>132</ns3:hr>
          </ns3:TrackPointExtension>
        </extensions>
      </trkpt>
      <trkpt lat="36.68646625243127346038818359375" lon="117.27604924701154232025146484375">
        <ele>93.40000152587890625</ele>
        <time>2026-08-16T02:14:26.000Z</time>
        <extensions>
          <ns3:TrackPointExtension>
            <ns3:hr>130</ns3:hr>
          </ns3:TrackPointExtension>
        </extensions>
      </trkpt>
      <trkpt lat="36.686462648212909698486328125" lon="117.27548765949904918670654296875">
        <ele>93</ele>
        <time>2026-08-16T02:14:34.000Z</time>
        <extensions>
          <ns3:TrackPointExtension>
            <ns3:hr>129</ns3:hr>
          </ns3:TrackPointExtension>
        </extensions>
      </trkpt>
      <trkpt lat="36.6864658333361148834228515625" lon="117.27500720880925655364990234375">
        <ele>94</ele>
        <time>2026-08-16T02:14:41.000Z</time>
        <extensions>
          <ns3:TrackPointExtension>
            <ns3:hr>128</ns3:hr>
          </ns3:TrackPointExtension>
        </extensions>
      </trkpt>
      <trkpt lat="36.68645937927067279815673828125" lon="117.27472222410142421722412109375">
        <ele>93.1999969482421875</ele>
        <time>2026-08-16T02:14:45.000Z</time>
        <extensions>
          <ns3:TrackPointExtension>
            <ns3:hr>129</ns3:hr>
          </ns3:TrackPointExtension>
        </extensions>
      </trkpt>
      <trkpt lat="36.68646189384162425994873046875" lon="117.2745890356600284576416015625">
        <ele>93</ele>
        <time>2026-08-16T02:14:47.000Z</time>
        <extensions>
          <ns3:TrackPointExtension>
            <ns3:hr>131</ns3:hr>
          </ns3:TrackPointExtension>
        </extensions>
      </trkpt>
      <trkpt lat="36.6864691860973834991455078125" lon="117.27428376674652099609375">
        <ele>93</ele>
        <time>2026-08-16T02:14:52.000Z</time>
        <extensions>
          <ns3:TrackPointExtension>
            <ns3:hr>128</ns3:hr>
          </ns3:TrackPointExtension>
        </extensions>
      </trkpt>
      <trkpt lat="36.68647245503962039947509765625" lon="117.2741595469415187835693359375">
        <ele>92.8000030517578125</ele>
        <time>2026-08-16T02:14:54.000Z</time>
        <extensions>
          <ns3:TrackPointExtension>
            <ns3:hr>127</ns3:hr>
          </ns3:TrackPointExtension>
        </extensions>
      </trkpt>
      <trkpt lat="36.6864685155451297760009765625" lon="117.27395930327475070953369140625">
        <ele>93.40000152587890625</ele>
        <time>2026-08-16T02:14:57.000Z</time>
        <extensions>
          <ns3:TrackPointExtension>
            <ns3:hr>124</ns3:hr>
          </ns3:TrackPointExtension>
        </extensions>
      </trkpt>
      <trkpt lat="36.6864668391644954681396484375" lon="117.2736844606697559356689453125">
        <ele>94</ele>
        <time>2026-08-16T02:15:01.000Z</time>
        <extensions>
          <ns3:TrackPointExtension>
            <ns3:hr>125</ns3:hr>
          </ns3:TrackPointExtension>
        </extensions>
      </trkpt>
      <trkpt lat="36.68647061102092266082763671875" lon="117.2731631062924861907958984375">
        <ele>93.8000030517578125</ele>
        <time>2026-08-16T02:15:08.000Z</time>
        <extensions>
          <ns3:TrackPointExtension>
            <ns3:hr>126</ns3:hr>
          </ns3:TrackPointExtension>
        </extensions>
      </trkpt>
      <trkpt lat="36.686467342078685760498046875" lon="117.27293017320334911346435546875">
        <ele>93.59999847412109375</ele>
        <time>2026-08-16T02:15:11.000Z</time>
        <extensions>
          <ns3:TrackPointExtension>
            <ns3:hr>129</ns3:hr>
          </ns3:TrackPointExtension>
        </extensions>
      </trkpt>
      <trkpt lat="36.68647178448736667633056640625" lon="117.272695563733577728271484375">
        <ele>93.40000152587890625</ele>
        <time>2026-08-16T02:15:14.000Z</time>
        <extensions>
          <ns3:TrackPointExtension>
            <ns3:hr>129</ns3:hr>
          </ns3:TrackPointExtension>
        </extensions>
      </trkpt>
      <trkpt lat="36.68647027574479579925537109375" lon="117.2722176276147365570068359375">
        <ele>93.59999847412109375</ele>
        <time>2026-08-16T02:15:20.000Z</time>
        <extensions>
          <ns3:TrackPointExtension>
            <ns3:hr>132</ns3:hr>
          </ns3:TrackPointExtension>
        </extensions>
      </trkpt>
      <trkpt lat="36.68647111393511295318603515625" lon="117.27213867008686065673828125">
        <ele>93.59999847412109375</ele>
        <time>2026-08-16T02:15:21.000Z</time>
        <extensions>
          <ns3:TrackPointExtension>
            <ns3:hr>132</ns3:hr>
          </ns3:TrackPointExtension>
        </extensions>
      </trkpt>
      <trkpt lat="36.68647949583828449249267578125" lon="117.27149016223847866058349609375">
        <ele>93</ele>
        <time>2026-08-16T02:15:29.000Z</time>
        <extensions>
          <ns3:TrackPointExtension>
            <ns3:hr>134</ns3:hr>
          </ns3:TrackPointExtension>
        </extensions>
      </trkpt>
      <trkpt lat="36.68647681362926959991455078125" lon="117.27140852250158786773681640625">
        <ele>93</ele>
        <time>2026-08-16T02:15:30.000Z</time>
        <extensions>
          <ns3:TrackPointExtension>
            <ns3:hr>134</ns3:hr>
          </ns3:TrackPointExtension>
        </extensions>
      </trkpt>
      <trkpt lat="36.6864842735230922698974609375" lon="117.271076180040836334228515625">
        <ele>93</ele>
        <time>2026-08-16T02:15:34.000Z</time>
        <extensions>
          <ns3:TrackPointExtension>
            <ns3:hr>137</ns3:hr>
          </ns3:TrackPointExtension>
        </extensions>
      </trkpt>
      <trkpt lat="36.68648368678987026214599609375" lon="117.27082363329827785491943359375">
        <ele>93</ele>
        <time>2026-08-16T02:15:37.000Z</time>
        <extensions>
          <ns3:TrackPointExtension>
            <ns3:hr>138</ns3:hr>
          </ns3:TrackPointExtension>
        </extensions>
      </trkpt>
      <trkpt lat="36.68648653663694858551025390625" lon="117.27024813182651996612548828125">
        <ele>92.8000030517578125</ele>
        <time>2026-08-16T02:15:44.000Z</time>
        <extensions>
          <ns3:TrackPointExtension>
            <ns3:hr>138</ns3:hr>
          </ns3:TrackPointExtension>
        </extensions>
      </trkpt>
      <trkpt lat="36.686484776437282562255859375" lon="117.27017185650765895843505859375">
        <ele>92.8000030517578125</ele>
        <time>2026-08-16T02:15:45.000Z</time>
        <extensions>
          <ns3:TrackPointExtension>
            <ns3:hr>138</ns3:hr>
          </ns3:TrackPointExtension>
        </extensions>
      </trkpt>
      <trkpt lat="36.6864795796573162078857421875" lon="117.26995258592069149017333984375">
        <ele>92.1999969482421875</ele>
        <time>2026-08-16T02:15:48.000Z</time>
        <extensions>
          <ns3:TrackPointExtension>
            <ns3:hr>138</ns3:hr>
          </ns3:TrackPointExtension>
        </extensions>
      </trkpt>
      <trkpt lat="36.686479747295379638671875" lon="117.2696235962212085723876953125">
        <ele>91.8000030517578125</ele>
        <time>2026-08-16T02:15:53.000Z</time>
        <extensions>
          <ns3:TrackPointExtension>
            <ns3:hr>136</ns3:hr>
          </ns3:TrackPointExtension>
        </extensions>
      </trkpt>
      <trkpt lat="36.68648578226566314697265625" lon="117.26925437338650226593017578125">
        <ele>92.1999969482421875</ele>
        <time>2026-08-16T02:15:59.000Z</time>
        <extensions>
          <ns3:TrackPointExtension>
            <ns3:hr>133</ns3:hr>
          </ns3:TrackPointExtension>
        </extensions>
      </trkpt>
      <trkpt lat="36.686484776437282562255859375" lon="117.26919033564627170562744140625">
        <ele>92.1999969482421875</ele>
        <time>2026-08-16T02:16:00.000Z</time>
        <extensions>
          <ns3:TrackPointExtension>
            <ns3:hr>133</ns3:hr>
          </ns3:TrackPointExtension>
        </extensions>
      </trkpt>
      <trkpt lat="36.68648041784763336181640625" lon="117.268844582140445709228515625">
        <ele>91</ele>
        <time>2026-08-16T02:16:05.000Z</time>
        <extensions>
          <ns3:TrackPointExtension>
            <ns3:hr>133</ns3:hr>
          </ns3:TrackPointExtension>
        </extensions>
      </trkpt>
      <trkpt lat="36.68648486025631427764892578125" lon="117.26870351471006870269775390625">
        <ele>91.1999969482421875</ele>
        <time>2026-08-16T02:16:07.000Z</time>
        <extensions>
          <ns3:TrackPointExtension>
            <ns3:hr>132</ns3:hr>
          </ns3:TrackPointExtension>
        </extensions>
      </trkpt>
      <trkpt lat="36.6864879615604877471923828125" lon="117.2684082202613353729248046875">
        <ele>91.59999847412109375</ele>
        <time>2026-08-16T02:16:11.000Z</time>
        <extensions>
          <ns3:TrackPointExtension>
            <ns3:hr>129</ns3:hr>
          </ns3:TrackPointExtension>
        </extensions>
      </trkpt>
      <trkpt lat="36.68649106286466121673583984375" lon="117.26833420805633068084716796875">
        <ele>91.59999847412109375</ele>
        <time>2026-08-16T02:16:12.000Z</time>
        <extensions>
          <ns3:TrackPointExtension>
            <ns3:hr>128</ns3:hr>
          </ns3:TrackPointExtension>
        </extensions>
      </trkpt>
      <trkpt lat="36.68648921884596347808837890625" lon="117.26825793273746967315673828125">
        <ele>91.59999847412109375</ele>
        <time>2026-08-16T02:16:13.000Z</time>
        <extensions>
          <ns3:TrackPointExtension>
            <ns3:hr>128</ns3:hr>
          </ns3:TrackPointExtension>
        </extensions>
      </trkpt>
      <trkpt lat="36.6864906437695026397705078125" lon="117.26762912236154079437255859375">
        <ele>91.8000030517578125</ele>
        <time>2026-08-16T02:16:21.000Z</time>
        <extensions>
          <ns3:TrackPointExtension>
            <ns3:hr>130</ns3:hr>
          </ns3:TrackPointExtension>
        </extensions>
      </trkpt>
      <trkpt lat="36.686486788094043731689453125" lon="117.2671516053378582000732421875">
        <ele>91.8000030517578125</ele>
        <time>2026-08-16T02:16:27.000Z</time>
        <extensions>
          <ns3:TrackPointExtension>
            <ns3:hr>132</ns3:hr>
          </ns3:TrackPointExtension>
        </extensions>
      </trkpt>
      <trkpt lat="36.686483435332775115966796875" lon="117.2669326700270175933837890625">
        <ele>91.1999969482421875</ele>
        <time>2026-08-16T02:16:30.000Z</time>
        <extensions>
          <ns3:TrackPointExtension>
            <ns3:hr>133</ns3:hr>
          </ns3:TrackPointExtension>
        </extensions>
      </trkpt>
      <trkpt lat="36.6864931583404541015625" lon="117.2667234577238559722900390625">
        <ele>90.8000030517578125</ele>
        <time>2026-08-16T02:16:33.000Z</time>
        <extensions>
          <ns3:TrackPointExtension>
            <ns3:hr>133</ns3:hr>
          </ns3:TrackPointExtension>
        </extensions>
      </trkpt>
      <trkpt lat="36.68649558909237384796142578125" lon="117.26635046303272247314453125">
        <ele>90</ele>
        <time>2026-08-16T02:16:39.000Z</time>
        <extensions>
          <ns3:TrackPointExtension>
            <ns3:hr>132</ns3:hr>
          </ns3:TrackPointExtension>
        </extensions>
      </trkpt>
      <trkpt lat="36.68649516999721527099609375" lon="117.2662939690053462982177734375">
        <ele>89.8000030517578125</ele>
        <time>2026-08-16T02:16:40.000Z</time>
        <extensions>
          <ns3:TrackPointExtension>
            <ns3:hr>131</ns3:hr>
          </ns3:TrackPointExtension>
        </extensions>
      </trkpt>
      <trkpt lat="36.68649709783494472503662109375" lon="117.2661927156150341033935546875">
        <ele>89.40000152587890625</ele>
        <time>2026-08-16T02:16:42.000Z</time>
        <extensions>
          <ns3:TrackPointExtension>
            <ns3:hr>130</ns3:hr>
          </ns3:TrackPointExtension>
        </extensions>
      </trkpt>
      <trkpt lat="36.686518304049968719482421875" lon="117.26613563485443592071533203125">
        <ele>89.40000152587890625</ele>
        <time>2026-08-16T02:16:44.000Z</time>
        <extensions>
          <ns3:TrackPointExtension>
            <ns3:hr>129</ns3:hr>
          </ns3:TrackPointExtension>
        </extensions>
      </trkpt>
      <trkpt lat="36.68654185719788074493408203125" lon="117.26608551107347011566162109375">
        <ele>89.40000152587890625</ele>
        <time>2026-08-16T02:16:48.000Z</time>
        <extensions>
          <ns3:TrackPointExtension>
            <ns3:hr>126</ns3:hr>
          </ns3:TrackPointExtension>
        </extensions>
      </trkpt>
      <trkpt lat="36.6865452937781810760498046875" lon="117.266088612377643585205078125">
        <ele>89.40000152587890625</ele>
        <time>2026-08-16T02:16:49.000Z</time>
        <extensions>
          <ns3:TrackPointExtension>
            <ns3:hr>126</ns3:hr>
          </ns3:TrackPointExtension>
        </extensions>
      </trkpt>
      <trkpt lat="36.6865429468452930450439453125" lon="117.26608869619667530059814453125">
        <ele>89</ele>
        <time>2026-08-16T02:16:55.000Z</time>
        <extensions>
          <ns3:TrackPointExtension>
            <ns3:hr>124</ns3:hr>
          </ns3:TrackPointExtension>
        </extensions>
      </trkpt>
      <trkpt lat="36.68654336594045162200927734375" lon="117.26608769036829471588134765625">
        <ele>89</ele>
        <time>2026-08-16T02:16:56.000Z</time>
        <extensions>
          <ns3:TrackPointExtension>
            <ns3:hr>124</ns3:hr>
          </ns3:TrackPointExtension>
        </extensions>
      </trkpt>
      <trkpt lat="36.6865409351885318756103515625" lon="117.266086600720882415771484375">
        <ele>89.59999847412109375</ele>
        <time>2026-08-16T02:17:01.000Z</time>
        <extensions>
          <ns3:TrackPointExtension>
            <ns3:hr>126</ns3:hr>
          </ns3:TrackPointExtension>
        </extensions>
      </trkpt>
      <trkpt lat="36.686538420617580413818359375" lon="117.2660817392170429229736328125">
        <ele>89.40000152587890625</ele>
        <time>2026-08-16T02:17:05.000Z</time>
        <extensions>
          <ns3:TrackPointExtension>
            <ns3:hr>129</ns3:hr>
          </ns3:TrackPointExtension>
        </extensions>
      </trkpt>
      <trkpt lat="36.68653883971273899078369140625" lon="117.2660815715789794921875">
        <ele>89.1999969482421875</ele>
        <time>2026-08-16T02:17:08.000Z</time>
        <extensions>
          <ns3:TrackPointExtension>
            <ns3:hr>128</ns3:hr>
          </ns3:TrackPointExtension>
        </extensions>
      </trkpt>
      <trkpt lat="36.68653850443661212921142578125" lon="117.26608215831220149993896484375">
        <ele>89.1999969482421875</ele>
        <time>2026-08-16T02:17:15.000Z</time>
        <extensions>
          <ns3:TrackPointExtension>
            <ns3:hr>125</ns3:hr>
          </ns3:TrackPointExtension>
        </extensions>
      </trkpt>
      <trkpt lat="36.6865400969982147216796875" lon="117.26608333177864551544189453125">
        <ele>89.1999969482421875</ele>
        <time>2026-08-16T02:17:19.000Z</time>
        <extensions>
          <ns3:TrackPointExtension>
            <ns3:hr>124</ns3:hr>
          </ns3:TrackPointExtension>
        </extensions>
      </trkpt>
      <trkpt lat="36.6865392588078975677490234375" lon="117.2660881094634532928466796875">
        <ele>89.40000152587890625</ele>
        <time>2026-08-16T02:17:28.000Z</time>
        <extensions>
          <ns3:TrackPointExtension>
            <ns3:hr>121</ns3:hr>
          </ns3:TrackPointExtension>
        </extensions>
      </trkpt>
      <trkpt lat="36.6865395940840244293212890625" lon="117.2660884447395801544189453125">
        <ele>89.40000152587890625</ele>
        <time>2026-08-16T02:17:30.000Z</time>
        <extensions>
          <ns3:TrackPointExtension>
            <ns3:hr>118</ns3:hr>
          </ns3:TrackPointExtension>
        </extensions>
      </trkpt>
      <trkpt lat="36.68654386885464191436767578125" lon="117.26608626544475555419921875">
        <ele>89.40000152587890625</ele>
        <time>2026-08-16T02:17:31.000Z</time>
        <extensions>
          <ns3:TrackPointExtension>
            <ns3:hr>118</ns3:hr>
          </ns3:TrackPointExtension>
        </extensions>
      </trkpt>
      <trkpt lat="36.68654386885464191436767578125" lon="117.26608618162572383880615234375">
        <ele>89.40000152587890625</ele>
        <time>2026-08-16T02:17:32.000Z</time>
        <extensions>
          <ns3:TrackPointExtension>
            <ns3:hr>121</ns3:hr>
          </ns3:TrackPointExtension>
        </extensions>
      </trkpt>
      <trkpt lat="36.68654370121657848358154296875" lon="117.26609003730118274688720703125">
        <ele>89</ele>
        <time>2026-08-16T02:17:38.000Z</time>
        <extensions>
          <ns3:TrackPointExtension>
            <ns3:hr>121</ns3:hr>
          </ns3:TrackPointExtension>
        </extensions>
      </trkpt>
      <trkpt lat="36.68653900735080242156982421875" lon="117.26606958545744419097900390625">
        <ele>88.8000030517578125</ele>
        <time>2026-08-16T02:17:48.000Z</time>
        <extensions>
          <ns3:TrackPointExtension>
            <ns3:hr>120</ns3:hr>
          </ns3:TrackPointExtension>
        </extensions>
      </trkpt>
      <trkpt lat="36.6865597106516361236572265625" lon="117.2659348882734775543212890625">
        <ele>88.40000152587890625</ele>
        <time>2026-08-16T02:17:53.000Z</time>
        <extensions>
          <ns3:TrackPointExtension>
            <ns3:hr>117</ns3:hr>
          </ns3:TrackPointExtension>
        </extensions>
      </trkpt>
      <trkpt lat="36.68656398542225360870361328125" lon="117.2657967545092105865478515625">
        <ele>88</ele>
        <time>2026-08-16T02:17:56.000Z</time>
        <extensions>
          <ns3:TrackPointExtension>
            <ns3:hr>116</ns3:hr>
          </ns3:TrackPointExtension>
        </extensions>
      </trkpt>
      <trkpt lat="36.686571277678012847900390625" lon="117.2656287811696529388427734375">
        <ele>87.8000030517578125</ele>
        <time>2026-08-16T02:17:59.000Z</time>
        <extensions>
          <ns3:TrackPointExtension>
            <ns3:hr>116</ns3:hr>
          </ns3:TrackPointExtension>
        </extensions>
      </trkpt>
      <trkpt lat="36.6865704394876956939697265625" lon="117.26556952111423015594482421875">
        <ele>87.8000030517578125</ele>
        <time>2026-08-16T02:18:00.000Z</time>
        <extensions>
          <ns3:TrackPointExtension>
            <ns3:hr>115</ns3:hr>
          </ns3:TrackPointExtension>
        </extensions>
      </trkpt>
      <trkpt lat="36.68657890520989894866943359375" lon="117.2653059102594852447509765625">
        <ele>88</ele>
        <time>2026-08-16T02:18:04.000Z</time>
        <extensions>
          <ns3:TrackPointExtension>
            <ns3:hr>115</ns3:hr>
          </ns3:TrackPointExtension>
        </extensions>
      </trkpt>
      <trkpt lat="36.68658108450472354888916015625" lon="117.26489326916635036468505859375">
        <ele>88</ele>
        <time>2026-08-16T02:18:10.000Z</time>
        <extensions>
          <ns3:TrackPointExtension>
            <ns3:hr>116</ns3:hr>
          </ns3:TrackPointExtension>
        </extensions>
      </trkpt>
      <trkpt lat="36.6865754686295986175537109375" lon="117.26468103937804698944091796875">
        <ele>88.8000030517578125</ele>
        <time>2026-08-16T02:18:13.000Z</time>
        <extensions>
          <ns3:TrackPointExtension>
            <ns3:hr>120</ns3:hr>
          </ns3:TrackPointExtension>
        </extensions>
      </trkpt>
      <trkpt lat="36.68657102622091770172119140625" lon="117.26453871466219425201416015625">
        <ele>89</ele>
        <time>2026-08-16T02:18:15.000Z</time>
        <extensions>
          <ns3:TrackPointExtension>
            <ns3:hr>123</ns3:hr>
          </ns3:TrackPointExtension>
        </extensions>
      </trkpt>
      <trkpt lat="36.686555184423923492431640625" lon="117.2643245570361614227294921875">
        <ele>88.8000030517578125</ele>
        <time>2026-08-16T02:18:18.000Z</time>
        <extensions>
          <ns3:TrackPointExtension>
            <ns3:hr>126</ns3:hr>
          </ns3:TrackPointExtension>
        </extensions>
      </trkpt>
      <trkpt lat="36.68654504232108592987060546875" lon="117.26396019570529460906982421875">
        <ele>89</ele>
        <time>2026-08-16T02:18:23.000Z</time>
        <extensions>
          <ns3:TrackPointExtension>
            <ns3:hr>127</ns3:hr>
          </ns3:TrackPointExtension>
        </extensions>
      </trkpt>
      <trkpt lat="36.6865493170917034149169921875" lon="117.2638092376291751861572265625">
        <ele>89.1999969482421875</ele>
        <time>2026-08-16T02:18:25.000Z</time>
        <extensions>
          <ns3:TrackPointExtension>
            <ns3:hr>127</ns3:hr>
          </ns3:TrackPointExtension>
        </extensions>
      </trkpt>
      <trkpt lat="36.6865530051290988922119140625" lon="117.26326919160783290863037109375">
        <ele>89.1999969482421875</ele>
        <time>2026-08-16T02:18:32.000Z</time>
        <extensions>
          <ns3:TrackPointExtension>
            <ns3:hr>130</ns3:hr>
          </ns3:TrackPointExtension>
        </extensions>
      </trkpt>
      <trkpt lat="36.6865546815097332000732421875" lon="117.263189144432544708251953125">
        <ele>89</ele>
        <time>2026-08-16T02:18:33.000Z</time>
        <extensions>
          <ns3:TrackPointExtension>
            <ns3:hr>130</ns3:hr>
          </ns3:TrackPointExtension>
        </extensions>
      </trkpt>
      <trkpt lat="36.686559878289699554443359375" lon="117.2626109607517719268798828125">
        <ele>88.59999847412109375</ele>
        <time>2026-08-16T02:18:40.000Z</time>
        <extensions>
          <ns3:TrackPointExtension>
            <ns3:hr>130</ns3:hr>
          </ns3:TrackPointExtension>
        </extensions>
      </trkpt>
      <trkpt lat="36.68656063266098499298095703125" lon="117.2625261358916759490966796875">
        <ele>88.40000152587890625</ele>
        <time>2026-08-16T02:18:41.000Z</time>
        <extensions>
          <ns3:TrackPointExtension>
            <ns3:hr>130</ns3:hr>
          </ns3:TrackPointExtension>
        </extensions>
      </trkpt>
      <trkpt lat="36.68655929155647754669189453125" lon="117.2623605094850063323974609375">
        <ele>88</ele>
        <time>2026-08-16T02:18:43.000Z</time>
        <extensions>
          <ns3:TrackPointExtension>
            <ns3:hr>130</ns3:hr>
          </ns3:TrackPointExtension>
        </extensions>
      </trkpt>
      <trkpt lat="36.686565242707729339599609375" lon="117.26194988004863262176513671875">
        <ele>88.40000152587890625</ele>
        <time>2026-08-16T02:18:48.000Z</time>
        <extensions>
          <ns3:TrackPointExtension>
            <ns3:hr>130</ns3:hr>
          </ns3:TrackPointExtension>
        </extensions>
      </trkpt>
      <trkpt lat="36.6865640692412853240966796875" lon="117.261701859533786773681640625">
        <ele>88.40000152587890625</ele>
        <time>2026-08-16T02:18:51.000Z</time>
        <extensions>
          <ns3:TrackPointExtension>
            <ns3:hr>133</ns3:hr>
          </ns3:TrackPointExtension>
        </extensions>
      </trkpt>
      <trkpt lat="36.686565577983856201171875" lon="117.26137454621493816375732421875">
        <ele>88.8000030517578125</ele>
        <time>2026-08-16T02:18:55.000Z</time>
        <extensions>
          <ns3:TrackPointExtension>
            <ns3:hr>135</ns3:hr>
          </ns3:TrackPointExtension>
        </extensions>
      </trkpt>
      <trkpt lat="36.68656566180288791656494140625" lon="117.261292822659015655517578125">
        <ele>89</ele>
        <time>2026-08-16T02:18:56.000Z</time>
        <extensions>
          <ns3:TrackPointExtension>
            <ns3:hr>136</ns3:hr>
          </ns3:TrackPointExtension>
        </extensions>
      </trkpt>
      <trkpt lat="36.68656758964061737060546875" lon="117.26084497757256031036376953125">
        <ele>88.59999847412109375</ele>
        <time>2026-08-16T02:19:02.000Z</time>
        <extensions>
          <ns3:TrackPointExtension>
            <ns3:hr>138</ns3:hr>
          </ns3:TrackPointExtension>
        </extensions>
      </trkpt>
      <trkpt lat="36.68657219968736171722412109375" lon="117.26051556877791881561279296875">
        <ele>87.8000030517578125</ele>
        <time>2026-08-16T02:19:07.000Z</time>
        <extensions>
          <ns3:TrackPointExtension>
            <ns3:hr>137</ns3:hr>
          </ns3:TrackPointExtension>
        </extensions>
      </trkpt>
      <trkpt lat="36.68657069094479084014892578125" lon="117.26044960319995880126953125">
        <ele>87.59999847412109375</ele>
        <time>2026-08-16T02:19:08.000Z</time>
        <extensions>
          <ns3:TrackPointExtension>
            <ns3:hr>136</ns3:hr>
          </ns3:TrackPointExtension>
        </extensions>
      </trkpt>
      <trkpt lat="36.6865696012973785400390625" lon="117.25994668900966644287109375">
        <ele>87.8000030517578125</ele>
        <time>2026-08-16T02:19:15.000Z</time>
        <extensions>
          <ns3:TrackPointExtension>
            <ns3:hr>135</ns3:hr>
          </ns3:TrackPointExtension>
        </extensions>
      </trkpt>
      <trkpt lat="36.68656817637383937835693359375" lon="117.25931846536695957183837890625">
        <ele>87.8000030517578125</ele>
        <time>2026-08-16T02:19:23.000Z</time>
        <extensions>
          <ns3:TrackPointExtension>
            <ns3:hr>135</ns3:hr>
          </ns3:TrackPointExtension>
        </extensions>
      </trkpt>
      <trkpt lat="36.6865828447043895721435546875" lon="117.25873407907783985137939453125">
        <ele>87.1999969482421875</ele>
        <time>2026-08-16T02:19:30.000Z</time>
        <extensions>
          <ns3:TrackPointExtension>
            <ns3:hr>137</ns3:hr>
          </ns3:TrackPointExtension>
        </extensions>
      </trkpt>
      <trkpt lat="36.68659935705363750457763671875" lon="117.25856426171958446502685546875">
        <ele>87.40000152587890625</ele>
        <time>2026-08-16T02:19:32.000Z</time>
        <extensions>
          <ns3:TrackPointExtension>
            <ns3:hr>138</ns3:hr>
          </ns3:TrackPointExtension>
        </extensions>
      </trkpt>
      <trkpt lat="36.6866086609661579132080078125" lon="117.25808431394398212432861328125">
        <ele>87.8000030517578125</ele>
        <time>2026-08-16T02:19:38.000Z</time>
        <extensions>
          <ns3:TrackPointExtension>
            <ns3:hr>140</ns3:hr>
          </ns3:TrackPointExtension>
        </extensions>
      </trkpt>
      <trkpt lat="36.68660824187099933624267578125" lon="117.2577404044568538665771484375">
        <ele>88</ele>
        <time>2026-08-16T02:19:44.000Z</time>
        <extensions>
          <ns3:TrackPointExtension>
            <ns3:hr>140</ns3:hr>
          </ns3:TrackPointExtension>
        </extensions>
      </trkpt>
      <trkpt lat="36.68661042116582393646240234375" lon="117.25770561955869197845458984375">
        <ele>87.8000030517578125</ele>
        <time>2026-08-16T02:19:45.000Z</time>
        <extensions>
          <ns3:TrackPointExtension>
            <ns3:hr>140</ns3:hr>
          </ns3:TrackPointExtension>
        </extensions>
      </trkpt>
      <trkpt lat="36.68662500567734241485595703125" lon="117.25766588933765888214111328125">
        <ele>87.8000030517578125</ele>
        <time>2026-08-16T02:19:48.000Z</time>
        <extensions>
          <ns3:TrackPointExtension>
            <ns3:hr>139</ns3:hr>
          </ns3:TrackPointExtension>
        </extensions>
      </trkpt>
      <trkpt lat="36.68662064708769321441650390625" lon="117.25766387768089771270751953125">
        <ele>87.8000030517578125</ele>
        <time>2026-08-16T02:19:49.000Z</time>
        <extensions>
          <ns3:TrackPointExtension>
            <ns3:hr>138</ns3:hr>
          </ns3:TrackPointExtension>
        </extensions>
      </trkpt>
      <trkpt lat="36.68661779724061489105224609375" lon="117.25766278803348541259765625">
        <ele>87.59999847412109375</ele>
        <time>2026-08-16T02:19:53.000Z</time>
        <extensions>
          <ns3:TrackPointExtension>
            <ns3:hr>136</ns3:hr>
          </ns3:TrackPointExtension>
        </extensions>
      </trkpt>
      <trkpt lat="36.68661662377417087554931640625" lon="117.25766438059508800506591796875">
        <ele>87.40000152587890625</ele>
        <time>2026-08-16T02:20:00.000Z</time>
        <extensions>
          <ns3:TrackPointExtension>
            <ns3:hr>133</ns3:hr>
          </ns3:TrackPointExtension>
        </extensions>
      </trkpt>
      <trkpt lat="36.6866153664886951446533203125" lon="117.25766371004283428192138671875">
        <ele>87.40000152587890625</ele>
        <time>2026-08-16T02:20:06.000Z</time>
        <extensions>
          <ns3:TrackPointExtension>
            <ns3:hr>132</ns3:hr>
          </ns3:TrackPointExtension>
        </extensions>
      </trkpt>
      <trkpt lat="36.6866232454776763916015625" lon="117.25761895067989826202392578125">
        <ele>87</ele>
        <time>2026-08-16T02:20:14.000Z</time>
        <extensions>
          <ns3:TrackPointExtension>
            <ns3:hr>132</ns3:hr>
          </ns3:TrackPointExtension>
        </extensions>
      </trkpt>
      <trkpt lat="36.686660461127758026123046875" lon="117.25745047442615032196044921875">
        <ele>87.1999969482421875</ele>
        <time>2026-08-16T02:20:20.000Z</time>
        <extensions>
          <ns3:TrackPointExtension>
            <ns3:hr>131</ns3:hr>
          </ns3:TrackPointExtension>
        </extensions>
      </trkpt>
      <trkpt lat="36.6866552643477916717529296875" lon="117.2573550045490264892578125">
        <ele>87.1999969482421875</ele>
        <time>2026-08-16T02:20:23.000Z</time>
        <extensions>
          <ns3:TrackPointExtension>
            <ns3:hr>127</ns3:hr>
          </ns3:TrackPointExtension>
        </extensions>
      </trkpt>
      <trkpt lat="36.6866167075932025909423828125" lon="117.2572814114391803741455078125">
        <ele>87</ele>
        <time>2026-08-16T02:20:25.000Z</time>
        <extensions>
          <ns3:TrackPointExtension>
            <ns3:hr>124</ns3:hr>
          </ns3:TrackPointExtension>
        </extensions>
      </trkpt>
      <trkpt lat="36.686597764492034912109375" lon="117.2570896334946155548095703125">
        <ele>87</ele>
        <time>2026-08-16T02:20:29.000Z</time>
        <extensions>
          <ns3:TrackPointExtension>
            <ns3:hr>122</ns3:hr>
          </ns3:TrackPointExtension>
        </extensions>
      </trkpt>
      <trkpt lat="36.68659918941557407379150390625" lon="117.2567151300609111785888671875">
        <ele>87.8000030517578125</ele>
        <time>2026-08-16T02:20:36.000Z</time>
        <extensions>
          <ns3:TrackPointExtension>
            <ns3:hr>125</ns3:hr>
          </ns3:TrackPointExtension>
        </extensions>
      </trkpt>
      <trkpt lat="36.6866016201674938201904296875" lon="117.25666056387126445770263671875">
        <ele>87.8000030517578125</ele>
        <time>2026-08-16T02:20:37.000Z</time>
        <extensions>
          <ns3:TrackPointExtension>
            <ns3:hr>126</ns3:hr>
          </ns3:TrackPointExtension>
        </extensions>
      </trkpt>
      <trkpt lat="36.68659835122525691986083984375" lon="117.256448082625865936279296875">
        <ele>89</ele>
        <time>2026-08-16T02:20:41.000Z</time>
        <extensions>
          <ns3:TrackPointExtension>
            <ns3:hr>128</ns3:hr>
          </ns3:TrackPointExtension>
        </extensions>
      </trkpt>
      <trkpt lat="36.6866017878055572509765625" lon="117.25639653392136096954345703125">
        <ele>89.1999969482421875</ele>
        <time>2026-08-16T02:20:42.000Z</time>
        <extensions>
          <ns3:TrackPointExtension>
            <ns3:hr>128</ns3:hr>
          </ns3:TrackPointExtension>
        </extensions>
      </trkpt>
      <trkpt lat="36.68660153634846210479736328125" lon="117.25629410706460475921630859375">
        <ele>89.59999847412109375</ele>
        <time>2026-08-16T02:20:44.000Z</time>
        <extensions>
          <ns3:TrackPointExtension>
            <ns3:hr>128</ns3:hr>
          </ns3:TrackPointExtension>
        </extensions>
      </trkpt>
      <trkpt lat="36.68658393435180187225341796875" lon="117.2560415603220462799072265625">
        <ele>89.8000030517578125</ele>
        <time>2026-08-16T02:20:49.000Z</time>
        <extensions>
          <ns3:TrackPointExtension>
            <ns3:hr>130</ns3:hr>
          </ns3:TrackPointExtension>
        </extensions>
      </trkpt>
      <trkpt lat="36.6865815035998821258544921875" lon="117.25599152036011219024658203125">
        <ele>89.8000030517578125</ele>
        <time>2026-08-16T02:20:50.000Z</time>
        <extensions>
          <ns3:TrackPointExtension>
            <ns3:hr>131</ns3:hr>
          </ns3:TrackPointExtension>
        </extensions>
      </trkpt>
      <trkpt lat="36.6865821741521358489990234375" lon="117.25594173185527324676513671875">
        <ele>90</ele>
        <time>2026-08-16T02:20:51.000Z</time>
        <extensions>
          <ns3:TrackPointExtension>
            <ns3:hr>132</ns3:hr>
          </ns3:TrackPointExtension>
        </extensions>
      </trkpt>
      <trkpt lat="36.68658100068569183349609375" lon="117.2557418234646320343017578125">
        <ele>90.59999847412109375</ele>
        <time>2026-08-16T02:20:55.000Z</time>
        <extensions>
          <ns3:TrackPointExtension>
            <ns3:hr>136</ns3:hr>
          </ns3:TrackPointExtension>
        </extensions>
      </trkpt>
      <trkpt lat="36.68658175505697727203369140625" lon="117.25569136440753936767578125">
        <ele>91</ele>
        <time>2026-08-16T02:20:56.000Z</time>
        <extensions>
          <ns3:TrackPointExtension>
            <ns3:hr>137</ns3:hr>
          </ns3:TrackPointExtension>
        </extensions>
      </trkpt>
      <trkpt lat="36.68659281916916370391845703125" lon="117.255497239530086517333984375">
        <ele>92.1999969482421875</ele>
        <time>2026-08-16T02:21:00.000Z</time>
        <extensions>
          <ns3:TrackPointExtension>
            <ns3:hr>140</ns3:hr>
          </ns3:TrackPointExtension>
        </extensions>
      </trkpt>
      <trkpt lat="36.6865808330476284027099609375" lon="117.25540101528167724609375">
        <ele>92.1999969482421875</ele>
        <time>2026-08-16T02:21:02.000Z</time>
        <extensions>
          <ns3:TrackPointExtension>
            <ns3:hr>140</ns3:hr>
          </ns3:TrackPointExtension>
        </extensions>
      </trkpt>
      <trkpt lat="36.686569936573505401611328125" lon="117.2551591135561466217041015625">
        <ele>92.40000152587890625</ele>
        <time>2026-08-16T02:21:07.000Z</time>
        <extensions>
          <ns3:TrackPointExtension>
            <ns3:hr>143</ns3:hr>
          </ns3:TrackPointExtension>
        </extensions>
      </trkpt>
      <trkpt lat="36.686565242707729339599609375" lon="117.25501251406967639923095703125">
        <ele>92.8000030517578125</ele>
        <time>2026-08-16T02:21:10.000Z</time>
        <extensions>
          <ns3:TrackPointExtension>
            <ns3:hr>144</ns3:hr>
          </ns3:TrackPointExtension>
        </extensions>
      </trkpt>
      <trkpt lat="36.68657085858285427093505859375" lon="117.2548647411167621612548828125">
        <ele>93.1999969482421875</ele>
        <time>2026-08-16T02:21:13.000Z</time>
        <extensions>
          <ns3:TrackPointExtension>
            <ns3:hr>144</ns3:hr>
          </ns3:TrackPointExtension>
        </extensions>
      </trkpt>
      <trkpt lat="36.68657119385898113250732421875" lon="117.25477027706801891326904296875">
        <ele>93.8000030517578125</ele>
        <time>2026-08-16T02:21:15.000Z</time>
        <extensions>
          <ns3:TrackPointExtension>
            <ns3:hr>144</ns3:hr>
          </ns3:TrackPointExtension>
        </extensions>
      </trkpt>
      <trkpt lat="36.68656700290739536285400390625" lon="117.25469115190207958221435546875">
        <ele>94</ele>
        <time>2026-08-16T02:21:17.000Z</time>
        <extensions>
          <ns3:TrackPointExtension>
            <ns3:hr>144</ns3:hr>
          </ns3:TrackPointExtension>
        </extensions>
      </trkpt>
      <trkpt lat="36.686571277678012847900390625" lon="117.2546209953725337982177734375">
        <ele>94.1999969482421875</ele>
        <time>2026-08-16T02:21:19.000Z</time>
        <extensions>
          <ns3:TrackPointExtension>
            <ns3:hr>144</ns3:hr>
          </ns3:TrackPointExtension>
        </extensions>
      </trkpt>
      <trkpt lat="36.686573289334774017333984375" lon="117.2545505873858928680419921875">
        <ele>94.40000152587890625</ele>
        <time>2026-08-16T02:21:21.000Z</time>
        <extensions>
          <ns3:TrackPointExtension>
            <ns3:hr>144</ns3:hr>
          </ns3:TrackPointExtension>
        </extensions>
      </trkpt>
      <trkpt lat="36.686569936573505401611328125" lon="117.254480682313442230224609375">
        <ele>94.59999847412109375</ele>
        <time>2026-08-16T02:21:23.000Z</time>
        <extensions>
          <ns3:TrackPointExtension>
            <ns3:hr>144</ns3:hr>
          </ns3:TrackPointExtension>
        </extensions>
      </trkpt>
      <trkpt lat="36.6865731216967105865478515625" lon="117.2543142177164554595947265625">
        <ele>95.1999969482421875</ele>
        <time>2026-08-16T02:21:27.000Z</time>
        <extensions>
          <ns3:TrackPointExtension>
            <ns3:hr>144</ns3:hr>
          </ns3:TrackPointExtension>
        </extensions>
      </trkpt>
      <trkpt lat="36.68657354079186916351318359375" lon="117.25427038036286830902099609375">
        <ele>95.40000152587890625</ele>
        <time>2026-08-16T02:21:28.000Z</time>
        <extensions>
          <ns3:TrackPointExtension>
            <ns3:hr>144</ns3:hr>
          </ns3:TrackPointExtension>
        </extensions>
      </trkpt>
      <trkpt lat="36.6865778155624866485595703125" lon="117.2540879063308238983154296875">
        <ele>96</ele>
        <time>2026-08-16T02:21:32.000Z</time>
        <extensions>
          <ns3:TrackPointExtension>
            <ns3:hr>144</ns3:hr>
          </ns3:TrackPointExtension>
        </extensions>
      </trkpt>
      <trkpt lat="36.68659265153110027313232421875" lon="117.25399620831012725830078125">
        <ele>96.40000152587890625</ele>
        <time>2026-08-16T02:21:34.000Z</time>
        <extensions>
          <ns3:TrackPointExtension>
            <ns3:hr>144</ns3:hr>
          </ns3:TrackPointExtension>
        </extensions>
      </trkpt>
      <trkpt lat="36.6866053082048892974853515625" lon="117.25386209785938262939453125">
        <ele>97.1999969482421875</ele>
        <time>2026-08-16T02:21:37.000Z</time>
        <extensions>
          <ns3:TrackPointExtension>
            <ns3:hr>144</ns3:hr>
          </ns3:TrackPointExtension>
        </extensions>
      </trkpt>
      <trkpt lat="36.68660069815814495086669921875" lon="117.2537715733051300048828125">
        <ele>97.40000152587890625</ele>
        <time>2026-08-16T02:21:39.000Z</time>
        <extensions>
          <ns3:TrackPointExtension>
            <ns3:hr>144</ns3:hr>
          </ns3:TrackPointExtension>
        </extensions>
      </trkpt>
      <trkpt lat="36.6866039671003818511962890625" lon="117.2535972297191619873046875">
        <ele>97.40000152587890625</ele>
        <time>2026-08-16T02:21:43.000Z</time>
        <extensions>
          <ns3:TrackPointExtension>
            <ns3:hr>145</ns3:hr>
          </ns3:TrackPointExtension>
        </extensions>
      </trkpt>
      <trkpt lat="36.686604805290699005126953125" lon="117.25327645428478717803955078125">
        <ele>98.1999969482421875</ele>
        <time>2026-08-16T02:21:51.000Z</time>
        <extensions>
          <ns3:TrackPointExtension>
            <ns3:hr>146</ns3:hr>
          </ns3:TrackPointExtension>
        </extensions>
      </trkpt>
      <trkpt lat="36.68660354800522327423095703125" lon="117.25315843708813190460205078125">
        <ele>98.40000152587890625</ele>
        <time>2026-08-16T02:21:54.000Z</time>
        <extensions>
          <ns3:TrackPointExtension>
            <ns3:hr>148</ns3:hr>
          </ns3:TrackPointExtension>
        </extensions>
      </trkpt>
      <trkpt lat="36.68660572730004787445068359375" lon="117.25299733690917491912841796875">
        <ele>99</ele>
        <time>2026-08-16T02:21:58.000Z</time>
        <extensions>
          <ns3:TrackPointExtension>
            <ns3:hr>148</ns3:hr>
          </ns3:TrackPointExtension>
        </extensions>
      </trkpt>
      <trkpt lat="36.6866418533027172088623046875" lon="117.25280396640300750732421875">
        <ele>99.40000152587890625</ele>
        <time>2026-08-16T02:22:03.000Z</time>
        <extensions>
          <ns3:TrackPointExtension>
            <ns3:hr>148</ns3:hr>
          </ns3:TrackPointExtension>
        </extensions>
      </trkpt>
      <trkpt lat="36.686674542725086212158203125" lon="117.25278728641569614410400390625">
        <ele>99.59999847412109375</ele>
        <time>2026-08-16T02:22:04.000Z</time>
        <extensions>
          <ns3:TrackPointExtension>
            <ns3:hr>147</ns3:hr>
          </ns3:TrackPointExtension>
        </extensions>
      </trkpt>
      <trkpt lat="36.6867860220372676849365234375" lon="117.2527563571929931640625">
        <ele>99.8000030517578125</ele>
        <time>2026-08-16T02:22:07.000Z</time>
        <extensions>
          <ns3:TrackPointExtension>
            <ns3:hr>148</ns3:hr>
          </ns3:TrackPointExtension>
        </extensions>
      </trkpt>
      <trkpt lat="36.68709472753107547760009765625" lon="117.25264010019600391387939453125">
        <ele>99</ele>
        <time>2026-08-16T02:22:15.000Z</time>
        <extensions>
          <ns3:TrackPointExtension>
            <ns3:hr>148</ns3:hr>
          </ns3:TrackPointExtension>
        </extensions>
      </trkpt>
      <trkpt lat="36.68718961067497730255126953125" lon="117.252598106861114501953125">
        <ele>99.40000152587890625</ele>
        <time>2026-08-16T02:22:20.000Z</time>
        <extensions>
          <ns3:TrackPointExtension>
            <ns3:hr>148</ns3:hr>
          </ns3:TrackPointExtension>
        </extensions>
      </trkpt>
      <trkpt lat="36.68727410025894641876220703125" lon="117.25254890508949756622314453125">
        <ele>99.1999969482421875</ele>
        <time>2026-08-16T02:22:27.000Z</time>
        <extensions>
          <ns3:TrackPointExtension>
            <ns3:hr>145</ns3:hr>
          </ns3:TrackPointExtension>
        </extensions>
      </trkpt>
      <trkpt lat="36.68738826178014278411865234375" lon="117.25249224342405796051025390625">
        <ele>99</ele>
        <time>2026-08-16T02:22:33.000Z</time>
        <extensions>
          <ns3:TrackPointExtension>
            <ns3:hr>142</ns3:hr>
          </ns3:TrackPointExtension>
        </extensions>
      </trkpt>
      <trkpt lat="36.68749387376010417938232421875" lon="117.2524343244731426239013671875">
        <ele>98.59999847412109375</ele>
        <time>2026-08-16T02:22:36.000Z</time>
        <extensions>
          <ns3:TrackPointExtension>
            <ns3:hr>141</ns3:hr>
          </ns3:TrackPointExtension>
        </extensions>
      </trkpt>
      <trkpt lat="36.68757484294474124908447265625" lon="117.25238244049251079559326171875">
        <ele>98.40000152587890625</ele>
        <time>2026-08-16T02:22:38.000Z</time>
        <extensions>
          <ns3:TrackPointExtension>
            <ns3:hr>140</ns3:hr>
          </ns3:TrackPointExtension>
        </extensions>
      </trkpt>
      <trkpt lat="36.6878624260425567626953125" lon="117.2521932609379291534423828125">
        <ele>97.8000030517578125</ele>
        <time>2026-08-16T02:22:44.000Z</time>
        <extensions>
          <ns3:TrackPointExtension>
            <ns3:hr>138</ns3:hr>
          </ns3:TrackPointExtension>
        </extensions>
      </trkpt>
      <trkpt lat="36.68796309269964694976806640625" lon="117.25213433615863323211669921875">
        <ele>97.40000152587890625</ele>
        <time>2026-08-16T02:22:46.000Z</time>
        <extensions>
          <ns3:TrackPointExtension>
            <ns3:hr>138</ns3:hr>
          </ns3:TrackPointExtension>
        </extensions>
      </trkpt>
      <trkpt lat="36.688161827623844146728515625" lon="117.252025790512561798095703125">
        <ele>96.8000030517578125</ele>
        <time>2026-08-16T02:22:50.000Z</time>
        <extensions>
          <ns3:TrackPointExtension>
            <ns3:hr>138</ns3:hr>
          </ns3:TrackPointExtension>
        </extensions>
      </trkpt>
      <trkpt lat="36.6884471476078033447265625" lon="117.25186058320105075836181640625">
        <ele>96.1999969482421875</ele>
        <time>2026-08-16T02:22:56.000Z</time>
        <extensions>
          <ns3:TrackPointExtension>
            <ns3:hr>138</ns3:hr>
          </ns3:TrackPointExtension>
        </extensions>
      </trkpt>
      <trkpt lat="36.6885834373533725738525390625" lon="117.25179151631891727447509765625">
        <ele>95</ele>
        <time>2026-08-16T02:22:59.000Z</time>
        <extensions>
          <ns3:TrackPointExtension>
            <ns3:hr>136</ns3:hr>
          </ns3:TrackPointExtension>
        </extensions>
      </trkpt>
      <trkpt lat="36.68889750726521015167236328125" lon="117.25166964344680309295654296875">
        <ele>95.59999847412109375</ele>
        <time>2026-08-16T02:23:06.000Z</time>
        <extensions>
          <ns3:TrackPointExtension>
            <ns3:hr>134</ns3:hr>
          </ns3:TrackPointExtension>
        </extensions>
      </trkpt>
      <trkpt lat="36.68894377537071704864501953125" lon="117.25166176445782184600830078125">
        <ele>96</ele>
        <time>2026-08-16T02:23:07.000Z</time>
        <extensions>
          <ns3:TrackPointExtension>
            <ns3:hr>134</ns3:hr>
          </ns3:TrackPointExtension>
        </extensions>
      </trkpt>
      <trkpt lat="36.68908241204917430877685546875" lon="117.25161348469555377960205078125">
        <ele>96.40000152587890625</ele>
        <time>2026-08-16T02:23:11.000Z</time>
        <extensions>
          <ns3:TrackPointExtension>
            <ns3:hr>132</ns3:hr>
          </ns3:TrackPointExtension>
        </extensions>
      </trkpt>
      <trkpt lat="36.6891928017139434814453125" lon="117.2515498660504817962646484375">
        <ele>96</ele>
        <time>2026-08-16T02:23:16.000Z</time>
        <extensions>
          <ns3:TrackPointExtension>
            <ns3:hr>131</ns3:hr>
          </ns3:TrackPointExtension>
        </extensions>
      </trkpt>
      <trkpt lat="36.6893904469907283782958984375" lon="117.25154290907084941864013671875">
        <ele>95.8000030517578125</ele>
        <time>2026-08-16T02:23:21.000Z</time>
        <extensions>
          <ns3:TrackPointExtension>
            <ns3:hr>128</ns3:hr>
          </ns3:TrackPointExtension>
        </extensions>
      </trkpt>
      <trkpt lat="36.6894732601940631866455078125" lon="117.2515488602221012115478515625">
        <ele>95.8000030517578125</ele>
        <time>2026-08-16T02:23:23.000Z</time>
        <extensions>
          <ns3:TrackPointExtension>
            <ns3:hr>130</ns3:hr>
          </ns3:TrackPointExtension>
        </extensions>
      </trkpt>
      <trkpt lat="36.689628995954990386962890625" lon="117.2515428252518177032470703125">
        <ele>95</ele>
        <time>2026-08-16T02:23:28.000Z</time>
        <extensions>
          <ns3:TrackPointExtension>
            <ns3:hr>128</ns3:hr>
          </ns3:TrackPointExtension>
        </extensions>
      </trkpt>
      <trkpt lat="36.68975179083645343780517578125" lon="117.251535616815090179443359375">
        <ele>95</ele>
        <time>2026-08-16T02:23:32.000Z</time>
        <extensions>
          <ns3:TrackPointExtension>
            <ns3:hr>128</ns3:hr>
          </ns3:TrackPointExtension>
        </extensions>
      </trkpt>
      <trkpt lat="36.6899600811302661895751953125" lon="117.25152195431292057037353515625">
        <ele>94.40000152587890625</ele>
        <time>2026-08-16T02:23:38.000Z</time>
        <extensions>
          <ns3:TrackPointExtension>
            <ns3:hr>127</ns3:hr>
          </ns3:TrackPointExtension>
        </extensions>
      </trkpt>
      <trkpt lat="36.690068878233432769775390625" lon="117.251522876322269439697265625">
        <ele>93.8000030517578125</ele>
        <time>2026-08-16T02:23:41.000Z</time>
        <extensions>
          <ns3:TrackPointExtension>
            <ns3:hr>126</ns3:hr>
          </ns3:TrackPointExtension>
        </extensions>
      </trkpt>
      <trkpt lat="36.69025738723576068878173828125" lon="117.251520194113254547119140625">
        <ele>93.40000152587890625</ele>
        <time>2026-08-16T02:23:46.000Z</time>
        <extensions>
          <ns3:TrackPointExtension>
            <ns3:hr>126</ns3:hr>
          </ns3:TrackPointExtension>
        </extensions>
      </trkpt>
      <trkpt lat="36.69049610383808612823486328125" lon="117.25150820799171924591064453125">
        <ele>92.8000030517578125</ele>
        <time>2026-08-16T02:23:52.000Z</time>
        <extensions>
          <ns3:TrackPointExtension>
            <ns3:hr>124</ns3:hr>
          </ns3:TrackPointExtension>
        </extensions>
      </trkpt>
      <trkpt lat="36.690540947020053863525390625" lon="117.25150980055332183837890625">
        <ele>92.40000152587890625</ele>
        <time>2026-08-16T02:23:53.000Z</time>
        <extensions>
          <ns3:TrackPointExtension>
            <ns3:hr>123</ns3:hr>
          </ns3:TrackPointExtension>
        </extensions>
      </trkpt>
      <trkpt lat="36.6907815076410770416259765625" lon="117.25149865262210369110107421875">
        <ele>92</ele>
        <time>2026-08-16T02:23:58.000Z</time>
        <extensions>
          <ns3:TrackPointExtension>
            <ns3:hr>123</ns3:hr>
          </ns3:TrackPointExtension>
        </extensions>
      </trkpt>
      <trkpt lat="36.6908918134868144989013671875" lon="117.251496724784374237060546875">
        <ele>91.59999847412109375</ele>
        <time>2026-08-16T02:24:00.000Z</time>
        <extensions>
          <ns3:TrackPointExtension>
            <ns3:hr>122</ns3:hr>
          </ns3:TrackPointExtension>
        </extensions>
      </trkpt>
      <trkpt lat="36.6912569291889667510986328125" lon="117.251483984291553497314453125">
        <ele>91</ele>
        <time>2026-08-16T02:24:06.000Z</time>
        <extensions>
          <ns3:TrackPointExtension>
            <ns3:hr>124</ns3:hr>
          </ns3:TrackPointExtension>
        </extensions>
      </trkpt>
      <trkpt lat="36.6913839988410472869873046875" lon="117.25148524157702922821044921875">
        <ele>90.40000152587890625</ele>
        <time>2026-08-16T02:24:08.000Z</time>
        <extensions>
          <ns3:TrackPointExtension>
            <ns3:hr>126</ns3:hr>
          </ns3:TrackPointExtension>
        </extensions>
      </trkpt>
      <trkpt lat="36.69164626859128475189208984375" lon="117.25148490630090236663818359375">
        <ele>90.1999969482421875</ele>
        <time>2026-08-16T02:24:12.000Z</time>
        <extensions>
          <ns3:TrackPointExtension>
            <ns3:hr>128</ns3:hr>
          </ns3:TrackPointExtension>
        </extensions>
      </trkpt>
      <trkpt lat="36.6919653676450252532958984375" lon="117.2514787875115871429443359375">
        <ele>89.40000152587890625</ele>
        <time>2026-08-16T02:24:17.000Z</time>
        <extensions>
          <ns3:TrackPointExtension>
            <ns3:hr>130</ns3:hr>
          </ns3:TrackPointExtension>
        </extensions>
      </trkpt>
      <trkpt lat="36.6920240409672260284423828125" lon="117.251477949321269989013671875">
        <ele>89.40000152587890625</ele>
        <time>2026-08-16T02:24:18.000Z</time>
        <extensions>
          <ns3:TrackPointExtension>
            <ns3:hr>130</ns3:hr>
          </ns3:TrackPointExtension>
        </extensions>
      </trkpt>
      <trkpt lat="36.692462749779224395751953125" lon="117.251460514962673187255859375">
        <ele>89.40000152587890625</ele>
        <time>2026-08-16T02:24:26.000Z</time>
        <extensions>
          <ns3:TrackPointExtension>
            <ns3:hr>131</ns3:hr>
          </ns3:TrackPointExtension>
        </extensions>
      </trkpt>
      <trkpt lat="36.692810766398906707763671875" lon="117.2514455951750278472900390625">
        <ele>89.1999969482421875</ele>
        <time>2026-08-16T02:24:33.000Z</time>
        <extensions>
          <ns3:TrackPointExtension>
            <ns3:hr>129</ns3:hr>
          </ns3:TrackPointExtension>
        </extensions>
      </trkpt>
      <trkpt lat="36.69316205196082592010498046875" lon="117.2514311783015727996826171875">
        <ele>88.59999847412109375</ele>
        <time>2026-08-16T02:24:40.000Z</time>
        <extensions>
          <ns3:TrackPointExtension>
            <ns3:hr>126</ns3:hr>
          </ns3:TrackPointExtension>
        </extensions>
      </trkpt>
      <trkpt lat="36.69331242330372333526611328125" lon="117.25142405368387699127197265625">
        <ele>88.1999969482421875</ele>
        <time>2026-08-16T02:24:43.000Z</time>
        <extensions>
          <ns3:TrackPointExtension>
            <ns3:hr>126</ns3:hr>
          </ns3:TrackPointExtension>
        </extensions>
      </trkpt>
      <trkpt lat="36.69356740079820156097412109375" lon="117.2514090500771999359130859375">
        <ele>87</ele>
        <time>2026-08-16T02:24:48.000Z</time>
        <extensions>
          <ns3:TrackPointExtension>
            <ns3:hr>124</ns3:hr>
          </ns3:TrackPointExtension>
        </extensions>
      </trkpt>
      <trkpt lat="36.693919859826564788818359375" lon="117.251388765871524810791015625">
        <ele>86.59999847412109375</ele>
        <time>2026-08-16T02:24:55.000Z</time>
        <extensions>
          <ns3:TrackPointExtension>
            <ns3:hr>122</ns3:hr>
          </ns3:TrackPointExtension>
        </extensions>
      </trkpt>
      <trkpt lat="36.69426209293305873870849609375" lon="117.2513657994568347930908203125">
        <ele>86.8000030517578125</ele>
        <time>2026-08-16T02:25:02.000Z</time>
        <extensions>
          <ns3:TrackPointExtension>
            <ns3:hr>121</ns3:hr>
          </ns3:TrackPointExtension>
        </extensions>
      </trkpt>
      <trkpt lat="36.694339625537395477294921875" lon="117.2513349540531635284423828125">
        <ele>87</ele>
        <time>2026-08-16T02:25:04.000Z</time>
        <extensions>
          <ns3:TrackPointExtension>
            <ns3:hr>120</ns3:hr>
          </ns3:TrackPointExtension>
        </extensions>
      </trkpt>
      <trkpt lat="36.69439536519348621368408203125" lon="117.2512756101787090301513671875">
        <ele>87.59999847412109375</ele>
        <time>2026-08-16T02:25:06.000Z</time>
        <extensions>
          <ns3:TrackPointExtension>
            <ns3:hr>119</ns3:hr>
          </ns3:TrackPointExtension>
        </extensions>
      </trkpt>
      <trkpt lat="36.69441330246627330780029296875" lon="117.25117930211126804351806640625">
        <ele>88</ele>
        <time>2026-08-16T02:25:08.000Z</time>
        <extensions>
          <ns3:TrackPointExtension>
            <ns3:hr>118</ns3:hr>
          </ns3:TrackPointExtension>
        </extensions>
      </trkpt>
      <trkpt lat="36.6944110393524169921875" lon="117.2511254064738750457763671875">
        <ele>88</ele>
        <time>2026-08-16T02:25:09.000Z</time>
        <extensions>
          <ns3:TrackPointExtension>
            <ns3:hr>118</ns3:hr>
          </ns3:TrackPointExtension>
        </extensions>
      </trkpt>
      <trkpt lat="36.6943962872028350830078125" lon="117.250760458409786224365234375">
        <ele>88</ele>
        <time>2026-08-16T02:25:16.000Z</time>
        <extensions>
          <ns3:TrackPointExtension>
            <ns3:hr>122</ns3:hr>
          </ns3:TrackPointExtension>
        </extensions>
      </trkpt>
      <trkpt lat="36.69439553283154964447021484375" lon="117.250714860856533050537109375">
        <ele>88.1999969482421875</ele>
        <time>2026-08-16T02:25:17.000Z</time>
        <extensions>
          <ns3:TrackPointExtension>
            <ns3:hr>123</ns3:hr>
          </ns3:TrackPointExtension>
        </extensions>
      </trkpt>
      <trkpt lat="36.6943927668035030364990234375" lon="117.25066959857940673828125">
        <ele>88.40000152587890625</ele>
        <time>2026-08-16T02:25:18.000Z</time>
        <extensions>
          <ns3:TrackPointExtension>
            <ns3:hr>125</ns3:hr>
          </ns3:TrackPointExtension>
        </extensions>
      </trkpt>
      <trkpt lat="36.69436820782721042633056640625" lon="117.2504230029881000518798828125">
        <ele>89</ele>
        <time>2026-08-16T02:25:24.000Z</time>
        <extensions>
          <ns3:TrackPointExtension>
            <ns3:hr>126</ns3:hr>
          </ns3:TrackPointExtension>
        </extensions>
      </trkpt>
      <trkpt lat="36.69436753727495670318603515625" lon="117.25034345872700214385986328125">
        <ele>89.1999969482421875</ele>
        <time>2026-08-16T02:25:26.000Z</time>
        <extensions>
          <ns3:TrackPointExtension>
            <ns3:hr>126</ns3:hr>
          </ns3:TrackPointExtension>
        </extensions>
      </trkpt>
      <trkpt lat="36.6943612508475780487060546875" lon="117.25022175349295139312744140625">
        <ele>89.59999847412109375</ele>
        <time>2026-08-16T02:25:29.000Z</time>
        <extensions>
          <ns3:TrackPointExtension>
            <ns3:hr>127</ns3:hr>
          </ns3:TrackPointExtension>
        </extensions>
      </trkpt>
      <trkpt lat="36.6943488456308841705322265625" lon="117.2500701248645782470703125">
        <ele>90.1999969482421875</ele>
        <time>2026-08-16T02:25:33.000Z</time>
        <extensions>
          <ns3:TrackPointExtension>
            <ns3:hr>126</ns3:hr>
          </ns3:TrackPointExtension>
        </extensions>
      </trkpt>
      <trkpt lat="36.694340966641902923583984375" lon="117.24996208213269710540771484375">
        <ele>90.59999847412109375</ele>
        <time>2026-08-16T02:25:36.000Z</time>
        <extensions>
          <ns3:TrackPointExtension>
            <ns3:hr>127</ns3:hr>
          </ns3:TrackPointExtension>
        </extensions>
      </trkpt>
      <trkpt lat="36.69433048926293849945068359375" lon="117.24977097474038600921630859375">
        <ele>91.1999969482421875</ele>
        <time>2026-08-16T02:25:41.000Z</time>
        <extensions>
          <ns3:TrackPointExtension>
            <ns3:hr>129</ns3:hr>
          </ns3:TrackPointExtension>
        </extensions>
      </trkpt>
      <trkpt lat="36.69432629831135272979736328125" lon="117.2497340105473995208740234375">
        <ele>91.40000152587890625</ele>
        <time>2026-08-16T02:25:42.000Z</time>
        <extensions>
          <ns3:TrackPointExtension>
            <ns3:hr>130</ns3:hr>
          </ns3:TrackPointExtension>
        </extensions>
      </trkpt>
      <trkpt lat="36.69431640766561031341552734375" lon="117.24954315461218357086181640625">
        <ele>92</ele>
        <time>2026-08-16T02:25:47.000Z</time>
        <extensions>
          <ns3:TrackPointExtension>
            <ns3:hr>130</ns3:hr>
          </ns3:TrackPointExtension>
        </extensions>
      </trkpt>
      <trkpt lat="36.69431305490434169769287109375" lon="117.24943511188030242919921875">
        <ele>92.40000152587890625</ele>
        <time>2026-08-16T02:25:50.000Z</time>
        <extensions>
          <ns3:TrackPointExtension>
            <ns3:hr>130</ns3:hr>
          </ns3:TrackPointExtension>
        </extensions>
      </trkpt>
      <trkpt lat="36.694304756820201873779296875" lon="117.24932304583489894866943359375">
        <ele>92.59999847412109375</ele>
        <time>2026-08-16T02:25:53.000Z</time>
        <extensions>
          <ns3:TrackPointExtension>
            <ns3:hr>130</ns3:hr>
          </ns3:TrackPointExtension>
        </extensions>
      </trkpt>
      <trkpt lat="36.69430031441152095794677734375" lon="117.2491769492626190185546875">
        <ele>93</ele>
        <time>2026-08-16T02:25:57.000Z</time>
        <extensions>
          <ns3:TrackPointExtension>
            <ns3:hr>133</ns3:hr>
          </ns3:TrackPointExtension>
        </extensions>
      </trkpt>
      <trkpt lat="36.69429997913539409637451171875" lon="117.2491043619811534881591796875">
        <ele>93.40000152587890625</ele>
        <time>2026-08-16T02:25:59.000Z</time>
        <extensions>
          <ns3:TrackPointExtension>
            <ns3:hr>134</ns3:hr>
          </ns3:TrackPointExtension>
        </extensions>
      </trkpt>
      <trkpt lat="36.69430014677345752716064453125" lon="117.2490309365093708038330078125">
        <ele>93.8000030517578125</ele>
        <time>2026-08-16T02:26:01.000Z</time>
        <extensions>
          <ns3:TrackPointExtension>
            <ns3:hr>134</ns3:hr>
          </ns3:TrackPointExtension>
        </extensions>
      </trkpt>
      <trkpt lat="36.694291345775127410888671875" lon="117.24885466508567333221435546875">
        <ele>94.1999969482421875</ele>
        <time>2026-08-16T02:26:06.000Z</time>
        <extensions>
          <ns3:TrackPointExtension>
            <ns3:hr>137</ns3:hr>
          </ns3:TrackPointExtension>
        </extensions>
      </trkpt>
      <trkpt lat="36.69429629109799861907958984375" lon="117.248778305947780609130859375">
        <ele>94.59999847412109375</ele>
        <time>2026-08-16T02:26:08.000Z</time>
        <extensions>
          <ns3:TrackPointExtension>
            <ns3:hr>137</ns3:hr>
          </ns3:TrackPointExtension>
        </extensions>
      </trkpt>
      <trkpt lat="36.69429142959415912628173828125" lon="117.2485893778502941131591796875">
        <ele>95.1999969482421875</ele>
        <time>2026-08-16T02:26:13.000Z</time>
        <extensions>
          <ns3:TrackPointExtension>
            <ns3:hr>140</ns3:hr>
          </ns3:TrackPointExtension>
        </extensions>
      </trkpt>
      <trkpt lat="36.69429427944123744964599609375" lon="117.248550318181514739990234375">
        <ele>95.40000152587890625</ele>
        <time>2026-08-16T02:26:14.000Z</time>
        <extensions>
          <ns3:TrackPointExtension>
            <ns3:hr>140</ns3:hr>
          </ns3:TrackPointExtension>
        </extensions>
      </trkpt>
      <trkpt lat="36.6942931897938251495361328125" lon="117.2485122643411159515380859375">
        <ele>95.59999847412109375</ele>
        <time>2026-08-16T02:26:15.000Z</time>
        <extensions>
          <ns3:TrackPointExtension>
            <ns3:hr>141</ns3:hr>
          </ns3:TrackPointExtension>
        </extensions>
      </trkpt>
      <trkpt lat="36.6942955367267131805419921875" lon="117.24829123355448246002197265625">
        <ele>96.40000152587890625</ele>
        <time>2026-08-16T02:26:21.000Z</time>
        <extensions>
          <ns3:TrackPointExtension>
            <ns3:hr>143</ns3:hr>
          </ns3:TrackPointExtension>
        </extensions>
      </trkpt>
      <trkpt lat="36.69429813511669635772705078125" lon="117.248217724263668060302734375">
        <ele>96.8000030517578125</ele>
        <time>2026-08-16T02:26:23.000Z</time>
        <extensions>
          <ns3:TrackPointExtension>
            <ns3:hr>144</ns3:hr>
          </ns3:TrackPointExtension>
        </extensions>
      </trkpt>
      <trkpt lat="36.69430911540985107421875" lon="117.24803407676517963409423828125">
        <ele>97.59999847412109375</ele>
        <time>2026-08-16T02:26:28.000Z</time>
        <extensions>
          <ns3:TrackPointExtension>
            <ns3:hr>145</ns3:hr>
          </ns3:TrackPointExtension>
        </extensions>
      </trkpt>
      <trkpt lat="36.694315485656261444091796875" lon="117.2479349188506603240966796875">
        <ele>97.8000030517578125</ele>
        <time>2026-08-16T02:26:31.000Z</time>
        <extensions>
          <ns3:TrackPointExtension>
            <ns3:hr>146</ns3:hr>
          </ns3:TrackPointExtension>
        </extensions>
      </trkpt>
      <trkpt lat="36.694324202835559844970703125" lon="117.2477929294109344482421875">
        <ele>98.40000152587890625</ele>
        <time>2026-08-16T02:26:35.000Z</time>
        <extensions>
          <ns3:TrackPointExtension>
            <ns3:hr>147</ns3:hr>
          </ns3:TrackPointExtension>
        </extensions>
      </trkpt>
      <trkpt lat="36.69433702714741230010986328125" lon="117.24764348007738590240478515625">
        <ele>99</ele>
        <time>2026-08-16T02:26:40.000Z</time>
        <extensions>
          <ns3:TrackPointExtension>
            <ns3:hr>148</ns3:hr>
          </ns3:TrackPointExtension>
        </extensions>
      </trkpt>
      <trkpt lat="36.694336943328380584716796875" lon="117.247596792876720428466796875">
        <ele>99.1999969482421875</ele>
        <time>2026-08-16T02:26:44.000Z</time>
        <extensions>
          <ns3:TrackPointExtension>
            <ns3:hr>148</ns3:hr>
          </ns3:TrackPointExtension>
        </extensions>
      </trkpt>
      <trkpt lat="36.694326885044574737548828125" lon="117.2475587390363216400146484375">
        <ele>99.59999847412109375</ele>
        <time>2026-08-16T02:26:51.000Z</time>
        <extensions>
          <ns3:TrackPointExtension>
            <ns3:hr>147</ns3:hr>
          </ns3:TrackPointExtension>
        </extensions>
      </trkpt>
      <trkpt lat="36.69432512484490871429443359375" lon="117.24750601686537265777587890625">
        <ele>99.8000030517578125</ele>
        <time>2026-08-16T02:26:54.000Z</time>
        <extensions>
          <ns3:TrackPointExtension>
            <ns3:hr>144</ns3:hr>
          </ns3:TrackPointExtension>
        </extensions>
      </trkpt>
      <trkpt lat="36.69432428665459156036376953125" lon="117.24748908542096614837646484375">
        <ele>99.8000030517578125</ele>
        <time>2026-08-16T02:26:55.000Z</time>
        <extensions>
          <ns3:TrackPointExtension>
            <ns3:hr>144</ns3:hr>
          </ns3:TrackPointExtension>
        </extensions>
      </trkpt>
      <trkpt lat="36.6943238675594329833984375" lon="117.2474729083478450775146484375">
        <ele>100</ele>
        <time>2026-08-16T02:26:56.000Z</time>
        <extensions>
          <ns3:TrackPointExtension>
            <ns3:hr>144</ns3:hr>
          </ns3:TrackPointExtension>
        </extensions>
      </trkpt>
      <trkpt lat="36.69432344846427440643310546875" lon="117.24745840765535831451416015625">
        <ele>100.40000152587890625</ele>
        <time>2026-08-16T02:26:57.000Z</time>
        <extensions>
          <ns3:TrackPointExtension>
            <ns3:hr>144</ns3:hr>
          </ns3:TrackPointExtension>
        </extensions>
      </trkpt>
      <trkpt lat="36.6943267174065113067626953125" lon="117.2473890893161296844482421875">
        <ele>100.8000030517578125</ele>
        <time>2026-08-16T02:27:01.000Z</time>
        <extensions>
          <ns3:TrackPointExtension>
            <ns3:hr>146</ns3:hr>
          </ns3:TrackPointExtension>
        </extensions>
      </trkpt>
      <trkpt lat="36.69433258473873138427734375" lon="117.2473404742777347564697265625">
        <ele>101</ele>
        <time>2026-08-16T02:27:04.000Z</time>
        <extensions>
          <ns3:TrackPointExtension>
            <ns3:hr>145</ns3:hr>
          </ns3:TrackPointExtension>
        </extensions>
      </trkpt>
      <trkpt lat="36.6943327523767948150634765625" lon="117.247292697429656982421875">
        <ele>101.40000152587890625</ele>
        <time>2026-08-16T02:27:07.000Z</time>
        <extensions>
          <ns3:TrackPointExtension>
            <ns3:hr>146</ns3:hr>
          </ns3:TrackPointExtension>
        </extensions>
      </trkpt>
      <trkpt lat="36.6943381167948246002197265625" lon="117.24720661528408527374267578125">
        <ele>101.59999847412109375</ele>
        <time>2026-08-16T02:27:12.000Z</time>
        <extensions>
          <ns3:TrackPointExtension>
            <ns3:hr>146</ns3:hr>
          </ns3:TrackPointExtension>
        </extensions>
      </trkpt>
      <trkpt lat="36.6943480074405670166015625" lon="117.2471510432660579681396484375">
        <ele>101.8000030517578125</ele>
        <time>2026-08-16T02:27:15.000Z</time>
        <extensions>
          <ns3:TrackPointExtension>
            <ns3:hr>147</ns3:hr>
          </ns3:TrackPointExtension>
        </extensions>
      </trkpt>
      <trkpt lat="36.6943552158772945404052734375" lon="117.24707342684268951416015625">
        <ele>101.59999847412109375</ele>
        <time>2026-08-16T02:27:20.000Z</time>
        <extensions>
          <ns3:TrackPointExtension>
            <ns3:hr>146</ns3:hr>
          </ns3:TrackPointExtension>
        </extensions>
      </trkpt>
      <trkpt lat="36.69435529969632625579833984375" lon="117.24705741740763187408447265625">
        <ele>101.8000030517578125</ele>
        <time>2026-08-16T02:27:21.000Z</time>
        <extensions>
          <ns3:TrackPointExtension>
            <ns3:hr>146</ns3:hr>
          </ns3:TrackPointExtension>
        </extensions>
      </trkpt>
      <trkpt lat="36.69435513205826282501220703125" lon="117.24704115651547908782958984375">
        <ele>102</ele>
        <time>2026-08-16T02:27:22.000Z</time>
        <extensions>
          <ns3:TrackPointExtension>
            <ns3:hr>147</ns3:hr>
          </ns3:TrackPointExtension>
        </extensions>
      </trkpt>
      <trkpt lat="36.6943587362766265869140625" lon="117.247011400759220123291015625">
        <ele>102.1999969482421875</ele>
        <time>2026-08-16T02:27:24.000Z</time>
        <extensions>
          <ns3:TrackPointExtension>
            <ns3:hr>147</ns3:hr>
          </ns3:TrackPointExtension>
        </extensions>
      </trkpt>
      <trkpt lat="36.69436451978981494903564453125" lon="117.2469820640981197357177734375">
        <ele>102.1999969482421875</ele>
        <time>2026-08-16T02:27:26.000Z</time>
        <extensions>
          <ns3:TrackPointExtension>
            <ns3:hr>147</ns3:hr>
          </ns3:TrackPointExtension>
        </extensions>
      </trkpt>
      <trkpt lat="36.69436904601752758026123046875" lon="117.24690855480730533599853515625">
        <ele>102.1999969482421875</ele>
        <time>2026-08-16T02:27:31.000Z</time>
        <extensions>
          <ns3:TrackPointExtension>
            <ns3:hr>147</ns3:hr>
          </ns3:TrackPointExtension>
        </extensions>
      </trkpt>
      <trkpt lat="36.69438363052904605865478515625" lon="117.24680520594120025634765625">
        <ele>102.59999847412109375</ele>
        <time>2026-08-16T02:27:37.000Z</time>
        <extensions>
          <ns3:TrackPointExtension>
            <ns3:hr>146</ns3:hr>
          </ns3:TrackPointExtension>
        </extensions>
      </trkpt>
      <trkpt lat="36.69438765384256839752197265625" lon="117.24671593867242336273193359375">
        <ele>102.8000030517578125</ele>
        <time>2026-08-16T02:27:43.000Z</time>
        <extensions>
          <ns3:TrackPointExtension>
            <ns3:hr>146</ns3:hr>
          </ns3:TrackPointExtension>
        </extensions>
      </trkpt>
      <trkpt lat="36.69439787976443767547607421875" lon="117.2466404177248477935791015625">
        <ele>103.1999969482421875</ele>
        <time>2026-08-16T02:27:48.000Z</time>
        <extensions>
          <ns3:TrackPointExtension>
            <ns3:hr>145</ns3:hr>
          </ns3:TrackPointExtension>
        </extensions>
      </trkpt>
      <trkpt lat="36.6944142244756221771240234375" lon="117.24653899669647216796875">
        <ele>103.59999847412109375</ele>
        <time>2026-08-16T02:27:54.000Z</time>
        <extensions>
          <ns3:TrackPointExtension>
            <ns3:hr>146</ns3:hr>
          </ns3:TrackPointExtension>
        </extensions>
      </trkpt>
      <trkpt lat="36.69441573321819305419921875" lon="117.24646230228245258331298828125">
        <ele>104</ele>
        <time>2026-08-16T02:27:59.000Z</time>
        <extensions>
          <ns3:TrackPointExtension>
            <ns3:hr>146</ns3:hr>
          </ns3:TrackPointExtension>
        </extensions>
      </trkpt>
      <trkpt lat="36.6944209299981594085693359375" lon="117.24639943800866603851318359375">
        <ele>104.1999969482421875</ele>
        <time>2026-08-16T02:28:03.000Z</time>
        <extensions>
          <ns3:TrackPointExtension>
            <ns3:hr>145</ns3:hr>
          </ns3:TrackPointExtension>
        </extensions>
      </trkpt>
      <trkpt lat="36.6944256238639354705810546875" lon="117.24635283462703227996826171875">
        <ele>104.59999847412109375</ele>
        <time>2026-08-16T02:28:06.000Z</time>
        <extensions>
          <ns3:TrackPointExtension>
            <ns3:hr>144</ns3:hr>
          </ns3:TrackPointExtension>
        </extensions>
      </trkpt>
      <trkpt lat="36.69442822225391864776611328125" lon="117.24627722986042499542236328125">
        <ele>104.8000030517578125</ele>
        <time>2026-08-16T02:28:11.000Z</time>
        <extensions>
          <ns3:TrackPointExtension>
            <ns3:hr>145</ns3:hr>
          </ns3:TrackPointExtension>
        </extensions>
      </trkpt>
      <trkpt lat="36.69443911872804164886474609375" lon="117.24621084518730640411376953125">
        <ele>105</ele>
        <time>2026-08-16T02:28:15.000Z</time>
        <extensions>
          <ns3:TrackPointExtension>
            <ns3:hr>145</ns3:hr>
          </ns3:TrackPointExtension>
        </extensions>
      </trkpt>
      <trkpt lat="36.6944397054612636566162109375" lon="117.2461904771625995635986328125">
        <ele>105.1999969482421875</ele>
        <time>2026-08-16T02:28:16.000Z</time>
        <extensions>
          <ns3:TrackPointExtension>
            <ns3:hr>145</ns3:hr>
          </ns3:TrackPointExtension>
        </extensions>
      </trkpt>
      <trkpt lat="36.69444951228797435760498046875" lon="117.24609467200934886932373046875">
        <ele>105.1999969482421875</ele>
        <time>2026-08-16T02:28:22.000Z</time>
        <extensions>
          <ns3:TrackPointExtension>
            <ns3:hr>145</ns3:hr>
          </ns3:TrackPointExtension>
        </extensions>
      </trkpt>
      <trkpt lat="36.6944497637450695037841796875" lon="117.2460617311298847198486328125">
        <ele>105.1999969482421875</ele>
        <time>2026-08-16T02:28:24.000Z</time>
        <extensions>
          <ns3:TrackPointExtension>
            <ns3:hr>144</ns3:hr>
          </ns3:TrackPointExtension>
        </extensions>
      </trkpt>
      <trkpt lat="36.694456636905670166015625" lon="117.2460054047405719757080078125">
        <ele>105.40000152587890625</ele>
        <time>2026-08-16T02:28:28.000Z</time>
        <extensions>
          <ns3:TrackPointExtension>
            <ns3:hr>144</ns3:hr>
          </ns3:TrackPointExtension>
        </extensions>
      </trkpt>
      <trkpt lat="36.69445856474339962005615234375" lon="117.245941869914531707763671875">
        <ele>105.59999847412109375</ele>
        <time>2026-08-16T02:28:32.000Z</time>
        <extensions>
          <ns3:TrackPointExtension>
            <ns3:hr>144</ns3:hr>
          </ns3:TrackPointExtension>
        </extensions>
      </trkpt>
      <trkpt lat="36.69446962885558605194091796875" lon="117.2458612360060214996337890625">
        <ele>105.8000030517578125</ele>
        <time>2026-08-16T02:28:37.000Z</time>
        <extensions>
          <ns3:TrackPointExtension>
            <ns3:hr>144</ns3:hr>
          </ns3:TrackPointExtension>
        </extensions>
      </trkpt>
      <trkpt lat="36.69447608292102813720703125" lon="117.24580264650285243988037109375">
        <ele>106</ele>
        <time>2026-08-16T02:28:41.000Z</time>
        <extensions>
          <ns3:TrackPointExtension>
            <ns3:hr>144</ns3:hr>
          </ns3:TrackPointExtension>
        </extensions>
      </trkpt>
      <trkpt lat="36.69448471628129482269287109375" lon="117.24575051106512546539306640625">
        <ele>106.1999969482421875</ele>
        <time>2026-08-16T02:28:44.000Z</time>
        <extensions>
          <ns3:TrackPointExtension>
            <ns3:hr>143</ns3:hr>
          </ns3:TrackPointExtension>
        </extensions>
      </trkpt>
      <trkpt lat="36.6944876499474048614501953125" lon="117.2457150556147098541259765625">
        <ele>106.40000152587890625</ele>
        <time>2026-08-16T02:28:46.000Z</time>
        <extensions>
          <ns3:TrackPointExtension>
            <ns3:hr>143</ns3:hr>
          </ns3:TrackPointExtension>
        </extensions>
      </trkpt>
      <trkpt lat="36.694488823413848876953125" lon="117.24569971673190593719482421875">
        <ele>106.40000152587890625</ele>
        <time>2026-08-16T02:28:47.000Z</time>
        <extensions>
          <ns3:TrackPointExtension>
            <ns3:hr>142</ns3:hr>
          </ns3:TrackPointExtension>
        </extensions>
      </trkpt>
      <trkpt lat="36.6945008933544158935546875" lon="117.245624363422393798828125">
        <ele>106.59999847412109375</ele>
        <time>2026-08-16T02:28:52.000Z</time>
        <extensions>
          <ns3:TrackPointExtension>
            <ns3:hr>142</ns3:hr>
          </ns3:TrackPointExtension>
        </extensions>
      </trkpt>
      <trkpt lat="36.6945057548582553863525390625" lon="117.24552000872790813446044921875">
        <ele>107</ele>
        <time>2026-08-16T02:28:58.000Z</time>
        <extensions>
          <ns3:TrackPointExtension>
            <ns3:hr>142</ns3:hr>
          </ns3:TrackPointExtension>
        </extensions>
      </trkpt>
      <trkpt lat="36.694521009922027587890625" lon="117.2454454936087131500244140625">
        <ele>107</ele>
        <time>2026-08-16T02:29:03.000Z</time>
        <extensions>
          <ns3:TrackPointExtension>
            <ns3:hr>142</ns3:hr>
          </ns3:TrackPointExtension>
        </extensions>
      </trkpt>
      <trkpt lat="36.69452109374105930328369140625" lon="117.24540953524410724639892578125">
        <ele>107</ele>
        <time>2026-08-16T02:29:05.000Z</time>
        <extensions>
          <ns3:TrackPointExtension>
            <ns3:hr>142</ns3:hr>
          </ns3:TrackPointExtension>
        </extensions>
      </trkpt>
      <trkpt lat="36.6945221833884716033935546875" lon="117.24537919275462627410888671875">
        <ele>107.40000152587890625</ele>
        <time>2026-08-16T02:29:07.000Z</time>
        <extensions>
          <ns3:TrackPointExtension>
            <ns3:hr>142</ns3:hr>
          </ns3:TrackPointExtension>
        </extensions>
      </trkpt>
      <trkpt lat="36.69452570378780364990234375" lon="117.24530777893960475921630859375">
        <ele>107.8000030517578125</ele>
        <time>2026-08-16T02:29:12.000Z</time>
        <extensions>
          <ns3:TrackPointExtension>
            <ns3:hr>141</ns3:hr>
          </ns3:TrackPointExtension>
        </extensions>
      </trkpt>
      <trkpt lat="36.69453316368162631988525390625" lon="117.24522144533693790435791015625">
        <ele>108</ele>
        <time>2026-08-16T02:29:17.000Z</time>
        <extensions>
          <ns3:TrackPointExtension>
            <ns3:hr>140</ns3:hr>
          </ns3:TrackPointExtension>
        </extensions>
      </trkpt>
      <trkpt lat="36.69454221613705158233642578125" lon="117.24514533765614032745361328125">
        <ele>108.1999969482421875</ele>
        <time>2026-08-16T02:29:22.000Z</time>
        <extensions>
          <ns3:TrackPointExtension>
            <ns3:hr>142</ns3:hr>
          </ns3:TrackPointExtension>
        </extensions>
      </trkpt>
      <trkpt lat="36.69455512426793575286865234375" lon="117.24508129991590976715087890625">
        <ele>108.1999969482421875</ele>
        <time>2026-08-16T02:29:27.000Z</time>
        <extensions>
          <ns3:TrackPointExtension>
            <ns3:hr>140</ns3:hr>
          </ns3:TrackPointExtension>
        </extensions>
      </trkpt>
      <trkpt lat="36.6945572197437286376953125" lon="117.245071493089199066162109375">
        <ele>108.40000152587890625</ele>
        <time>2026-08-16T02:29:28.000Z</time>
        <extensions>
          <ns3:TrackPointExtension>
            <ns3:hr>140</ns3:hr>
          </ns3:TrackPointExtension>
        </extensions>
      </trkpt>
      <trkpt lat="36.69456182979047298431396484375" lon="117.24500686861574649810791015625">
        <ele>108.59999847412109375</ele>
        <time>2026-08-16T02:29:32.000Z</time>
        <extensions>
          <ns3:TrackPointExtension>
            <ns3:hr>140</ns3:hr>
          </ns3:TrackPointExtension>
        </extensions>
      </trkpt>
      <trkpt lat="36.69456484727561473846435546875" lon="117.24493503570556640625">
        <ele>109.40000152587890625</ele>
        <time>2026-08-16T02:29:37.000Z</time>
        <extensions>
          <ns3:TrackPointExtension>
            <ns3:hr>140</ns3:hr>
          </ns3:TrackPointExtension>
        </extensions>
      </trkpt>
      <trkpt lat="36.69456920586526393890380859375" lon="117.244870327413082122802734375">
        <ele>110</ele>
        <time>2026-08-16T02:29:41.000Z</time>
        <extensions>
          <ns3:TrackPointExtension>
            <ns3:hr>141</ns3:hr>
          </ns3:TrackPointExtension>
        </extensions>
      </trkpt>
      <trkpt lat="36.69457792304456233978271484375" lon="117.244809307157993316650390625">
        <ele>110.40000152587890625</ele>
        <time>2026-08-16T02:29:45.000Z</time>
        <extensions>
          <ns3:TrackPointExtension>
            <ns3:hr>142</ns3:hr>
          </ns3:TrackPointExtension>
        </extensions>
      </trkpt>
      <trkpt lat="36.69458563439548015594482421875" lon="117.244734205305576324462890625">
        <ele>111.1999969482421875</ele>
        <time>2026-08-16T02:29:50.000Z</time>
        <extensions>
          <ns3:TrackPointExtension>
            <ns3:hr>142</ns3:hr>
          </ns3:TrackPointExtension>
        </extensions>
      </trkpt>
      <trkpt lat="36.6945912502706050872802734375" lon="117.244692631065845489501953125">
        <ele>111.59999847412109375</ele>
        <time>2026-08-16T02:29:53.000Z</time>
        <extensions>
          <ns3:TrackPointExtension>
            <ns3:hr>142</ns3:hr>
          </ns3:TrackPointExtension>
        </extensions>
      </trkpt>
      <trkpt lat="36.69459233991801738739013671875" lon="117.2446130029857158660888671875">
        <ele>112</ele>
        <time>2026-08-16T02:29:58.000Z</time>
        <extensions>
          <ns3:TrackPointExtension>
            <ns3:hr>141</ns3:hr>
          </ns3:TrackPointExtension>
        </extensions>
      </trkpt>
      <trkpt lat="36.69459116645157337188720703125" lon="117.24458609707653522491455078125">
        <ele>112.1999969482421875</ele>
        <time>2026-08-16T02:30:00.000Z</time>
        <extensions>
          <ns3:TrackPointExtension>
            <ns3:hr>140</ns3:hr>
          </ns3:TrackPointExtension>
        </extensions>
      </trkpt>
      <trkpt lat="36.69460139237344264984130859375" lon="117.2445409186184406280517578125">
        <ele>112.59999847412109375</ele>
        <time>2026-08-16T02:30:03.000Z</time>
        <extensions>
          <ns3:TrackPointExtension>
            <ns3:hr>141</ns3:hr>
          </ns3:TrackPointExtension>
        </extensions>
      </trkpt>
      <trkpt lat="36.694605164229869842529296875" lon="117.2445259988307952880859375">
        <ele>112.59999847412109375</ele>
        <time>2026-08-16T02:30:04.000Z</time>
        <extensions>
          <ns3:TrackPointExtension>
            <ns3:hr>141</ns3:hr>
          </ns3:TrackPointExtension>
        </extensions>
      </trkpt>
      <trkpt lat="36.69461614452302455902099609375" lon="117.2444752044975757598876953125">
        <ele>112.8000030517578125</ele>
        <time>2026-08-16T02:30:07.000Z</time>
        <extensions>
          <ns3:TrackPointExtension>
            <ns3:hr>140</ns3:hr>
          </ns3:TrackPointExtension>
        </extensions>
      </trkpt>
      <trkpt lat="36.69462754391133785247802734375" lon="117.24436632357537746429443359375">
        <ele>113</ele>
        <time>2026-08-16T02:30:14.000Z</time>
        <extensions>
          <ns3:TrackPointExtension>
            <ns3:hr>140</ns3:hr>
          </ns3:TrackPointExtension>
        </extensions>
      </trkpt>
      <trkpt lat="36.69463609345257282257080078125" lon="117.2442629747092723846435546875">
        <ele>113.40000152587890625</ele>
        <time>2026-08-16T02:30:21.000Z</time>
        <extensions>
          <ns3:TrackPointExtension>
            <ns3:hr>140</ns3:hr>
          </ns3:TrackPointExtension>
        </extensions>
      </trkpt>
      <trkpt lat="36.69463709928095340728759765625" lon="117.2442448697984218597412109375">
        <ele>113.40000152587890625</ele>
        <time>2026-08-16T02:30:22.000Z</time>
        <extensions>
          <ns3:TrackPointExtension>
            <ns3:hr>140</ns3:hr>
          </ns3:TrackPointExtension>
        </extensions>
      </trkpt>
      <trkpt lat="36.69464263133704662322998046875" lon="117.24421109072864055633544921875">
        <ele>113.8000030517578125</ele>
        <time>2026-08-16T02:30:24.000Z</time>
        <extensions>
          <ns3:TrackPointExtension>
            <ns3:hr>140</ns3:hr>
          </ns3:TrackPointExtension>
        </extensions>
      </trkpt>
      <trkpt lat="36.69464682228863239288330078125" lon="117.24417638964951038360595703125">
        <ele>113.8000030517578125</ele>
        <time>2026-08-16T02:30:26.000Z</time>
        <extensions>
          <ns3:TrackPointExtension>
            <ns3:hr>139</ns3:hr>
          </ns3:TrackPointExtension>
        </extensions>
      </trkpt>
      <trkpt lat="36.69465369544923305511474609375" lon="117.24409558810293674468994140625">
        <ele>114.1999969482421875</ele>
        <time>2026-08-16T02:30:31.000Z</time>
        <extensions>
          <ns3:TrackPointExtension>
            <ns3:hr>138</ns3:hr>
          </ns3:TrackPointExtension>
        </extensions>
      </trkpt>
      <trkpt lat="36.69465939514338970184326171875" lon="117.244048900902271270751953125">
        <ele>114.8000030517578125</ele>
        <time>2026-08-16T02:30:34.000Z</time>
        <extensions>
          <ns3:TrackPointExtension>
            <ns3:hr>139</ns3:hr>
          </ns3:TrackPointExtension>
        </extensions>
      </trkpt>
      <trkpt lat="36.69466559775173664093017578125" lon="117.2439726255834102630615234375">
        <ele>114.8000030517578125</ele>
        <time>2026-08-16T02:30:39.000Z</time>
        <extensions>
          <ns3:TrackPointExtension>
            <ns3:hr>139</ns3:hr>
          </ns3:TrackPointExtension>
        </extensions>
      </trkpt>
      <trkpt lat="36.69467381201684474945068359375" lon="117.243879251182079315185546875">
        <ele>114.8000030517578125</ele>
        <time>2026-08-16T02:30:45.000Z</time>
        <extensions>
          <ns3:TrackPointExtension>
            <ns3:hr>138</ns3:hr>
          </ns3:TrackPointExtension>
        </extensions>
      </trkpt>
      <trkpt lat="36.6946797631680965423583984375" lon="117.243829630315303802490234375">
        <ele>115</ele>
        <time>2026-08-16T02:30:48.000Z</time>
        <extensions>
          <ns3:TrackPointExtension>
            <ns3:hr>138</ns3:hr>
          </ns3:TrackPointExtension>
        </extensions>
      </trkpt>
      <trkpt lat="36.69468462467193603515625" lon="117.2437878884375095367431640625">
        <ele>114.8000030517578125</ele>
        <time>2026-08-16T02:30:51.000Z</time>
        <extensions>
          <ns3:TrackPointExtension>
            <ns3:hr>137</ns3:hr>
          </ns3:TrackPointExtension>
        </extensions>
      </trkpt>
      <trkpt lat="36.69469912536442279815673828125" lon="117.2436688654124736785888671875">
        <ele>115.59999847412109375</ele>
        <time>2026-08-16T02:30:59.000Z</time>
        <extensions>
          <ns3:TrackPointExtension>
            <ns3:hr>136</ns3:hr>
          </ns3:TrackPointExtension>
        </extensions>
      </trkpt>
      <trkpt lat="36.69470180757343769073486328125" lon="117.24365226924419403076171875">
        <ele>115.8000030517578125</ele>
        <time>2026-08-16T02:31:00.000Z</time>
        <extensions>
          <ns3:TrackPointExtension>
            <ns3:hr>135</ns3:hr>
          </ns3:TrackPointExtension>
        </extensions>
      </trkpt>
      <trkpt lat="36.69470901601016521453857421875" lon="117.2435692884027957916259765625">
        <ele>116.1999969482421875</ele>
        <time>2026-08-16T02:31:06.000Z</time>
        <extensions>
          <ns3:TrackPointExtension>
            <ns3:hr>136</ns3:hr>
          </ns3:TrackPointExtension>
        </extensions>
      </trkpt>
      <trkpt lat="36.6947126202285289764404296875" lon="117.2435367666184902191162109375">
        <ele>116.40000152587890625</ele>
        <time>2026-08-16T02:31:08.000Z</time>
        <extensions>
          <ns3:TrackPointExtension>
            <ns3:hr>135</ns3:hr>
          </ns3:TrackPointExtension>
        </extensions>
      </trkpt>
      <trkpt lat="36.6947149671614170074462890625" lon="117.24348706193268299102783203125">
        <ele>116.59999847412109375</ele>
        <time>2026-08-16T02:31:11.000Z</time>
        <extensions>
          <ns3:TrackPointExtension>
            <ns3:hr>134</ns3:hr>
          </ns3:TrackPointExtension>
        </extensions>
      </trkpt>
      <trkpt lat="36.69471823610365390777587890625" lon="117.24341413937509059906005859375">
        <ele>116.8000030517578125</ele>
        <time>2026-08-16T02:31:16.000Z</time>
        <extensions>
          <ns3:TrackPointExtension>
            <ns3:hr>133</ns3:hr>
          </ns3:TrackPointExtension>
        </extensions>
      </trkpt>
      <trkpt lat="36.694719493389129638671875" lon="117.24340014159679412841796875">
        <ele>116.8000030517578125</ele>
        <time>2026-08-16T02:31:17.000Z</time>
        <extensions>
          <ns3:TrackPointExtension>
            <ns3:hr>130</ns3:hr>
          </ns3:TrackPointExtension>
        </extensions>
      </trkpt>
      <trkpt lat="36.69471924193203449249267578125" lon="117.243371643126010894775390625">
        <ele>117</ele>
        <time>2026-08-16T02:31:19.000Z</time>
        <extensions>
          <ns3:TrackPointExtension>
            <ns3:hr>127</ns3:hr>
          </ns3:TrackPointExtension>
        </extensions>
      </trkpt>
      <trkpt lat="36.69472108595073223114013671875" lon="117.2433443181216716766357421875">
        <ele>116.8000030517578125</ele>
        <time>2026-08-16T02:31:21.000Z</time>
        <extensions>
          <ns3:TrackPointExtension>
            <ns3:hr>128</ns3:hr>
          </ns3:TrackPointExtension>
        </extensions>
      </trkpt>
      <trkpt lat="36.6947163082659244537353515625" lon="117.24329981021583080291748046875">
        <ele>116.8000030517578125</ele>
        <time>2026-08-16T02:31:24.000Z</time>
        <extensions>
          <ns3:TrackPointExtension>
            <ns3:hr>131</ns3:hr>
          </ns3:TrackPointExtension>
        </extensions>
      </trkpt>
      <trkpt lat="36.69472460635006427764892578125" lon="117.24324859678745269775390625">
        <ele>117</ele>
        <time>2026-08-16T02:31:27.000Z</time>
        <extensions>
          <ns3:TrackPointExtension>
            <ns3:hr>133</ns3:hr>
          </ns3:TrackPointExtension>
        </extensions>
      </trkpt>
      <trkpt lat="36.69473097659647464752197265625" lon="117.24321716465055942535400390625">
        <ele>117.1999969482421875</ele>
        <time>2026-08-16T02:31:29.000Z</time>
        <extensions>
          <ns3:TrackPointExtension>
            <ns3:hr>135</ns3:hr>
          </ns3:TrackPointExtension>
        </extensions>
      </trkpt>
      <trkpt lat="36.694735251367092132568359375" lon="117.24317207001149654388427734375">
        <ele>117.40000152587890625</ele>
        <time>2026-08-16T02:31:32.000Z</time>
        <extensions>
          <ns3:TrackPointExtension>
            <ns3:hr>136</ns3:hr>
          </ns3:TrackPointExtension>
        </extensions>
      </trkpt>
      <trkpt lat="36.69474757276475429534912109375" lon="117.2431059367954730987548828125">
        <ele>117.59999847412109375</ele>
        <time>2026-08-16T02:31:37.000Z</time>
        <extensions>
          <ns3:TrackPointExtension>
            <ns3:hr>136</ns3:hr>
          </ns3:TrackPointExtension>
        </extensions>
      </trkpt>
      <trkpt lat="36.69475637376308441162109375" lon="117.24309797398746013641357421875">
        <ele>117.59999847412109375</ele>
        <time>2026-08-16T02:31:43.000Z</time>
        <extensions>
          <ns3:TrackPointExtension>
            <ns3:hr>135</ns3:hr>
          </ns3:TrackPointExtension>
        </extensions>
      </trkpt>
      <trkpt lat="36.69475628994405269622802734375" lon="117.24310333840548992156982421875">
        <ele>117.59999847412109375</ele>
        <time>2026-08-16T02:31:53.000Z</time>
        <extensions>
          <ns3:TrackPointExtension>
            <ns3:hr>132</ns3:hr>
          </ns3:TrackPointExtension>
        </extensions>
      </trkpt>
      <trkpt lat="36.69475411064922809600830078125" lon="117.24309294484555721282958984375">
        <ele>117.59999847412109375</ele>
        <time>2026-08-16T02:32:01.000Z</time>
        <extensions>
          <ns3:TrackPointExtension>
            <ns3:hr>131</ns3:hr>
          </ns3:TrackPointExtension>
        </extensions>
      </trkpt>
      <trkpt lat="36.6947568766772747039794921875" lon="117.2430663742125034332275390625">
        <ele>118</ele>
        <time>2026-08-16T02:32:04.000Z</time>
        <extensions>
          <ns3:TrackPointExtension>
            <ns3:hr>132</ns3:hr>
          </ns3:TrackPointExtension>
        </extensions>
      </trkpt>
      <trkpt lat="36.6947619058191776275634765625" lon="117.2430385462939739227294921875">
        <ele>118.40000152587890625</ele>
        <time>2026-08-16T02:32:06.000Z</time>
        <extensions>
          <ns3:TrackPointExtension>
            <ns3:hr>126</ns3:hr>
          </ns3:TrackPointExtension>
        </extensions>
      </trkpt>
      <trkpt lat="36.69478277675807476043701171875" lon="117.242958582937717437744140625">
        <ele>118.8000030517578125</ele>
        <time>2026-08-16T02:32:11.000Z</time>
        <extensions>
          <ns3:TrackPointExtension>
            <ns3:hr>125</ns3:hr>
          </ns3:TrackPointExtension>
        </extensions>
      </trkpt>
      <trkpt lat="36.6947847045958042144775390625" lon="117.24292446859180927276611328125">
        <ele>118.8000030517578125</ele>
        <time>2026-08-16T02:32:13.000Z</time>
        <extensions>
          <ns3:TrackPointExtension>
            <ns3:hr>126</ns3:hr>
          </ns3:TrackPointExtension>
        </extensions>
      </trkpt>
      <trkpt lat="36.69478512369096279144287109375" lon="117.24286948330700397491455078125">
        <ele>119</ele>
        <time>2026-08-16T02:32:17.000Z</time>
        <extensions>
          <ns3:TrackPointExtension>
            <ns3:hr>126</ns3:hr>
          </ns3:TrackPointExtension>
        </extensions>
      </trkpt>
      <trkpt lat="36.694784872233867645263671875" lon="117.24285305477678775787353515625">
        <ele>119</ele>
        <time>2026-08-16T02:32:18.000Z</time>
        <extensions>
          <ns3:TrackPointExtension>
            <ns3:hr>126</ns3:hr>
          </ns3:TrackPointExtension>
        </extensions>
      </trkpt>
      <trkpt lat="36.69478453695774078369140625" lon="117.2428362071514129638671875">
        <ele>119</ele>
        <time>2026-08-16T02:32:19.000Z</time>
        <extensions>
          <ns3:TrackPointExtension>
            <ns3:hr>126</ns3:hr>
          </ns3:TrackPointExtension>
        </extensions>
      </trkpt>
      <trkpt lat="36.694783866405487060546875" lon="117.2427619434893131256103515625">
        <ele>119.59999847412109375</ele>
        <time>2026-08-16T02:32:24.000Z</time>
        <extensions>
          <ns3:TrackPointExtension>
            <ns3:hr>126</ns3:hr>
          </ns3:TrackPointExtension>
        </extensions>
      </trkpt>
      <trkpt lat="36.694788895547389984130859375" lon="117.2427186928689479827880859375">
        <ele>119.59999847412109375</ele>
        <time>2026-08-16T02:32:30.000Z</time>
        <extensions>
          <ns3:TrackPointExtension>
            <ns3:hr>128</ns3:hr>
          </ns3:TrackPointExtension>
        </extensions>
      </trkpt>
      <trkpt lat="36.69478629715740680694580078125" lon="117.2427079640328884124755859375">
        <ele>119</ele>
        <time>2026-08-16T02:32:41.000Z</time>
        <extensions>
          <ns3:TrackPointExtension>
            <ns3:hr>128</ns3:hr>
          </ns3:TrackPointExtension>
        </extensions>
      </trkpt>
      <trkpt lat="36.6947880573570728302001953125" lon="117.24266010336577892303466796875">
        <ele>119.1999969482421875</ele>
        <time>2026-08-16T02:32:46.000Z</time>
        <extensions>
          <ns3:TrackPointExtension>
            <ns3:hr>129</ns3:hr>
          </ns3:TrackPointExtension>
        </extensions>
      </trkpt>
      <trkpt lat="36.6947890631854534149169921875" lon="117.2424866817891597747802734375">
        <ele>119.8000030517578125</ele>
        <time>2026-08-16T02:32:52.000Z</time>
        <extensions>
          <ns3:TrackPointExtension>
            <ns3:hr>131</ns3:hr>
          </ns3:TrackPointExtension>
        </extensions>
      </trkpt>
      <trkpt lat="36.69478395022451877593994140625" lon="117.24242356605827808380126953125">
        <ele>120</ele>
        <time>2026-08-16T02:32:54.000Z</time>
        <extensions>
          <ns3:TrackPointExtension>
            <ns3:hr>131</ns3:hr>
          </ns3:TrackPointExtension>
        </extensions>
      </trkpt>
      <trkpt lat="36.69477757997810840606689453125" lon="117.24224804900586605072021484375">
        <ele>120.40000152587890625</ele>
        <time>2026-08-16T02:32:59.000Z</time>
        <extensions>
          <ns3:TrackPointExtension>
            <ns3:hr>132</ns3:hr>
          </ns3:TrackPointExtension>
        </extensions>
      </trkpt>
      <trkpt lat="36.69478395022451877593994140625" lon="117.242031209170818328857421875">
        <ele>121</ele>
        <time>2026-08-16T02:33:06.000Z</time>
        <extensions>
          <ns3:TrackPointExtension>
            <ns3:hr>132</ns3:hr>
          </ns3:TrackPointExtension>
        </extensions>
      </trkpt>
      <trkpt lat="36.69478814117610454559326171875" lon="117.24199642427265644073486328125">
        <ele>121.1999969482421875</ele>
        <time>2026-08-16T02:33:07.000Z</time>
        <extensions>
          <ns3:TrackPointExtension>
            <ns3:hr>132</ns3:hr>
          </ns3:TrackPointExtension>
        </extensions>
      </trkpt>
      <trkpt lat="36.69479065574705600738525390625" lon="117.24183096550405025482177734375">
        <ele>121.1999969482421875</ele>
        <time>2026-08-16T02:33:12.000Z</time>
        <extensions>
          <ns3:TrackPointExtension>
            <ns3:hr>134</ns3:hr>
          </ns3:TrackPointExtension>
        </extensions>
      </trkpt>
      <trkpt lat="36.69476978480815887451171875" lon="117.2416997887194156646728515625">
        <ele>121.40000152587890625</ele>
        <time>2026-08-16T02:33:17.000Z</time>
        <extensions>
          <ns3:TrackPointExtension>
            <ns3:hr>134</ns3:hr>
          </ns3:TrackPointExtension>
        </extensions>
      </trkpt>
      <trkpt lat="36.694726534187793731689453125" lon="117.2415204159915447235107421875">
        <ele>121.40000152587890625</ele>
        <time>2026-08-16T02:33:23.000Z</time>
        <extensions>
          <ns3:TrackPointExtension>
            <ns3:hr>132</ns3:hr>
          </ns3:TrackPointExtension>
        </extensions>
      </trkpt>
      <trkpt lat="36.6946671903133392333984375" lon="117.241291590034961700439453125">
        <ele>121.59999847412109375</ele>
        <time>2026-08-16T02:33:29.000Z</time>
        <extensions>
          <ns3:TrackPointExtension>
            <ns3:hr>130</ns3:hr>
          </ns3:TrackPointExtension>
        </extensions>
      </trkpt>
      <trkpt lat="36.69455587863922119140625" lon="117.240982465445995330810546875">
        <ele>121.59999847412109375</ele>
        <time>2026-08-16T02:33:35.000Z</time>
        <extensions>
          <ns3:TrackPointExtension>
            <ns3:hr>130</ns3:hr>
          </ns3:TrackPointExtension>
        </extensions>
      </trkpt>
      <trkpt lat="36.69445370323956012725830078125" lon="117.24074802361428737640380859375">
        <ele>121.40000152587890625</ele>
        <time>2026-08-16T02:33:39.000Z</time>
        <extensions>
          <ns3:TrackPointExtension>
            <ns3:hr>133</ns3:hr>
          </ns3:TrackPointExtension>
        </extensions>
      </trkpt>
      <trkpt lat="36.69436820782721042633056640625" lon="117.2405858337879180908203125">
        <ele>121</ele>
        <time>2026-08-16T02:33:42.000Z</time>
        <extensions>
          <ns3:TrackPointExtension>
            <ns3:hr>135</ns3:hr>
          </ns3:TrackPointExtension>
        </extensions>
      </trkpt>
      <trkpt lat="36.6943391226232051849365234375" lon="117.24053210578858852386474609375">
        <ele>121</ele>
        <time>2026-08-16T02:33:43.000Z</time>
        <extensions>
          <ns3:TrackPointExtension>
            <ns3:hr>136</ns3:hr>
          </ns3:TrackPointExtension>
        </extensions>
      </trkpt>
      <trkpt lat="36.69413812458515167236328125" lon="117.2402195446193218231201171875">
        <ele>120.40000152587890625</ele>
        <time>2026-08-16T02:33:49.000Z</time>
        <extensions>
          <ns3:TrackPointExtension>
            <ns3:hr>136</ns3:hr>
          </ns3:TrackPointExtension>
        </extensions>
      </trkpt>
      <trkpt lat="36.69406092725694179534912109375" lon="117.240124158561229705810546875">
        <ele>120</ele>
        <time>2026-08-16T02:33:51.000Z</time>
        <extensions>
          <ns3:TrackPointExtension>
            <ns3:hr>136</ns3:hr>
          </ns3:TrackPointExtension>
        </extensions>
      </trkpt>
      <trkpt lat="36.69384920038282871246337890625" lon="117.2398571111261844635009765625">
        <ele>119.1999969482421875</ele>
        <time>2026-08-16T02:33:56.000Z</time>
        <extensions>
          <ns3:TrackPointExtension>
            <ns3:hr>134</ns3:hr>
          </ns3:TrackPointExtension>
        </extensions>
      </trkpt>
      <trkpt lat="36.6937969811260700225830078125" lon="117.23980941809713840484619140625">
        <ele>119</ele>
        <time>2026-08-16T02:33:57.000Z</time>
        <extensions>
          <ns3:TrackPointExtension>
            <ns3:hr>134</ns3:hr>
          </ns3:TrackPointExtension>
        </extensions>
      </trkpt>
      <trkpt lat="36.693743169307708740234375" lon="117.239755354821681976318359375">
        <ele>119</ele>
        <time>2026-08-16T02:33:58.000Z</time>
        <extensions>
          <ns3:TrackPointExtension>
            <ns3:hr>133</ns3:hr>
          </ns3:TrackPointExtension>
        </extensions>
      </trkpt>
      <trkpt lat="36.6934932209551334381103515625" lon="117.2395290434360504150390625">
        <ele>118.1999969482421875</ele>
        <time>2026-08-16T02:34:02.000Z</time>
        <extensions>
          <ns3:TrackPointExtension>
            <ns3:hr>133</ns3:hr>
          </ns3:TrackPointExtension>
        </extensions>
      </trkpt>
      <trkpt lat="36.693422310054302215576171875" lon="117.239471711218357086181640625">
        <ele>117.8000030517578125</ele>
        <time>2026-08-16T02:34:03.000Z</time>
        <extensions>
          <ns3:TrackPointExtension>
            <ns3:hr>133</ns3:hr>
          </ns3:TrackPointExtension>
        </extensions>
      </trkpt>
      <trkpt lat="36.6931334696710109710693359375" lon="117.2392606548964977264404296875">
        <ele>116.8000030517578125</ele>
        <time>2026-08-16T02:34:07.000Z</time>
        <extensions>
          <ns3:TrackPointExtension>
            <ns3:hr>135</ns3:hr>
          </ns3:TrackPointExtension>
        </extensions>
      </trkpt>
      <trkpt lat="36.692848317325115203857421875" lon="117.2390497662127017974853515625">
        <ele>116.8000030517578125</ele>
        <time>2026-08-16T02:34:11.000Z</time>
        <extensions>
          <ns3:TrackPointExtension>
            <ns3:hr>136</ns3:hr>
          </ns3:TrackPointExtension>
        </extensions>
      </trkpt>
      <trkpt lat="36.6924287192523479461669921875" lon="117.23872932605445384979248046875">
        <ele>116</ele>
        <time>2026-08-16T02:34:17.000Z</time>
        <extensions>
          <ns3:TrackPointExtension>
            <ns3:hr>135</ns3:hr>
          </ns3:TrackPointExtension>
        </extensions>
      </trkpt>
      <trkpt lat="36.6922882385551929473876953125" lon="117.238620780408382415771484375">
        <ele>115.59999847412109375</ele>
        <time>2026-08-16T02:34:19.000Z</time>
        <extensions>
          <ns3:TrackPointExtension>
            <ns3:hr>134</ns3:hr>
          </ns3:TrackPointExtension>
        </extensions>
      </trkpt>
      <trkpt lat="36.6918574087321758270263671875" lon="117.23829564638435840606689453125">
        <ele>115</ele>
        <time>2026-08-16T02:34:25.000Z</time>
        <extensions>
          <ns3:TrackPointExtension>
            <ns3:hr>132</ns3:hr>
          </ns3:TrackPointExtension>
        </extensions>
      </trkpt>
      <trkpt lat="36.69178574346005916595458984375" lon="117.2382410801947116851806640625">
        <ele>114.59999847412109375</ele>
        <time>2026-08-16T02:34:26.000Z</time>
        <extensions>
          <ns3:TrackPointExtension>
            <ns3:hr>132</ns3:hr>
          </ns3:TrackPointExtension>
        </extensions>
      </trkpt>
      <trkpt lat="36.69171365909278392791748046875" lon="117.23818726837635040283203125">
        <ele>114.1999969482421875</ele>
        <time>2026-08-16T02:34:27.000Z</time>
        <extensions>
          <ns3:TrackPointExtension>
            <ns3:hr>132</ns3:hr>
          </ns3:TrackPointExtension>
        </extensions>
      </trkpt>
      <trkpt lat="36.69149346649646759033203125" lon="117.23802365362644195556640625">
        <ele>113.40000152587890625</ele>
        <time>2026-08-16T02:34:30.000Z</time>
        <extensions>
          <ns3:TrackPointExtension>
            <ns3:hr>131</ns3:hr>
          </ns3:TrackPointExtension>
        </extensions>
      </trkpt>
      <trkpt lat="36.6912736929953098297119140625" lon="117.23786674439907073974609375">
        <ele>112.1999969482421875</ele>
        <time>2026-08-16T02:34:33.000Z</time>
        <extensions>
          <ns3:TrackPointExtension>
            <ns3:hr>130</ns3:hr>
          </ns3:TrackPointExtension>
        </extensions>
      </trkpt>
      <trkpt lat="36.69113832525908946990966796875" lon="117.23777580074965953826904296875">
        <ele>111.40000152587890625</ele>
        <time>2026-08-16T02:34:35.000Z</time>
        <extensions>
          <ns3:TrackPointExtension>
            <ns3:hr>130</ns3:hr>
          </ns3:TrackPointExtension>
        </extensions>
      </trkpt>
      <trkpt lat="36.69107277877628803253173828125" lon="117.23772098310291767120361328125">
        <ele>111</ele>
        <time>2026-08-16T02:34:36.000Z</time>
        <extensions>
          <ns3:TrackPointExtension>
            <ns3:hr>129</ns3:hr>
          </ns3:TrackPointExtension>
        </extensions>
      </trkpt>
      <trkpt lat="36.690808832645416259765625" lon="117.23747220821678638458251953125">
        <ele>109.8000030517578125</ele>
        <time>2026-08-16T02:34:40.000Z</time>
        <extensions>
          <ns3:TrackPointExtension>
            <ns3:hr>128</ns3:hr>
          </ns3:TrackPointExtension>
        </extensions>
      </trkpt>
      <trkpt lat="36.6906074993312358856201171875" lon="117.23725662566721439361572265625">
        <ele>108.59999847412109375</ele>
        <time>2026-08-16T02:34:43.000Z</time>
        <extensions>
          <ns3:TrackPointExtension>
            <ns3:hr>126</ns3:hr>
          </ns3:TrackPointExtension>
        </extensions>
      </trkpt>
      <trkpt lat="36.69048336334526538848876953125" lon="117.23711304366588592529296875">
        <ele>107.1999969482421875</ele>
        <time>2026-08-16T02:34:45.000Z</time>
        <extensions>
          <ns3:TrackPointExtension>
            <ns3:hr>125</ns3:hr>
          </ns3:TrackPointExtension>
        </extensions>
      </trkpt>
      <trkpt lat="36.690358556807041168212890625" lon="117.2369750775396823883056640625">
        <ele>106.59999847412109375</ele>
        <time>2026-08-16T02:34:47.000Z</time>
        <extensions>
          <ns3:TrackPointExtension>
            <ns3:hr>124</ns3:hr>
          </ns3:TrackPointExtension>
        </extensions>
      </trkpt>
      <trkpt lat="36.6903010569512844085693359375" lon="117.236901819705963134765625">
        <ele>105.8000030517578125</ele>
        <time>2026-08-16T02:34:48.000Z</time>
        <extensions>
          <ns3:TrackPointExtension>
            <ns3:hr>124</ns3:hr>
          </ns3:TrackPointExtension>
        </extensions>
      </trkpt>
      <trkpt lat="36.69013819657266139984130859375" lon="117.23666972480714321136474609375">
        <ele>104</ele>
        <time>2026-08-16T02:34:51.000Z</time>
        <extensions>
          <ns3:TrackPointExtension>
            <ns3:hr>122</ns3:hr>
          </ns3:TrackPointExtension>
        </extensions>
      </trkpt>
      <trkpt lat="36.69004750438034534454345703125" lon="117.23650552332401275634765625">
        <ele>102.59999847412109375</ele>
        <time>2026-08-16T02:34:53.000Z</time>
        <extensions>
          <ns3:TrackPointExtension>
            <ns3:hr>121</ns3:hr>
          </ns3:TrackPointExtension>
        </extensions>
      </trkpt>
      <trkpt lat="36.689964272081851959228515625" lon="117.23634065128862857818603515625">
        <ele>101.59999847412109375</ele>
        <time>2026-08-16T02:34:55.000Z</time>
        <extensions>
          <ns3:TrackPointExtension>
            <ns3:hr>120</ns3:hr>
          </ns3:TrackPointExtension>
        </extensions>
      </trkpt>
      <trkpt lat="36.6898097097873687744140625" lon="117.23600001074373722076416015625">
        <ele>101.1999969482421875</ele>
        <time>2026-08-16T02:34:59.000Z</time>
        <extensions>
          <ns3:TrackPointExtension>
            <ns3:hr>120</ns3:hr>
          </ns3:TrackPointExtension>
        </extensions>
      </trkpt>
      <trkpt lat="36.68972530402243137359619140625" lon="117.23573614843189716339111328125">
        <ele>100</ele>
        <time>2026-08-16T02:35:02.000Z</time>
        <extensions>
          <ns3:TrackPointExtension>
            <ns3:hr>120</ns3:hr>
          </ns3:TrackPointExtension>
        </extensions>
      </trkpt>
      <trkpt lat="36.68968431651592254638671875" lon="117.2355592064559459686279296875">
        <ele>98.59999847412109375</ele>
        <time>2026-08-16T02:35:04.000Z</time>
        <extensions>
          <ns3:TrackPointExtension>
            <ns3:hr>120</ns3:hr>
          </ns3:TrackPointExtension>
        </extensions>
      </trkpt>
      <trkpt lat="36.68966730125248432159423828125" lon="117.2354700230062007904052734375">
        <ele>98</ele>
        <time>2026-08-16T02:35:05.000Z</time>
        <extensions>
          <ns3:TrackPointExtension>
            <ns3:hr>120</ns3:hr>
          </ns3:TrackPointExtension>
        </extensions>
      </trkpt>
      <trkpt lat="36.6896227933466434478759765625" lon="117.23510750569403171539306640625">
        <ele>97.59999847412109375</ele>
        <time>2026-08-16T02:35:09.000Z</time>
        <extensions>
          <ns3:TrackPointExtension>
            <ns3:hr>120</ns3:hr>
          </ns3:TrackPointExtension>
        </extensions>
      </trkpt>
      <trkpt lat="36.68961617164313793182373046875" lon="117.23495143465697765350341796875">
        <ele>96.59999847412109375</ele>
        <time>2026-08-16T02:35:11.000Z</time>
        <extensions>
          <ns3:TrackPointExtension>
            <ns3:hr>120</ns3:hr>
          </ns3:TrackPointExtension>
        </extensions>
      </trkpt>
      <trkpt lat="36.68962438590824604034423828125" lon="117.23481665365397930145263671875">
        <ele>95.40000152587890625</ele>
        <time>2026-08-16T02:35:13.000Z</time>
        <extensions>
          <ns3:TrackPointExtension>
            <ns3:hr>120</ns3:hr>
          </ns3:TrackPointExtension>
        </extensions>
      </trkpt>
      <trkpt lat="36.6896273195743560791015625" lon="117.23456737585365772247314453125">
        <ele>95.40000152587890625</ele>
        <time>2026-08-16T02:35:17.000Z</time>
        <extensions>
          <ns3:TrackPointExtension>
            <ns3:hr>120</ns3:hr>
          </ns3:TrackPointExtension>
        </extensions>
      </trkpt>
      <trkpt lat="36.6896227933466434478759765625" lon="117.234290353953838348388671875">
        <ele>94.1999969482421875</ele>
        <time>2026-08-16T02:35:21.000Z</time>
        <extensions>
          <ns3:TrackPointExtension>
            <ns3:hr>120</ns3:hr>
          </ns3:TrackPointExtension>
        </extensions>
      </trkpt>
      <trkpt lat="36.6896191053092479705810546875" lon="117.23412212915718555450439453125">
        <ele>93.40000152587890625</ele>
        <time>2026-08-16T02:35:23.000Z</time>
        <extensions>
          <ns3:TrackPointExtension>
            <ns3:hr>120</ns3:hr>
          </ns3:TrackPointExtension>
        </extensions>
      </trkpt>
      <trkpt lat="36.689617931842803955078125" lon="117.234031520783901214599609375">
        <ele>93</ele>
        <time>2026-08-16T02:35:24.000Z</time>
        <extensions>
          <ns3:TrackPointExtension>
            <ns3:hr>119</ns3:hr>
          </ns3:TrackPointExtension>
        </extensions>
      </trkpt>
      <trkpt lat="36.689616255462169647216796875" lon="117.2336186282336711883544921875">
        <ele>91.8000030517578125</ele>
        <time>2026-08-16T02:35:28.000Z</time>
        <extensions>
          <ns3:TrackPointExtension>
            <ns3:hr>119</ns3:hr>
          </ns3:TrackPointExtension>
        </extensions>
      </trkpt>
      <trkpt lat="36.6896224580705165863037109375" lon="117.2331656701862812042236328125">
        <ele>90.8000030517578125</ele>
        <time>2026-08-16T02:35:32.000Z</time>
        <extensions>
          <ns3:TrackPointExtension>
            <ns3:hr>123</ns3:hr>
          </ns3:TrackPointExtension>
        </extensions>
      </trkpt>
      <trkpt lat="36.68962187133729457855224609375" lon="117.23304941318929195404052734375">
        <ele>90.40000152587890625</ele>
        <time>2026-08-16T02:35:33.000Z</time>
        <extensions>
          <ns3:TrackPointExtension>
            <ns3:hr>128</ns3:hr>
          </ns3:TrackPointExtension>
        </extensions>
      </trkpt>
      <trkpt lat="36.6896261461079120635986328125" lon="117.23281388171017169952392578125">
        <ele>89.1999969482421875</ele>
        <time>2026-08-16T02:35:35.000Z</time>
        <extensions>
          <ns3:TrackPointExtension>
            <ns3:hr>130</ns3:hr>
          </ns3:TrackPointExtension>
        </extensions>
      </trkpt>
      <trkpt lat="36.68963612057268619537353515625" lon="117.2324619255959987640380859375">
        <ele>88.1999969482421875</ele>
        <time>2026-08-16T02:35:38.000Z</time>
        <extensions>
          <ns3:TrackPointExtension>
            <ns3:hr>130</ns3:hr>
          </ns3:TrackPointExtension>
        </extensions>
      </trkpt>
      <trkpt lat="36.68964676558971405029296875" lon="117.23223050124943256378173828125">
        <ele>87.1999969482421875</ele>
        <time>2026-08-16T02:35:40.000Z</time>
        <extensions>
          <ns3:TrackPointExtension>
            <ns3:hr>130</ns3:hr>
          </ns3:TrackPointExtension>
        </extensions>
      </trkpt>
      <trkpt lat="36.68966830708086490631103515625" lon="117.231888435781002044677734375">
        <ele>86.1999969482421875</ele>
        <time>2026-08-16T02:35:43.000Z</time>
        <extensions>
          <ns3:TrackPointExtension>
            <ns3:hr>129</ns3:hr>
          </ns3:TrackPointExtension>
        </extensions>
      </trkpt>
      <trkpt lat="36.6896764375269412994384765625" lon="117.231344617903232574462890625">
        <ele>86</ele>
        <time>2026-08-16T02:35:48.000Z</time>
        <extensions>
          <ns3:TrackPointExtension>
            <ns3:hr>127</ns3:hr>
          </ns3:TrackPointExtension>
        </extensions>
      </trkpt>
      <trkpt lat="36.68968037702143192291259765625" lon="117.23114420659840106964111328125">
        <ele>85.59999847412109375</ele>
        <time>2026-08-16T02:35:50.000Z</time>
        <extensions>
          <ns3:TrackPointExtension>
            <ns3:hr>127</ns3:hr>
          </ns3:TrackPointExtension>
        </extensions>
      </trkpt>
      <trkpt lat="36.68968255631625652313232421875" lon="117.231047563254833221435546875">
        <ele>85</ele>
        <time>2026-08-16T02:35:51.000Z</time>
        <extensions>
          <ns3:TrackPointExtension>
            <ns3:hr>126</ns3:hr>
          </ns3:TrackPointExtension>
        </extensions>
      </trkpt>
      <trkpt lat="36.68968372978270053863525390625" lon="117.2305877320468425750732421875">
        <ele>84.59999847412109375</ele>
        <time>2026-08-16T02:35:56.000Z</time>
        <extensions>
          <ns3:TrackPointExtension>
            <ns3:hr>123</ns3:hr>
          </ns3:TrackPointExtension>
        </extensions>
      </trkpt>
      <trkpt lat="36.6896814666688442230224609375" lon="117.23050081171095371246337890625">
        <ele>84.40000152587890625</ele>
        <time>2026-08-16T02:35:57.000Z</time>
        <extensions>
          <ns3:TrackPointExtension>
            <ns3:hr>122</ns3:hr>
          </ns3:TrackPointExtension>
        </extensions>
      </trkpt>
      <trkpt lat="36.68968473561108112335205078125" lon="117.2299429960548877716064453125">
        <ele>84.59999847412109375</ele>
        <time>2026-08-16T02:36:04.000Z</time>
        <extensions>
          <ns3:TrackPointExtension>
            <ns3:hr>120</ns3:hr>
          </ns3:TrackPointExtension>
        </extensions>
      </trkpt>
      <trkpt lat="36.6896875016391277313232421875" lon="117.2298722527921199798583984375">
        <ele>84.40000152587890625</ele>
        <time>2026-08-16T02:36:05.000Z</time>
        <extensions>
          <ns3:TrackPointExtension>
            <ns3:hr>120</ns3:hr>
          </ns3:TrackPointExtension>
        </extensions>
      </trkpt>
      <trkpt lat="36.68969915248453617095947265625" lon="117.22958617843687534332275390625">
        <ele>84.1999969482421875</ele>
        <time>2026-08-16T02:36:09.000Z</time>
        <extensions>
          <ns3:TrackPointExtension>
            <ns3:hr>118</ns3:hr>
          </ns3:TrackPointExtension>
        </extensions>
      </trkpt>
      <trkpt lat="36.68969747610390186309814453125" lon="117.22936137579381465911865234375">
        <ele>84</ele>
        <time>2026-08-16T02:36:12.000Z</time>
        <extensions>
          <ns3:TrackPointExtension>
            <ns3:hr>116</ns3:hr>
          </ns3:TrackPointExtension>
        </extensions>
      </trkpt>
      <trkpt lat="36.68970418162643909454345703125" lon="117.22881621681153774261474609375">
        <ele>83.59999847412109375</ele>
        <time>2026-08-16T02:36:18.000Z</time>
        <extensions>
          <ns3:TrackPointExtension>
            <ns3:hr>116</ns3:hr>
          </ns3:TrackPointExtension>
        </extensions>
      </trkpt>
      <trkpt lat="36.68971172533929347991943359375" lon="117.228520251810550689697265625">
        <ele>83.8000030517578125</ele>
        <time>2026-08-16T02:36:21.000Z</time>
        <extensions>
          <ns3:TrackPointExtension>
            <ns3:hr>119</ns3:hr>
          </ns3:TrackPointExtension>
        </extensions>
      </trkpt>
      <trkpt lat="36.6897160001099109649658203125" lon="117.22831564955413341522216796875">
        <ele>84</ele>
        <time>2026-08-16T02:36:23.000Z</time>
        <extensions>
          <ns3:TrackPointExtension>
            <ns3:hr>123</ns3:hr>
          </ns3:TrackPointExtension>
        </extensions>
      </trkpt>
      <trkpt lat="36.6897176764905452728271484375" lon="117.228217162191867828369140625">
        <ele>83.8000030517578125</ele>
        <time>2026-08-16T02:36:24.000Z</time>
        <extensions>
          <ns3:TrackPointExtension>
            <ns3:hr>126</ns3:hr>
          </ns3:TrackPointExtension>
        </extensions>
      </trkpt>
      <trkpt lat="36.68971910141408443450927734375" lon="117.2281214408576488494873046875">
        <ele>83.40000152587890625</ele>
        <time>2026-08-16T02:36:25.000Z</time>
        <extensions>
          <ns3:TrackPointExtension>
            <ns3:hr>127</ns3:hr>
          </ns3:TrackPointExtension>
        </extensions>
      </trkpt>
      <trkpt lat="36.6897203586995601654052734375" lon="117.22793410532176494598388671875">
        <ele>83.40000152587890625</ele>
        <time>2026-08-16T02:36:27.000Z</time>
        <extensions>
          <ns3:TrackPointExtension>
            <ns3:hr>130</ns3:hr>
          </ns3:TrackPointExtension>
        </extensions>
      </trkpt>
      <trkpt lat="36.68972010724246501922607421875" lon="117.2275008447468280792236328125">
        <ele>83</ele>
        <time>2026-08-16T02:36:32.000Z</time>
        <extensions>
          <ns3:TrackPointExtension>
            <ns3:hr>132</ns3:hr>
          </ns3:TrackPointExtension>
        </extensions>
      </trkpt>
      <trkpt lat="36.68972195126116275787353515625" lon="117.2273694165050983428955078125">
        <ele>82.8000030517578125</ele>
        <time>2026-08-16T02:36:34.000Z</time>
        <extensions>
          <ns3:TrackPointExtension>
            <ns3:hr>132</ns3:hr>
          </ns3:TrackPointExtension>
        </extensions>
      </trkpt>
      <trkpt lat="36.689727567136287689208984375" lon="117.22726824693381786346435546875">
        <ele>83</ele>
        <time>2026-08-16T02:36:36.000Z</time>
        <extensions>
          <ns3:TrackPointExtension>
            <ns3:hr>132</ns3:hr>
          </ns3:TrackPointExtension>
        </extensions>
      </trkpt>
      <trkpt lat="36.6897267289459705352783203125" lon="117.22696901299059391021728515625">
        <ele>83</ele>
        <time>2026-08-16T02:36:41.000Z</time>
        <extensions>
          <ns3:TrackPointExtension>
            <ns3:hr>132</ns3:hr>
          </ns3:TrackPointExtension>
        </extensions>
      </trkpt>
      <trkpt lat="36.68974273838102817535400390625" lon="117.22655712626874446868896484375">
        <ele>81.8000030517578125</ele>
        <time>2026-08-16T02:36:46.000Z</time>
        <extensions>
          <ns3:TrackPointExtension>
            <ns3:hr>131</ns3:hr>
          </ns3:TrackPointExtension>
        </extensions>
      </trkpt>
      <trkpt lat="36.68975480832159519195556640625" lon="117.226194441318511962890625">
        <ele>80.59999847412109375</ele>
        <time>2026-08-16T02:36:50.000Z</time>
        <extensions>
          <ns3:TrackPointExtension>
            <ns3:hr>134</ns3:hr>
          </ns3:TrackPointExtension>
        </extensions>
      </trkpt>
      <trkpt lat="36.68975807726383209228515625" lon="117.22592026926577091217041015625">
        <ele>80.40000152587890625</ele>
        <time>2026-08-16T02:36:53.000Z</time>
        <extensions>
          <ns3:TrackPointExtension>
            <ns3:hr>137</ns3:hr>
          </ns3:TrackPointExtension>
        </extensions>
      </trkpt>
      <trkpt lat="36.68976000510156154632568359375" lon="117.22545909695327281951904296875">
        <ele>80.40000152587890625</ele>
        <time>2026-08-16T02:36:58.000Z</time>
        <extensions>
          <ns3:TrackPointExtension>
            <ns3:hr>140</ns3:hr>
          </ns3:TrackPointExtension>
        </extensions>
      </trkpt>
      <trkpt lat="36.689763106405735015869140625" lon="117.22521434538066387176513671875">
        <ele>80.40000152587890625</ele>
        <time>2026-08-16T02:37:01.000Z</time>
        <extensions>
          <ns3:TrackPointExtension>
            <ns3:hr>141</ns3:hr>
          </ns3:TrackPointExtension>
        </extensions>
      </trkpt>
      <trkpt lat="36.6897763498127460479736328125" lon="117.224718891084194183349609375">
        <ele>81.40000152587890625</ele>
        <time>2026-08-16T02:37:08.000Z</time>
        <extensions>
          <ns3:TrackPointExtension>
            <ns3:hr>142</ns3:hr>
          </ns3:TrackPointExtension>
        </extensions>
      </trkpt>
      <trkpt lat="36.68977241031825542449951171875" lon="117.22456977702677249908447265625">
        <ele>81.8000030517578125</ele>
        <time>2026-08-16T02:37:10.000Z</time>
        <extensions>
          <ns3:TrackPointExtension>
            <ns3:hr>142</ns3:hr>
          </ns3:TrackPointExtension>
        </extensions>
      </trkpt>
      <trkpt lat="36.68978615663945674896240234375" lon="117.2242473252117633819580078125">
        <ele>81.59999847412109375</ele>
        <time>2026-08-16T02:37:14.000Z</time>
        <extensions>
          <ns3:TrackPointExtension>
            <ns3:hr>142</ns3:hr>
          </ns3:TrackPointExtension>
        </extensions>
      </trkpt>
      <trkpt lat="36.689808703958988189697265625" lon="117.22367777489125728607177734375">
        <ele>81.59999847412109375</ele>
        <time>2026-08-16T02:37:21.000Z</time>
        <extensions>
          <ns3:TrackPointExtension>
            <ns3:hr>144</ns3:hr>
          </ns3:TrackPointExtension>
        </extensions>
      </trkpt>
      <trkpt lat="36.689827144145965576171875" lon="117.22331752069294452667236328125">
        <ele>82.1999969482421875</ele>
        <time>2026-08-16T02:37:26.000Z</time>
        <extensions>
          <ns3:TrackPointExtension>
            <ns3:hr>148</ns3:hr>
          </ns3:TrackPointExtension>
        </extensions>
      </trkpt>
      <trkpt lat="36.689830161631107330322265625" lon="117.22325582988560199737548828125">
        <ele>82.40000152587890625</ele>
        <time>2026-08-16T02:37:27.000Z</time>
        <extensions>
          <ns3:TrackPointExtension>
            <ns3:hr>148</ns3:hr>
          </ns3:TrackPointExtension>
        </extensions>
      </trkpt>
      <trkpt lat="36.689832173287868499755859375" lon="117.22313781268894672393798828125">
        <ele>83</ele>
        <time>2026-08-16T02:37:29.000Z</time>
        <extensions>
          <ns3:TrackPointExtension>
            <ns3:hr>148</ns3:hr>
          </ns3:TrackPointExtension>
        </extensions>
      </trkpt>
      <trkpt lat="36.68983695097267627716064453125" lon="117.22308232448995113372802734375">
        <ele>83.40000152587890625</ele>
        <time>2026-08-16T02:37:30.000Z</time>
        <extensions>
          <ns3:TrackPointExtension>
            <ns3:hr>148</ns3:hr>
          </ns3:TrackPointExtension>
        </extensions>
      </trkpt>
      <trkpt lat="36.68984935618937015533447265625" lon="117.2229342162609100341796875">
        <ele>84</ele>
        <time>2026-08-16T02:37:33.000Z</time>
        <extensions>
          <ns3:TrackPointExtension>
            <ns3:hr>146</ns3:hr>
          </ns3:TrackPointExtension>
        </extensions>
      </trkpt>
      <trkpt lat="36.68985270895063877105712890625" lon="117.222884930670261383056640625">
        <ele>84.1999969482421875</ele>
        <time>2026-08-16T02:37:34.000Z</time>
        <extensions>
          <ns3:TrackPointExtension>
            <ns3:hr>146</ns3:hr>
          </ns3:TrackPointExtension>
        </extensions>
      </trkpt>
      <trkpt lat="36.68987014330923557281494140625" lon="117.2225642390549182891845703125">
        <ele>85</ele>
        <time>2026-08-16T02:37:40.000Z</time>
        <extensions>
          <ns3:TrackPointExtension>
            <ns3:hr>146</ns3:hr>
          </ns3:TrackPointExtension>
        </extensions>
      </trkpt>
      <trkpt lat="36.6898772679269313812255859375" lon="117.2223902307450771331787109375">
        <ele>85.1999969482421875</ele>
        <time>2026-08-16T02:37:43.000Z</time>
        <extensions>
          <ns3:TrackPointExtension>
            <ns3:hr>146</ns3:hr>
          </ns3:TrackPointExtension>
        </extensions>
      </trkpt>
      <trkpt lat="36.68988774530589580535888671875" lon="117.222154699265956878662109375">
        <ele>85.8000030517578125</ele>
        <time>2026-08-16T02:37:47.000Z</time>
        <extensions>
          <ns3:TrackPointExtension>
            <ns3:hr>146</ns3:hr>
          </ns3:TrackPointExtension>
        </extensions>
      </trkpt>
      <trkpt lat="36.689928732812404632568359375" lon="117.22163527272641658782958984375">
        <ele>86</ele>
        <time>2026-08-16T02:37:56.000Z</time>
        <extensions>
          <ns3:TrackPointExtension>
            <ns3:hr>146</ns3:hr>
          </ns3:TrackPointExtension>
        </extensions>
      </trkpt>
      <trkpt lat="36.68993552215397357940673828125" lon="117.2215802036225795745849609375">
        <ele>86</ele>
        <time>2026-08-16T02:37:57.000Z</time>
        <extensions>
          <ns3:TrackPointExtension>
            <ns3:hr>146</ns3:hr>
          </ns3:TrackPointExtension>
        </extensions>
      </trkpt>
      <trkpt lat="36.6899630986154079437255859375" lon="117.2212886810302734375">
        <ele>86.1999969482421875</ele>
        <time>2026-08-16T02:38:02.000Z</time>
        <extensions>
          <ns3:TrackPointExtension>
            <ns3:hr>146</ns3:hr>
          </ns3:TrackPointExtension>
        </extensions>
      </trkpt>
      <trkpt lat="36.68996837921440601348876953125" lon="117.22123042680323123931884765625">
        <ele>86.1999969482421875</ele>
        <time>2026-08-16T02:38:03.000Z</time>
        <extensions>
          <ns3:TrackPointExtension>
            <ns3:hr>147</ns3:hr>
          </ns3:TrackPointExtension>
        </extensions>
      </trkpt>
      <trkpt lat="36.68999671004712581634521484375" lon="117.22086346708238124847412109375">
        <ele>86.1999969482421875</ele>
        <time>2026-08-16T02:38:10.000Z</time>
        <extensions>
          <ns3:TrackPointExtension>
            <ns3:hr>148</ns3:hr>
          </ns3:TrackPointExtension>
        </extensions>
      </trkpt>
      <trkpt lat="36.6900050081312656402587890625" lon="117.22077780403196811676025390625">
        <ele>86</ele>
        <time>2026-08-16T02:38:12.000Z</time>
        <extensions>
          <ns3:TrackPointExtension>
            <ns3:hr>148</ns3:hr>
          </ns3:TrackPointExtension>
        </extensions>
      </trkpt>
      <trkpt lat="36.690011210739612579345703125" lon="117.22065878100693225860595703125">
        <ele>85.40000152587890625</ele>
        <time>2026-08-16T02:38:16.000Z</time>
        <extensions>
          <ns3:TrackPointExtension>
            <ns3:hr>145</ns3:hr>
          </ns3:TrackPointExtension>
        </extensions>
      </trkpt>
      <trkpt lat="36.6900090314447879791259765625" lon="117.22065710462629795074462890625">
        <ele>85.1999969482421875</ele>
        <time>2026-08-16T02:38:17.000Z</time>
        <extensions>
          <ns3:TrackPointExtension>
            <ns3:hr>145</ns3:hr>
          </ns3:TrackPointExtension>
        </extensions>
      </trkpt>
      <trkpt lat="36.6900063492357730865478515625" lon="117.2206623852252960205078125">
        <ele>85.1999969482421875</ele>
        <time>2026-08-16T02:38:22.000Z</time>
        <extensions>
          <ns3:TrackPointExtension>
            <ns3:hr>142</ns3:hr>
          </ns3:TrackPointExtension>
        </extensions>
      </trkpt>
      <trkpt lat="36.69000257737934589385986328125" lon="117.22066129557788372039794921875">
        <ele>85</ele>
        <time>2026-08-16T02:38:34.000Z</time>
        <extensions>
          <ns3:TrackPointExtension>
            <ns3:hr>143</ns3:hr>
          </ns3:TrackPointExtension>
        </extensions>
      </trkpt>
      <trkpt lat="36.6900009848177433013916015625" lon="117.22065777517855167388916015625">
        <ele>84.8000030517578125</ele>
        <time>2026-08-16T02:38:42.000Z</time>
        <extensions>
          <ns3:TrackPointExtension>
            <ns3:hr>142</ns3:hr>
          </ns3:TrackPointExtension>
        </extensions>
      </trkpt>
      <trkpt lat="36.689999811351299285888671875" lon="117.22065903246402740478515625">
        <ele>85.40000152587890625</ele>
        <time>2026-08-16T02:38:49.000Z</time>
        <extensions>
          <ns3:TrackPointExtension>
            <ns3:hr>145</ns3:hr>
          </ns3:TrackPointExtension>
        </extensions>
      </trkpt>
      <trkpt lat="36.69000006280839443206787109375" lon="117.220661379396915435791015625">
        <ele>85.8000030517578125</ele>
        <time>2026-08-16T02:38:56.000Z</time>
        <extensions>
          <ns3:TrackPointExtension>
            <ns3:hr>142</ns3:hr>
          </ns3:TrackPointExtension>
        </extensions>
      </trkpt>
      <trkpt lat="36.6899999789893627166748046875" lon="117.22066246904432773590087890625">
        <ele>85.8000030517578125</ele>
        <time>2026-08-16T02:38:59.000Z</time>
        <extensions>
          <ns3:TrackPointExtension>
            <ns3:hr>139</ns3:hr>
          </ns3:TrackPointExtension>
        </extensions>
      </trkpt>
      <trkpt lat="36.69000039808452129364013671875" lon="117.22066381014883518218994140625">
        <ele>85.8000030517578125</ele>
        <time>2026-08-16T02:39:02.000Z</time>
        <extensions>
          <ns3:TrackPointExtension>
            <ns3:hr>136</ns3:hr>
          </ns3:TrackPointExtension>
        </extensions>
      </trkpt>
      <trkpt lat="36.6899993084371089935302734375" lon="117.22066196613013744354248046875">
        <ele>85.40000152587890625</ele>
        <time>2026-08-16T02:39:08.000Z</time>
        <extensions>
          <ns3:TrackPointExtension>
            <ns3:hr>133</ns3:hr>
          </ns3:TrackPointExtension>
        </extensions>
      </trkpt>
      <trkpt lat="36.68999989517033100128173828125" lon="117.22066347487270832061767578125">
        <ele>85.59999847412109375</ele>
        <time>2026-08-16T02:39:14.000Z</time>
        <extensions>
          <ns3:TrackPointExtension>
            <ns3:hr>131</ns3:hr>
          </ns3:TrackPointExtension>
        </extensions>
      </trkpt>
      <trkpt lat="36.69000157155096530914306640625" lon="117.22066850401461124420166015625">
        <ele>85.59999847412109375</ele>
        <time>2026-08-16T02:39:30.000Z</time>
        <extensions>
          <ns3:TrackPointExtension>
            <ns3:hr>130</ns3:hr>
          </ns3:TrackPointExtension>
        </extensions>
      </trkpt>
      <trkpt lat="36.6899996437132358551025390625" lon="117.22067018039524555206298828125">
        <ele>85.40000152587890625</ele>
        <time>2026-08-16T02:39:43.000Z</time>
        <extensions>
          <ns3:TrackPointExtension>
            <ns3:hr>128</ns3:hr>
          </ns3:TrackPointExtension>
        </extensions>
      </trkpt>
      <trkpt lat="36.6899996437132358551025390625" lon="117.22067018039524555206298828125">
        <ele>85.1999969482421875</ele>
        <time>2026-08-16T02:39:54.000Z</time>
        <extensions>
          <ns3:TrackPointExtension>
            <ns3:hr>127</ns3:hr>
          </ns3:TrackPointExtension>
        </extensions>
      </trkpt>
      <trkpt lat="36.68999955989420413970947265625" lon="117.2206648997962474822998046875">
        <ele>85</ele>
        <time>2026-08-16T02:40:01.000Z</time>
        <extensions>
          <ns3:TrackPointExtension>
            <ns3:hr>125</ns3:hr>
          </ns3:TrackPointExtension>
        </extensions>
      </trkpt>
      <trkpt lat="36.68998933397233486175537109375" lon="117.22060899250209331512451171875">
        <ele>84.8000030517578125</ele>
        <time>2026-08-16T02:40:07.000Z</time>
        <extensions>
          <ns3:TrackPointExtension>
            <ns3:hr>127</ns3:hr>
          </ns3:TrackPointExtension>
        </extensions>
      </trkpt>
      <trkpt lat="36.68990836478769779205322265625" lon="117.22046163864433765411376953125">
        <ele>84.8000030517578125</ele>
        <time>2026-08-16T02:40:12.000Z</time>
        <extensions>
          <ns3:TrackPointExtension>
            <ns3:hr>126</ns3:hr>
          </ns3:TrackPointExtension>
        </extensions>
      </trkpt>
      <trkpt lat="36.689693368971347808837890625" lon="117.22019040025770664215087890625">
        <ele>85.40000152587890625</ele>
        <time>2026-08-16T02:40:20.000Z</time>
        <extensions>
          <ns3:TrackPointExtension>
            <ns3:hr>126</ns3:hr>
          </ns3:TrackPointExtension>
        </extensions>
      </trkpt>
      <trkpt lat="36.68955682776868343353271484375" lon="117.22002041526138782501220703125">
        <ele>85.8000030517578125</ele>
        <time>2026-08-16T02:40:26.000Z</time>
        <extensions>
          <ns3:TrackPointExtension>
            <ns3:hr>126</ns3:hr>
          </ns3:TrackPointExtension>
        </extensions>
      </trkpt>
      <trkpt lat="36.68952045030891895294189453125" lon="117.21996174193918704986572265625">
        <ele>85.1999969482421875</ele>
        <time>2026-08-16T02:40:30.000Z</time>
        <extensions>
          <ns3:TrackPointExtension>
            <ns3:hr>125</ns3:hr>
          </ns3:TrackPointExtension>
        </extensions>
      </trkpt>
      <trkpt lat="36.6895248927175998687744140625" lon="117.21996090374886989593505859375">
        <ele>85</ele>
        <time>2026-08-16T02:40:38.000Z</time>
        <extensions>
          <ns3:TrackPointExtension>
            <ns3:hr>126</ns3:hr>
          </ns3:TrackPointExtension>
        </extensions>
      </trkpt>
      <trkpt lat="36.68952581472694873809814453125" lon="117.219960652291774749755859375">
        <ele>85.1999969482421875</ele>
        <time>2026-08-16T02:40:42.000Z</time>
        <extensions>
          <ns3:TrackPointExtension>
            <ns3:hr>129</ns3:hr>
          </ns3:TrackPointExtension>
        </extensions>
      </trkpt>
      <trkpt lat="36.6895262338221073150634765625" lon="117.21994615159928798675537109375">
        <ele>85.1999969482421875</ele>
        <time>2026-08-16T02:40:44.000Z</time>
        <extensions>
          <ns3:TrackPointExtension>
            <ns3:hr>130</ns3:hr>
          </ns3:TrackPointExtension>
        </extensions>
      </trkpt>
      <trkpt lat="36.68955515138804912567138671875" lon="117.21982897259294986724853515625">
        <ele>84.8000030517578125</ele>
        <time>2026-08-16T02:40:48.000Z</time>
        <extensions>
          <ns3:TrackPointExtension>
            <ns3:hr>131</ns3:hr>
          </ns3:TrackPointExtension>
        </extensions>
      </trkpt>
      <trkpt lat="36.68958507478237152099609375" lon="117.21961791627109050750732421875">
        <ele>84.59999847412109375</ele>
        <time>2026-08-16T02:40:52.000Z</time>
        <extensions>
          <ns3:TrackPointExtension>
            <ns3:hr>132</ns3:hr>
          </ns3:TrackPointExtension>
        </extensions>
      </trkpt>
      <trkpt lat="36.68961315415799617767333984375" lon="117.21913746558129787445068359375">
        <ele>84.8000030517578125</ele>
        <time>2026-08-16T02:41:00.000Z</time>
        <extensions>
          <ns3:TrackPointExtension>
            <ns3:hr>129</ns3:hr>
          </ns3:TrackPointExtension>
        </extensions>
      </trkpt>
      <trkpt lat="36.689626984298229217529296875" lon="117.21896060742437839508056640625">
        <ele>84.8000030517578125</ele>
        <time>2026-08-16T02:41:03.000Z</time>
        <extensions>
          <ns3:TrackPointExtension>
            <ns3:hr>126</ns3:hr>
          </ns3:TrackPointExtension>
        </extensions>
      </trkpt>
      <trkpt lat="36.689663194119930267333984375" lon="117.2186797298491001129150390625">
        <ele>84.8000030517578125</ele>
        <time>2026-08-16T02:41:07.000Z</time>
        <extensions>
          <ns3:TrackPointExtension>
            <ns3:hr>124</ns3:hr>
          </ns3:TrackPointExtension>
        </extensions>
      </trkpt>
      <trkpt lat="36.68968607671558856964111328125" lon="117.21852759830653667449951171875">
        <ele>84</ele>
        <time>2026-08-16T02:41:09.000Z</time>
        <extensions>
          <ns3:TrackPointExtension>
            <ns3:hr>125</ns3:hr>
          </ns3:TrackPointExtension>
        </extensions>
      </trkpt>
      <trkpt lat="36.689708791673183441162109375" lon="117.2183072380721569061279296875">
        <ele>84</ele>
        <time>2026-08-16T02:41:12.000Z</time>
        <extensions>
          <ns3:TrackPointExtension>
            <ns3:hr>129</ns3:hr>
          </ns3:TrackPointExtension>
        </extensions>
      </trkpt>
      <trkpt lat="36.68971725739538669586181640625" lon="117.21823289059102535247802734375">
        <ele>84.1999969482421875</ele>
        <time>2026-08-16T02:41:13.000Z</time>
        <extensions>
          <ns3:TrackPointExtension>
            <ns3:hr>130</ns3:hr>
          </ns3:TrackPointExtension>
        </extensions>
      </trkpt>
      <trkpt lat="36.68976905755698680877685546875" lon="117.2177677787840366363525390625">
        <ele>84.40000152587890625</ele>
        <time>2026-08-16T02:41:19.000Z</time>
        <extensions>
          <ns3:TrackPointExtension>
            <ns3:hr>133</ns3:hr>
          </ns3:TrackPointExtension>
        </extensions>
      </trkpt>
      <trkpt lat="36.68977945111691951751708984375" lon="117.2176065109670162200927734375">
        <ele>84</ele>
        <time>2026-08-16T02:41:21.000Z</time>
        <extensions>
          <ns3:TrackPointExtension>
            <ns3:hr>134</ns3:hr>
          </ns3:TrackPointExtension>
        </extensions>
      </trkpt>
      <trkpt lat="36.68981918133795261383056640625" lon="117.2170214541256427764892578125">
        <ele>83</ele>
        <time>2026-08-16T02:41:28.000Z</time>
        <extensions>
          <ns3:TrackPointExtension>
            <ns3:hr>136</ns3:hr>
          </ns3:TrackPointExtension>
        </extensions>
      </trkpt>
      <trkpt lat="36.689843572676181793212890625" lon="117.2167666442692279815673828125">
        <ele>83</ele>
        <time>2026-08-16T02:41:31.000Z</time>
        <extensions>
          <ns3:TrackPointExtension>
            <ns3:hr>138</ns3:hr>
          </ns3:TrackPointExtension>
        </extensions>
      </trkpt>
      <trkpt lat="36.6898464225232601165771484375" lon="117.2165252454578876495361328125">
        <ele>82.59999847412109375</ele>
        <time>2026-08-16T02:41:34.000Z</time>
        <extensions>
          <ns3:TrackPointExtension>
            <ns3:hr>136</ns3:hr>
          </ns3:TrackPointExtension>
        </extensions>
      </trkpt>
      <trkpt lat="36.68985522352159023284912109375" lon="117.21633790992200374603271484375">
        <ele>82.59999847412109375</ele>
        <time>2026-08-16T02:41:37.000Z</time>
        <extensions>
          <ns3:TrackPointExtension>
            <ns3:hr>140</ns3:hr>
          </ns3:TrackPointExtension>
        </extensions>
      </trkpt>
      <trkpt lat="36.68985463678836822509765625" lon="117.216277308762073516845703125">
        <ele>83</ele>
        <time>2026-08-16T02:41:38.000Z</time>
        <extensions>
          <ns3:TrackPointExtension>
            <ns3:hr>141</ns3:hr>
          </ns3:TrackPointExtension>
        </extensions>
      </trkpt>
      <trkpt lat="36.68985287658870220184326171875" lon="117.216088883578777313232421875">
        <ele>82.8000030517578125</ele>
        <time>2026-08-16T02:41:41.000Z</time>
        <extensions>
          <ns3:TrackPointExtension>
            <ns3:hr>142</ns3:hr>
          </ns3:TrackPointExtension>
        </extensions>
      </trkpt>
      <trkpt lat="36.6898739151656627655029296875" lon="117.21595670096576213836669921875">
        <ele>82.59999847412109375</ele>
        <time>2026-08-16T02:41:43.000Z</time>
        <extensions>
          <ns3:TrackPointExtension>
            <ns3:hr>142</ns3:hr>
          </ns3:TrackPointExtension>
        </extensions>
      </trkpt>
      <trkpt lat="36.68991624377667903900146484375" lon="117.21550248563289642333984375">
        <ele>82</ele>
        <time>2026-08-16T02:41:49.000Z</time>
        <extensions>
          <ns3:TrackPointExtension>
            <ns3:hr>141</ns3:hr>
          </ns3:TrackPointExtension>
        </extensions>
      </trkpt>
      <trkpt lat="36.689916662871837615966796875" lon="117.21542025916278362274169921875">
        <ele>81.8000030517578125</ele>
        <time>2026-08-16T02:41:50.000Z</time>
        <extensions>
          <ns3:TrackPointExtension>
            <ns3:hr>141</ns3:hr>
          </ns3:TrackPointExtension>
        </extensions>
      </trkpt>
      <trkpt lat="36.68993988074362277984619140625" lon="117.21492891199886798858642578125">
        <ele>81.8000030517578125</ele>
        <time>2026-08-16T02:41:56.000Z</time>
        <extensions>
          <ns3:TrackPointExtension>
            <ns3:hr>140</ns3:hr>
          </ns3:TrackPointExtension>
        </extensions>
      </trkpt>
      <trkpt lat="36.689958237111568450927734375" lon="117.214596904814243316650390625">
        <ele>82</ele>
        <time>2026-08-16T02:42:00.000Z</time>
        <extensions>
          <ns3:TrackPointExtension>
            <ns3:hr>143</ns3:hr>
          </ns3:TrackPointExtension>
        </extensions>
      </trkpt>
      <trkpt lat="36.6899684630334377288818359375" lon="117.2143731079995632171630859375">
        <ele>82.40000152587890625</ele>
        <time>2026-08-16T02:42:03.000Z</time>
        <extensions>
          <ns3:TrackPointExtension>
            <ns3:hr>144</ns3:hr>
          </ns3:TrackPointExtension>
        </extensions>
      </trkpt>
      <trkpt lat="36.68997994624078273773193359375" lon="117.2140680067241191864013671875">
        <ele>82.59999847412109375</ele>
        <time>2026-08-16T02:42:08.000Z</time>
        <extensions>
          <ns3:TrackPointExtension>
            <ns3:hr>146</ns3:hr>
          </ns3:TrackPointExtension>
        </extensions>
      </trkpt>
      <trkpt lat="36.68997894041240215301513671875" lon="117.21400572918355464935302734375">
        <ele>83</ele>
        <time>2026-08-16T02:42:09.000Z</time>
        <extensions>
          <ns3:TrackPointExtension>
            <ns3:hr>146</ns3:hr>
          </ns3:TrackPointExtension>
        </extensions>
      </trkpt>
      <trkpt lat="36.6899798624217510223388671875" lon="117.2136646695435047149658203125">
        <ele>83.8000030517578125</ele>
        <time>2026-08-16T02:42:15.000Z</time>
        <extensions>
          <ns3:TrackPointExtension>
            <ns3:hr>146</ns3:hr>
          </ns3:TrackPointExtension>
        </extensions>
      </trkpt>
      <trkpt lat="36.690012551844120025634765625" lon="117.21345487050712108612060546875">
        <ele>84</ele>
        <time>2026-08-16T02:42:19.000Z</time>
        <extensions>
          <ns3:TrackPointExtension>
            <ns3:hr>144</ns3:hr>
          </ns3:TrackPointExtension>
        </extensions>
      </trkpt>
      <trkpt lat="36.69003560207784175872802734375" lon="117.2133702971041202545166015625">
        <ele>84.1999969482421875</ele>
        <time>2026-08-16T02:42:21.000Z</time>
        <extensions>
          <ns3:TrackPointExtension>
            <ns3:hr>142</ns3:hr>
          </ns3:TrackPointExtension>
        </extensions>
      </trkpt>
      <trkpt lat="36.69005320407450199127197265625" lon="117.21317323856055736541748046875">
        <ele>84</ele>
        <time>2026-08-16T02:42:25.000Z</time>
        <extensions>
          <ns3:TrackPointExtension>
            <ns3:hr>141</ns3:hr>
          </ns3:TrackPointExtension>
        </extensions>
      </trkpt>
      <trkpt lat="36.6900727339088916778564453125" lon="117.21292085945606231689453125">
        <ele>83</ele>
        <time>2026-08-16T02:42:29.000Z</time>
        <extensions>
          <ns3:TrackPointExtension>
            <ns3:hr>140</ns3:hr>
          </ns3:TrackPointExtension>
        </extensions>
      </trkpt>
      <trkpt lat="36.69008195400238037109375" lon="117.21277962438762187957763671875">
        <ele>82.59999847412109375</ele>
        <time>2026-08-16T02:42:31.000Z</time>
        <extensions>
          <ns3:TrackPointExtension>
            <ns3:hr>140</ns3:hr>
          </ns3:TrackPointExtension>
        </extensions>
      </trkpt>
      <trkpt lat="36.69011254794895648956298828125" lon="117.2121629677712917327880859375">
        <ele>82.59999847412109375</ele>
        <time>2026-08-16T02:42:39.000Z</time>
        <extensions>
          <ns3:TrackPointExtension>
            <ns3:hr>142</ns3:hr>
          </ns3:TrackPointExtension>
        </extensions>
      </trkpt>
      <trkpt lat="36.69011975638568401336669921875" lon="117.21208225004374980926513671875">
        <ele>82.8000030517578125</ele>
        <time>2026-08-16T02:42:40.000Z</time>
        <extensions>
          <ns3:TrackPointExtension>
            <ns3:hr>142</ns3:hr>
          </ns3:TrackPointExtension>
        </extensions>
      </trkpt>
      <trkpt lat="36.690139956772327423095703125" lon="117.2117274440824985504150390625">
        <ele>83.59999847412109375</ele>
        <time>2026-08-16T02:42:45.000Z</time>
        <extensions>
          <ns3:TrackPointExtension>
            <ns3:hr>145</ns3:hr>
          </ns3:TrackPointExtension>
        </extensions>
      </trkpt>
      <trkpt lat="36.69014456681907176971435546875" lon="117.21166667528450489044189453125">
        <ele>83.59999847412109375</ele>
        <time>2026-08-16T02:42:46.000Z</time>
        <extensions>
          <ns3:TrackPointExtension>
            <ns3:hr>146</ns3:hr>
          </ns3:TrackPointExtension>
        </extensions>
      </trkpt>
      <trkpt lat="36.69014976359903812408447265625" lon="117.21155519597232341766357421875">
        <ele>84.1999969482421875</ele>
        <time>2026-08-16T02:42:48.000Z</time>
        <extensions>
          <ns3:TrackPointExtension>
            <ns3:hr>147</ns3:hr>
          </ns3:TrackPointExtension>
        </extensions>
      </trkpt>
      <trkpt lat="36.69015881605446338653564453125" lon="117.211356461048126220703125">
        <ele>84.40000152587890625</ele>
        <time>2026-08-16T02:42:52.000Z</time>
        <extensions>
          <ns3:TrackPointExtension>
            <ns3:hr>148</ns3:hr>
          </ns3:TrackPointExtension>
        </extensions>
      </trkpt>
      <trkpt lat="36.69016585685312747955322265625" lon="117.21109871752560138702392578125">
        <ele>84</ele>
        <time>2026-08-16T02:42:57.000Z</time>
        <extensions>
          <ns3:TrackPointExtension>
            <ns3:hr>148</ns3:hr>
          </ns3:TrackPointExtension>
        </extensions>
      </trkpt>
      <trkpt lat="36.6901699639856815338134765625" lon="117.2110391221940517425537109375">
        <ele>84</ele>
        <time>2026-08-16T02:42:58.000Z</time>
        <extensions>
          <ns3:TrackPointExtension>
            <ns3:hr>148</ns3:hr>
          </ns3:TrackPointExtension>
        </extensions>
      </trkpt>
      <trkpt lat="36.690180189907550811767578125" lon="117.21073779277503490447998046875">
        <ele>84.1999969482421875</ele>
        <time>2026-08-16T02:43:03.000Z</time>
        <extensions>
          <ns3:TrackPointExtension>
            <ns3:hr>147</ns3:hr>
          </ns3:TrackPointExtension>
        </extensions>
      </trkpt>
      <trkpt lat="36.69019066728651523590087890625" lon="117.21055372618138790130615234375">
        <ele>84.40000152587890625</ele>
        <time>2026-08-16T02:43:06.000Z</time>
        <extensions>
          <ns3:TrackPointExtension>
            <ns3:hr>146</ns3:hr>
          </ns3:TrackPointExtension>
        </extensions>
      </trkpt>
      <trkpt lat="36.69019770808517932891845703125" lon="117.2101385705173015594482421875">
        <ele>84</ele>
        <time>2026-08-16T02:43:13.000Z</time>
        <extensions>
          <ns3:TrackPointExtension>
            <ns3:hr>146</ns3:hr>
          </ns3:TrackPointExtension>
        </extensions>
      </trkpt>
      <trkpt lat="36.69020709581673145294189453125" lon="117.2099970839917659759521484375">
        <ele>84</ele>
        <time>2026-08-16T02:43:16.000Z</time>
        <extensions>
          <ns3:TrackPointExtension>
            <ns3:hr>146</ns3:hr>
          </ns3:TrackPointExtension>
        </extensions>
      </trkpt>
      <trkpt lat="36.69019854627549648284912109375" lon="117.20991234295070171356201171875">
        <ele>84.1999969482421875</ele>
        <time>2026-08-16T02:43:18.000Z</time>
        <extensions>
          <ns3:TrackPointExtension>
            <ns3:hr>145</ns3:hr>
          </ns3:TrackPointExtension>
        </extensions>
      </trkpt>
      <trkpt lat="36.69020240195095539093017578125" lon="117.209874205291271209716796875">
        <ele>84.1999969482421875</ele>
        <time>2026-08-16T02:43:19.000Z</time>
        <extensions>
          <ns3:TrackPointExtension>
            <ns3:hr>145</ns3:hr>
          </ns3:TrackPointExtension>
        </extensions>
      </trkpt>
      <trkpt lat="36.690222434699535369873046875" lon="117.2097369097173213958740234375">
        <ele>84</ele>
        <time>2026-08-16T02:43:23.000Z</time>
        <extensions>
          <ns3:TrackPointExtension>
            <ns3:hr>144</ns3:hr>
          </ns3:TrackPointExtension>
        </extensions>
      </trkpt>
      <trkpt lat="36.69022754766047000885009765625" lon="117.20943071879446506500244140625">
        <ele>84.59999847412109375</ele>
        <time>2026-08-16T02:43:30.000Z</time>
        <extensions>
          <ns3:TrackPointExtension>
            <ns3:hr>143</ns3:hr>
          </ns3:TrackPointExtension>
        </extensions>
      </trkpt>
      <trkpt lat="36.6902232728898525238037109375" lon="117.20908102579414844512939453125">
        <ele>85.40000152587890625</ele>
        <time>2026-08-16T02:43:36.000Z</time>
        <extensions>
          <ns3:TrackPointExtension>
            <ns3:hr>141</ns3:hr>
          </ns3:TrackPointExtension>
        </extensions>
      </trkpt>
      <trkpt lat="36.690230481326580047607421875" lon="117.20898916013538837432861328125">
        <ele>85.59999847412109375</ele>
        <time>2026-08-16T02:43:38.000Z</time>
        <extensions>
          <ns3:TrackPointExtension>
            <ns3:hr>140</ns3:hr>
          </ns3:TrackPointExtension>
        </extensions>
      </trkpt>
      <trkpt lat="36.69018647633492946624755859375" lon="117.2089091129601001739501953125">
        <ele>86.1999969482421875</ele>
        <time>2026-08-16T02:43:42.000Z</time>
        <extensions>
          <ns3:TrackPointExtension>
            <ns3:hr>140</ns3:hr>
          </ns3:TrackPointExtension>
        </extensions>
      </trkpt>
      <trkpt lat="36.69016577303409576416015625" lon="117.2088886611163616180419921875">
        <ele>85.8000030517578125</ele>
        <time>2026-08-16T02:43:46.000Z</time>
        <extensions>
          <ns3:TrackPointExtension>
            <ns3:hr>139</ns3:hr>
          </ns3:TrackPointExtension>
        </extensions>
      </trkpt>
      <trkpt lat="36.6901790164411067962646484375" lon="117.2088732384145259857177734375">
        <ele>85.8000030517578125</ele>
        <time>2026-08-16T02:43:47.000Z</time>
        <extensions>
          <ns3:TrackPointExtension>
            <ns3:hr>140</ns3:hr>
          </ns3:TrackPointExtension>
        </extensions>
      </trkpt>
      <trkpt lat="36.690301559865474700927734375" lon="117.20884214155375957489013671875">
        <ele>85.1999969482421875</ele>
        <time>2026-08-16T02:43:52.000Z</time>
        <extensions>
          <ns3:TrackPointExtension>
            <ns3:hr>139</ns3:hr>
          </ns3:TrackPointExtension>
        </extensions>
      </trkpt>
      <trkpt lat="36.69053281657397747039794921875" lon="117.20882034860551357269287109375">
        <ele>84.8000030517578125</ele>
        <time>2026-08-16T02:43:59.000Z</time>
        <extensions>
          <ns3:TrackPointExtension>
            <ns3:hr>140</ns3:hr>
          </ns3:TrackPointExtension>
        </extensions>
      </trkpt>
      <trkpt lat="36.690647564828395843505859375" lon="117.20887181349098682403564453125">
        <ele>85.1999969482421875</ele>
        <time>2026-08-16T02:44:03.000Z</time>
        <extensions>
          <ns3:TrackPointExtension>
            <ns3:hr>140</ns3:hr>
          </ns3:TrackPointExtension>
        </extensions>
      </trkpt>
      <trkpt lat="36.69066625647246837615966796875" lon="117.20888572745025157928466796875">
        <ele>85.1999969482421875</ele>
        <time>2026-08-16T02:44:04.000Z</time>
        <extensions>
          <ns3:TrackPointExtension>
            <ns3:hr>140</ns3:hr>
          </ns3:TrackPointExtension>
        </extensions>
      </trkpt>
      <trkpt lat="36.69069576077163219451904296875" lon="117.208854965865612030029296875">
        <ele>85.40000152587890625</ele>
        <time>2026-08-16T02:44:06.000Z</time>
        <extensions>
          <ns3:TrackPointExtension>
            <ns3:hr>140</ns3:hr>
          </ns3:TrackPointExtension>
        </extensions>
      </trkpt>
      <trkpt lat="36.690697856247425079345703125" lon="117.20883174799382686614990234375">
        <ele>85.40000152587890625</ele>
        <time>2026-08-16T02:44:09.000Z</time>
        <extensions>
          <ns3:TrackPointExtension>
            <ns3:hr>138</ns3:hr>
          </ns3:TrackPointExtension>
        </extensions>
      </trkpt>
      <trkpt lat="36.6906948387622833251953125" lon="117.2088204324245452880859375">
        <ele>85.40000152587890625</ele>
        <time>2026-08-16T02:44:10.000Z</time>
        <extensions>
          <ns3:TrackPointExtension>
            <ns3:hr>138</ns3:hr>
          </ns3:TrackPointExtension>
        </extensions>
      </trkpt>
      <trkpt lat="36.69069207273423671722412109375" lon="117.20880878157913684844970703125">
        <ele>85.40000152587890625</ele>
        <time>2026-08-16T02:44:15.000Z</time>
        <extensions>
          <ns3:TrackPointExtension>
            <ns3:hr>136</ns3:hr>
          </ns3:TrackPointExtension>
        </extensions>
      </trkpt>
      <trkpt lat="36.69069173745810985565185546875" lon="117.2088085301220417022705078125">
        <ele>85.1999969482421875</ele>
        <time>2026-08-16T02:44:21.000Z</time>
        <extensions>
          <ns3:TrackPointExtension>
            <ns3:hr>137</ns3:hr>
          </ns3:TrackPointExtension>
        </extensions>
      </trkpt>
      <trkpt lat="36.69069039635360240936279296875" lon="117.2088092006742954254150390625">
        <ele>85.1999969482421875</ele>
        <time>2026-08-16T02:44:26.000Z</time>
        <extensions>
          <ns3:TrackPointExtension>
            <ns3:hr>140</ns3:hr>
          </ns3:TrackPointExtension>
        </extensions>
      </trkpt>
      <trkpt lat="36.6906879656016826629638671875" lon="117.2088085301220417022705078125">
        <ele>85</ele>
        <time>2026-08-16T02:44:31.000Z</time>
        <extensions>
          <ns3:TrackPointExtension>
            <ns3:hr>140</ns3:hr>
          </ns3:TrackPointExtension>
        </extensions>
      </trkpt>
      <trkpt lat="36.6906832717359066009521484375" lon="117.20879050903022289276123046875">
        <ele>85.1999969482421875</ele>
        <time>2026-08-16T02:44:38.000Z</time>
        <extensions>
          <ns3:TrackPointExtension>
            <ns3:hr>138</ns3:hr>
          </ns3:TrackPointExtension>
        </extensions>
      </trkpt>
      <trkpt lat="36.6906775720417499542236328125" lon="117.20879017375409603118896484375">
        <ele>85.1999969482421875</ele>
        <time>2026-08-16T02:44:53.000Z</time>
        <extensions>
          <ns3:TrackPointExtension>
            <ns3:hr>136</ns3:hr>
          </ns3:TrackPointExtension>
        </extensions>
      </trkpt>
      <trkpt lat="36.690676398575305938720703125" lon="117.2087907604873180389404296875">
        <ele>85</ele>
        <time>2026-08-16T02:44:58.000Z</time>
        <extensions>
          <ns3:TrackPointExtension>
            <ns3:hr>133</ns3:hr>
          </ns3:TrackPointExtension>
        </extensions>
      </trkpt>
      <trkpt lat="36.6906769014894962310791015625" lon="117.20878581516444683074951171875">
        <ele>85</ele>
        <time>2026-08-16T02:45:01.000Z</time>
        <extensions>
          <ns3:TrackPointExtension>
            <ns3:hr>130</ns3:hr>
          </ns3:TrackPointExtension>
        </extensions>
      </trkpt>
      <trkpt lat="36.69067581184208393096923828125" lon="117.20875698141753673553466796875">
        <ele>85.1999969482421875</ele>
        <time>2026-08-16T02:45:03.000Z</time>
        <extensions>
          <ns3:TrackPointExtension>
            <ns3:hr>129</ns3:hr>
          </ns3:TrackPointExtension>
        </extensions>
      </trkpt>
      <trkpt lat="36.6906769014894962310791015625" lon="117.20858314074575901031494140625">
        <ele>85.40000152587890625</ele>
        <time>2026-08-16T02:45:09.000Z</time>
        <extensions>
          <ns3:TrackPointExtension>
            <ns3:hr>128</ns3:hr>
          </ns3:TrackPointExtension>
        </extensions>
      </trkpt>
      <trkpt lat="36.69067095033824443817138671875" lon="117.20825540833175182342529296875">
        <ele>85</ele>
        <time>2026-08-16T02:45:16.000Z</time>
        <extensions>
          <ns3:TrackPointExtension>
            <ns3:hr>128</ns3:hr>
          </ns3:TrackPointExtension>
        </extensions>
      </trkpt>
      <trkpt lat="36.6906802542507648468017578125" lon="117.20808726735413074493408203125">
        <ele>85</ele>
        <time>2026-08-16T02:45:19.000Z</time>
        <extensions>
          <ns3:TrackPointExtension>
            <ns3:hr>128</ns3:hr>
          </ns3:TrackPointExtension>
        </extensions>
      </trkpt>
      <trkpt lat="36.690685451030731201171875" lon="117.20790646970272064208984375">
        <ele>85</ele>
        <time>2026-08-16T02:45:22.000Z</time>
        <extensions>
          <ns3:TrackPointExtension>
            <ns3:hr>128</ns3:hr>
          </ns3:TrackPointExtension>
        </extensions>
      </trkpt>
      <trkpt lat="36.69070548377931118011474609375" lon="117.207573540508747100830078125">
        <ele>85.59999847412109375</ele>
        <time>2026-08-16T02:45:28.000Z</time>
        <extensions>
          <ns3:TrackPointExtension>
            <ns3:hr>131</ns3:hr>
          </ns3:TrackPointExtension>
        </extensions>
      </trkpt>
      <trkpt lat="36.69070984236896038055419921875" lon="117.2073210775852203369140625">
        <ele>86.40000152587890625</ele>
        <time>2026-08-16T02:45:32.000Z</time>
        <extensions>
          <ns3:TrackPointExtension>
            <ns3:hr>132</ns3:hr>
          </ns3:TrackPointExtension>
        </extensions>
      </trkpt>
      <trkpt lat="36.69071570970118045806884765625" lon="117.2071163915097713470458984375">
        <ele>86.40000152587890625</ele>
        <time>2026-08-16T02:45:35.000Z</time>
        <extensions>
          <ns3:TrackPointExtension>
            <ns3:hr>132</ns3:hr>
          </ns3:TrackPointExtension>
        </extensions>
      </trkpt>
      <trkpt lat="36.69072325341403484344482421875" lon="117.2068344242870807647705078125">
        <ele>86</ele>
        <time>2026-08-16T02:45:39.000Z</time>
        <extensions>
          <ns3:TrackPointExtension>
            <ns3:hr>135</ns3:hr>
          </ns3:TrackPointExtension>
        </extensions>
      </trkpt>
      <trkpt lat="36.69071369804441928863525390625" lon="117.20655488781630992889404296875">
        <ele>86.40000152587890625</ele>
        <time>2026-08-16T02:45:43.000Z</time>
        <extensions>
          <ns3:TrackPointExtension>
            <ns3:hr>136</ns3:hr>
          </ns3:TrackPointExtension>
        </extensions>
      </trkpt>
      <trkpt lat="36.69067581184208393096923828125" lon="117.20616060309112071990966796875">
        <ele>86</ele>
        <time>2026-08-16T02:45:49.000Z</time>
        <extensions>
          <ns3:TrackPointExtension>
            <ns3:hr>138</ns3:hr>
          </ns3:TrackPointExtension>
        </extensions>
      </trkpt>
      <trkpt lat="36.6906577907502651214599609375" lon="117.20587913878262042999267578125">
        <ele>85.59999847412109375</ele>
        <time>2026-08-16T02:45:54.000Z</time>
        <extensions>
          <ns3:TrackPointExtension>
            <ns3:hr>138</ns3:hr>
          </ns3:TrackPointExtension>
        </extensions>
      </trkpt>
      <trkpt lat="36.6906651668250560760498046875" lon="117.20576833002269268035888671875">
        <ele>86</ele>
        <time>2026-08-16T02:45:56.000Z</time>
        <extensions>
          <ns3:TrackPointExtension>
            <ns3:hr>137</ns3:hr>
          </ns3:TrackPointExtension>
        </extensions>
      </trkpt>
      <trkpt lat="36.69071135111153125762939453125" lon="117.20538293011486530303955078125">
        <ele>85.8000030517578125</ele>
        <time>2026-08-16T02:46:03.000Z</time>
        <extensions>
          <ns3:TrackPointExtension>
            <ns3:hr>138</ns3:hr>
          </ns3:TrackPointExtension>
        </extensions>
      </trkpt>
      <trkpt lat="36.69068989343941211700439453125" lon="117.20501504838466644287109375">
        <ele>86.40000152587890625</ele>
        <time>2026-08-16T02:46:08.000Z</time>
        <extensions>
          <ns3:TrackPointExtension>
            <ns3:hr>138</ns3:hr>
          </ns3:TrackPointExtension>
        </extensions>
      </trkpt>
      <trkpt lat="36.6907053999602794647216796875" lon="117.2045984677970409393310546875">
        <ele>86.40000152587890625</ele>
        <time>2026-08-16T02:46:14.000Z</time>
        <extensions>
          <ns3:TrackPointExtension>
            <ns3:hr>138</ns3:hr>
          </ns3:TrackPointExtension>
        </extensions>
      </trkpt>
      <trkpt lat="36.69070229865610599517822265625" lon="117.20447969622910022735595703125">
        <ele>86.40000152587890625</ele>
        <time>2026-08-16T02:46:16.000Z</time>
        <extensions>
          <ns3:TrackPointExtension>
            <ns3:hr>138</ns3:hr>
          </ns3:TrackPointExtension>
        </extensions>
      </trkpt>
      <trkpt lat="36.6906975209712982177734375" lon="117.204360254108905792236328125">
        <ele>86.40000152587890625</ele>
        <time>2026-08-16T02:46:18.000Z</time>
        <extensions>
          <ns3:TrackPointExtension>
            <ns3:hr>138</ns3:hr>
          </ns3:TrackPointExtension>
        </extensions>
      </trkpt>
      <trkpt lat="36.6907184757292270660400390625" lon="117.2040580026805400848388671875">
        <ele>86.40000152587890625</ele>
        <time>2026-08-16T02:46:24.000Z</time>
        <extensions>
          <ns3:TrackPointExtension>
            <ns3:hr>137</ns3:hr>
          </ns3:TrackPointExtension>
        </extensions>
      </trkpt>
      <trkpt lat="36.69070062227547168731689453125" lon="117.20378793776035308837890625">
        <ele>86.59999847412109375</ele>
        <time>2026-08-16T02:46:29.000Z</time>
        <extensions>
          <ns3:TrackPointExtension>
            <ns3:hr>136</ns3:hr>
          </ns3:TrackPointExtension>
        </extensions>
      </trkpt>
      <trkpt lat="36.690697185695171356201171875" lon="117.20373370684683322906494140625">
        <ele>86.59999847412109375</ele>
        <time>2026-08-16T02:46:30.000Z</time>
        <extensions>
          <ns3:TrackPointExtension>
            <ns3:hr>136</ns3:hr>
          </ns3:TrackPointExtension>
        </extensions>
      </trkpt>
      <trkpt lat="36.69068855233490467071533203125" lon="117.20367528498172760009765625">
        <ele>86.59999847412109375</ele>
        <time>2026-08-16T02:46:31.000Z</time>
        <extensions>
          <ns3:TrackPointExtension>
            <ns3:hr>136</ns3:hr>
          </ns3:TrackPointExtension>
        </extensions>
      </trkpt>
      <trkpt lat="36.69066290371119976043701171875" lon="117.2034104168415069580078125">
        <ele>86.59999847412109375</ele>
        <time>2026-08-16T02:46:35.000Z</time>
        <extensions>
          <ns3:TrackPointExtension>
            <ns3:hr>135</ns3:hr>
          </ns3:TrackPointExtension>
        </extensions>
      </trkpt>
      <trkpt lat="36.69061143882572650909423828125" lon="117.20290414988994598388671875">
        <ele>87</ele>
        <time>2026-08-16T02:46:42.000Z</time>
        <extensions>
          <ns3:TrackPointExtension>
            <ns3:hr>135</ns3:hr>
          </ns3:TrackPointExtension>
        </extensions>
      </trkpt>
      <trkpt lat="36.6905055753886699676513671875" lon="117.2023799456655979156494140625">
        <ele>87.1999969482421875</ele>
        <time>2026-08-16T02:46:49.000Z</time>
        <extensions>
          <ns3:TrackPointExtension>
            <ns3:hr>137</ns3:hr>
          </ns3:TrackPointExtension>
        </extensions>
      </trkpt>
      <trkpt lat="36.6904693655669689178466796875" lon="117.20217500813305377960205078125">
        <ele>87.40000152587890625</ele>
        <time>2026-08-16T02:46:52.000Z</time>
        <extensions>
          <ns3:TrackPointExtension>
            <ns3:hr>139</ns3:hr>
          </ns3:TrackPointExtension>
        </extensions>
      </trkpt>
      <trkpt lat="36.6904267854988574981689453125" lon="117.2019863314926624298095703125">
        <ele>87.59999847412109375</ele>
        <time>2026-08-16T02:46:55.000Z</time>
        <extensions>
          <ns3:TrackPointExtension>
            <ns3:hr>140</ns3:hr>
          </ns3:TrackPointExtension>
        </extensions>
      </trkpt>
      <trkpt lat="36.6903972811996936798095703125" lon="117.20186881721019744873046875">
        <ele>87.8000030517578125</ele>
        <time>2026-08-16T02:46:57.000Z</time>
        <extensions>
          <ns3:TrackPointExtension>
            <ns3:hr>140</ns3:hr>
          </ns3:TrackPointExtension>
        </extensions>
      </trkpt>
      <trkpt lat="36.69032477773725986480712890625" lon="117.2016607783734798431396484375">
        <ele>87.59999847412109375</ele>
        <time>2026-08-16T02:47:01.000Z</time>
        <extensions>
          <ns3:TrackPointExtension>
            <ns3:hr>140</ns3:hr>
          </ns3:TrackPointExtension>
        </extensions>
      </trkpt>
      <trkpt lat="36.6901934333145618438720703125" lon="117.2013075649738311767578125">
        <ele>87.8000030517578125</ele>
        <time>2026-08-16T02:47:08.000Z</time>
        <extensions>
          <ns3:TrackPointExtension>
            <ns3:hr>140</ns3:hr>
          </ns3:TrackPointExtension>
        </extensions>
      </trkpt>
      <trkpt lat="36.69005605392158031463623046875" lon="117.2009888850152492523193359375">
        <ele>88.1999969482421875</ele>
        <time>2026-08-16T02:47:15.000Z</time>
        <extensions>
          <ns3:TrackPointExtension>
            <ns3:hr>138</ns3:hr>
          </ns3:TrackPointExtension>
        </extensions>
      </trkpt>
      <trkpt lat="36.69000626541674137115478515625" lon="117.2008701972663402557373046875">
        <ele>88</ele>
        <time>2026-08-16T02:47:18.000Z</time>
        <extensions>
          <ns3:TrackPointExtension>
            <ns3:hr>136</ns3:hr>
          </ns3:TrackPointExtension>
        </extensions>
      </trkpt>
      <trkpt lat="36.68996636755764484405517578125" lon="117.20072108320891857147216796875">
        <ele>88.1999969482421875</ele>
        <time>2026-08-16T02:47:21.000Z</time>
        <extensions>
          <ns3:TrackPointExtension>
            <ns3:hr>136</ns3:hr>
          </ns3:TrackPointExtension>
        </extensions>
      </trkpt>
      <trkpt lat="36.6899346001446247100830078125" lon="117.20061278901994228363037109375">
        <ele>88</ele>
        <time>2026-08-16T02:47:23.000Z</time>
        <extensions>
          <ns3:TrackPointExtension>
            <ns3:hr>136</ns3:hr>
          </ns3:TrackPointExtension>
        </extensions>
      </trkpt>
      <trkpt lat="36.68985824100673198699951171875" lon="117.2004527784883975982666015625">
        <ele>88</ele>
        <time>2026-08-16T02:47:26.000Z</time>
        <extensions>
          <ns3:TrackPointExtension>
            <ns3:hr>136</ns3:hr>
          </ns3:TrackPointExtension>
        </extensions>
      </trkpt>
      <trkpt lat="36.68971071951091289520263671875" lon="117.20011590979993343353271484375">
        <ele>88.40000152587890625</ele>
        <time>2026-08-16T02:47:32.000Z</time>
        <extensions>
          <ns3:TrackPointExtension>
            <ns3:hr>135</ns3:hr>
          </ns3:TrackPointExtension>
        </extensions>
      </trkpt>
      <trkpt lat="36.6896112263202667236328125" lon="117.19990812242031097412109375">
        <ele>88.59999847412109375</ele>
        <time>2026-08-16T02:47:36.000Z</time>
        <extensions>
          <ns3:TrackPointExtension>
            <ns3:hr>134</ns3:hr>
          </ns3:TrackPointExtension>
        </extensions>
      </trkpt>
      <trkpt lat="36.689578704535961151123046875" lon="117.19980460591614246368408203125">
        <ele>88.59999847412109375</ele>
        <time>2026-08-16T02:47:38.000Z</time>
        <extensions>
          <ns3:TrackPointExtension>
            <ns3:hr>134</ns3:hr>
          </ns3:TrackPointExtension>
        </extensions>
      </trkpt>
      <trkpt lat="36.68941282667219638824462890625" lon="117.19943647272884845733642578125">
        <ele>88.8000030517578125</ele>
        <time>2026-08-16T02:47:45.000Z</time>
        <extensions>
          <ns3:TrackPointExtension>
            <ns3:hr>134</ns3:hr>
          </ns3:TrackPointExtension>
        </extensions>
      </trkpt>
      <trkpt lat="36.68923362158238887786865234375" lon="117.19905291683971881866455078125">
        <ele>88.40000152587890625</ele>
        <time>2026-08-16T02:47:52.000Z</time>
        <extensions>
          <ns3:TrackPointExtension>
            <ns3:hr>134</ns3:hr>
          </ns3:TrackPointExtension>
        </extensions>
      </trkpt>
      <trkpt lat="36.689098589122295379638671875" lon="117.19877354800701141357421875">
        <ele>88.8000030517578125</ele>
        <time>2026-08-16T02:47:58.000Z</time>
        <extensions>
          <ns3:TrackPointExtension>
            <ns3:hr>136</ns3:hr>
          </ns3:TrackPointExtension>
        </extensions>
      </trkpt>
      <trkpt lat="36.68900898657739162445068359375" lon="117.19856224022805690765380859375">
        <ele>89.1999969482421875</ele>
        <time>2026-08-16T02:48:04.000Z</time>
        <extensions>
          <ns3:TrackPointExtension>
            <ns3:hr>136</ns3:hr>
          </ns3:TrackPointExtension>
        </extensions>
      </trkpt>
      <trkpt lat="36.68900613673031330108642578125" lon="117.1985467337071895599365234375">
        <ele>89.59999847412109375</ele>
        <time>2026-08-16T02:48:07.000Z</time>
        <extensions>
          <ns3:TrackPointExtension>
            <ns3:hr>136</ns3:hr>
          </ns3:TrackPointExtension>
        </extensions>
      </trkpt>
      <trkpt lat="36.68900747783482074737548828125" lon="117.1985457278788089752197265625">
        <ele>89.59999847412109375</ele>
        <time>2026-08-16T02:48:08.000Z</time>
        <extensions>
          <ns3:TrackPointExtension>
            <ns3:hr>136</ns3:hr>
          </ns3:TrackPointExtension>
        </extensions>
      </trkpt>
      <trkpt lat="36.68900437653064727783203125" lon="117.19855536706745624542236328125">
        <ele>89.8000030517578125</ele>
        <time>2026-08-16T02:48:19.000Z</time>
        <extensions>
          <ns3:TrackPointExtension>
            <ns3:hr>134</ns3:hr>
          </ns3:TrackPointExtension>
        </extensions>
      </trkpt>
      <trkpt lat="36.68900546617805957794189453125" lon="117.198555283248424530029296875">
        <ele>90</ele>
        <time>2026-08-16T02:48:26.000Z</time>
        <extensions>
          <ns3:TrackPointExtension>
            <ns3:hr>135</ns3:hr>
          </ns3:TrackPointExtension>
        </extensions>
      </trkpt>
      <trkpt lat="36.6890045441687107086181640625" lon="117.19855905510485172271728515625">
        <ele>89.8000030517578125</ele>
        <time>2026-08-16T02:48:34.000Z</time>
        <extensions>
          <ns3:TrackPointExtension>
            <ns3:hr>134</ns3:hr>
          </ns3:TrackPointExtension>
        </extensions>
      </trkpt>
      <trkpt lat="36.68899976648390293121337890625" lon="117.1985470689833164215087890625">
        <ele>89.40000152587890625</ele>
        <time>2026-08-16T02:48:42.000Z</time>
        <extensions>
          <ns3:TrackPointExtension>
            <ns3:hr>134</ns3:hr>
          </ns3:TrackPointExtension>
        </extensions>
      </trkpt>
      <trkpt lat="36.68900026939809322357177734375" lon="117.1985514275729656219482421875">
        <ele>89.40000152587890625</ele>
        <time>2026-08-16T02:48:49.000Z</time>
        <extensions>
          <ns3:TrackPointExtension>
            <ns3:hr>134</ns3:hr>
          </ns3:TrackPointExtension>
        </extensions>
      </trkpt>
      <trkpt lat="36.6889975033700466156005859375" lon="117.19854933209717273712158203125">
        <ele>89.40000152587890625</ele>
        <time>2026-08-16T02:48:54.000Z</time>
        <extensions>
          <ns3:TrackPointExtension>
            <ns3:hr>131</ns3:hr>
          </ns3:TrackPointExtension>
        </extensions>
      </trkpt>
      <trkpt lat="36.68898048810660839080810546875" lon="117.19853692688047885894775390625">
        <ele>89.1999969482421875</ele>
        <time>2026-08-16T02:48:56.000Z</time>
        <extensions>
          <ns3:TrackPointExtension>
            <ns3:hr>130</ns3:hr>
          </ns3:TrackPointExtension>
        </extensions>
      </trkpt>
      <trkpt lat="36.6888744570314884185791015625" lon="117.19845294021070003509521484375">
        <ele>89.40000152587890625</ele>
        <time>2026-08-16T02:49:02.000Z</time>
        <extensions>
          <ns3:TrackPointExtension>
            <ns3:hr>132</ns3:hr>
          </ns3:TrackPointExtension>
        </extensions>
      </trkpt>
      <trkpt lat="36.68874445371329784393310546875" lon="117.19835252501070499420166015625">
        <ele>89.59999847412109375</ele>
        <time>2026-08-16T02:49:07.000Z</time>
        <extensions>
          <ns3:TrackPointExtension>
            <ns3:hr>129</ns3:hr>
          </ns3:TrackPointExtension>
        </extensions>
      </trkpt>
      <trkpt lat="36.6886820085346698760986328125" lon="117.19831363297998905181884765625">
        <ele>89.8000030517578125</ele>
        <time>2026-08-16T02:49:09.000Z</time>
        <extensions>
          <ns3:TrackPointExtension>
            <ns3:hr>126</ns3:hr>
          </ns3:TrackPointExtension>
        </extensions>
      </trkpt>
      <trkpt lat="36.6886429488658905029296875" lon="117.1982982940971851348876953125">
        <ele>89.8000030517578125</ele>
        <time>2026-08-16T02:49:10.000Z</time>
        <extensions>
          <ns3:TrackPointExtension>
            <ns3:hr>125</ns3:hr>
          </ns3:TrackPointExtension>
        </extensions>
      </trkpt>
      <trkpt lat="36.68839325197041034698486328125" lon="117.19815320335328578948974609375">
        <ele>89.1999969482421875</ele>
        <time>2026-08-16T02:49:17.000Z</time>
        <extensions>
          <ns3:TrackPointExtension>
            <ns3:hr>125</ns3:hr>
          </ns3:TrackPointExtension>
        </extensions>
      </trkpt>
      <trkpt lat="36.6882491670548915863037109375" lon="117.1981061808764934539794921875">
        <ele>89.1999969482421875</ele>
        <time>2026-08-16T02:49:20.000Z</time>
        <extensions>
          <ns3:TrackPointExtension>
            <ns3:hr>126</ns3:hr>
          </ns3:TrackPointExtension>
        </extensions>
      </trkpt>
      <trkpt lat="36.6882085986435413360595703125" lon="117.19808178953826427459716796875">
        <ele>89.40000152587890625</ele>
        <time>2026-08-16T02:49:21.000Z</time>
        <extensions>
          <ns3:TrackPointExtension>
            <ns3:hr>126</ns3:hr>
          </ns3:TrackPointExtension>
        </extensions>
      </trkpt>
      <trkpt lat="36.68816459365189075469970703125" lon="117.19806670211255550384521484375">
        <ele>89.40000152587890625</ele>
        <time>2026-08-16T02:49:22.000Z</time>
        <extensions>
          <ns3:TrackPointExtension>
            <ns3:hr>126</ns3:hr>
          </ns3:TrackPointExtension>
        </extensions>
      </trkpt>
      <trkpt lat="36.6880607418715953826904296875" lon="117.19804742373526096343994140625">
        <ele>90</ele>
        <time>2026-08-16T02:49:24.000Z</time>
        <extensions>
          <ns3:TrackPointExtension>
            <ns3:hr>127</ns3:hr>
          </ns3:TrackPointExtension>
        </extensions>
      </trkpt>
      <trkpt lat="36.6880072653293609619140625" lon="117.1980515308678150177001953125">
        <ele>90.40000152587890625</ele>
        <time>2026-08-16T02:49:25.000Z</time>
        <extensions>
          <ns3:TrackPointExtension>
            <ns3:hr>128</ns3:hr>
          </ns3:TrackPointExtension>
        </extensions>
      </trkpt>
      <trkpt lat="36.6879490949213504791259765625" lon="117.1980518661439418792724609375">
        <ele>90.8000030517578125</ele>
        <time>2026-08-16T02:49:26.000Z</time>
        <extensions>
          <ns3:TrackPointExtension>
            <ns3:hr>128</ns3:hr>
          </ns3:TrackPointExtension>
        </extensions>
      </trkpt>
      <trkpt lat="36.68777433224022388458251953125" lon="117.19805966131389141082763671875">
        <ele>91</ele>
        <time>2026-08-16T02:49:29.000Z</time>
        <extensions>
          <ns3:TrackPointExtension>
            <ns3:hr>129</ns3:hr>
          </ns3:TrackPointExtension>
        </extensions>
      </trkpt>
      <trkpt lat="36.68765346519649028778076171875" lon="117.19807147979736328125">
        <ele>90.40000152587890625</ele>
        <time>2026-08-16T02:49:31.000Z</time>
        <extensions>
          <ns3:TrackPointExtension>
            <ns3:hr>131</ns3:hr>
          </ns3:TrackPointExtension>
        </extensions>
      </trkpt>
      <trkpt lat="36.68753494508564472198486328125" lon="117.1980701386928558349609375">
        <ele>90.59999847412109375</ele>
        <time>2026-08-16T02:49:33.000Z</time>
        <extensions>
          <ns3:TrackPointExtension>
            <ns3:hr>136</ns3:hr>
          </ns3:TrackPointExtension>
        </extensions>
      </trkpt>
      <trkpt lat="36.68741173110902309417724609375" lon="117.19807684421539306640625">
        <ele>90.8000030517578125</ele>
        <time>2026-08-16T02:49:35.000Z</time>
        <extensions>
          <ns3:TrackPointExtension>
            <ns3:hr>139</ns3:hr>
          </ns3:TrackPointExtension>
        </extensions>
      </trkpt>
      <trkpt lat="36.6871772892773151397705078125" lon="117.19806946814060211181640625">
        <ele>90.59999847412109375</ele>
        <time>2026-08-16T02:49:39.000Z</time>
        <extensions>
          <ns3:TrackPointExtension>
            <ns3:hr>141</ns3:hr>
          </ns3:TrackPointExtension>
        </extensions>
      </trkpt>
      <trkpt lat="36.6868658177554607391357421875" lon="117.19801473431289196014404296875">
        <ele>91.1999969482421875</ele>
        <time>2026-08-16T02:49:45.000Z</time>
        <extensions>
          <ns3:TrackPointExtension>
            <ns3:hr>143</ns3:hr>
          </ns3:TrackPointExtension>
        </extensions>
      </trkpt>
      <trkpt lat="36.686679236590862274169921875" lon="117.1979509480297565460205078125">
        <ele>91.1999969482421875</ele>
        <time>2026-08-16T02:49:49.000Z</time>
        <extensions>
          <ns3:TrackPointExtension>
            <ns3:hr>142</ns3:hr>
          </ns3:TrackPointExtension>
        </extensions>
      </trkpt>
      <trkpt lat="36.68658711947500705718994140625" lon="117.197910211980342864990234375">
        <ele>91.40000152587890625</ele>
        <time>2026-08-16T02:49:51.000Z</time>
        <extensions>
          <ns3:TrackPointExtension>
            <ns3:hr>142</ns3:hr>
          </ns3:TrackPointExtension>
        </extensions>
      </trkpt>
      <trkpt lat="36.686542443931102752685546875" lon="117.1978979744017124176025390625">
        <ele>91.40000152587890625</ele>
        <time>2026-08-16T02:49:52.000Z</time>
        <extensions>
          <ns3:TrackPointExtension>
            <ns3:hr>142</ns3:hr>
          </ns3:TrackPointExtension>
        </extensions>
      </trkpt>
      <trkpt lat="36.686404645442962646484375" lon="117.19784013926982879638671875">
        <ele>91.40000152587890625</ele>
        <time>2026-08-16T02:49:55.000Z</time>
        <extensions>
          <ns3:TrackPointExtension>
            <ns3:hr>142</ns3:hr>
          </ns3:TrackPointExtension>
        </extensions>
      </trkpt>
      <trkpt lat="36.6861312277615070343017578125" lon="117.19774181954562664031982421875">
        <ele>91.59999847412109375</ele>
        <time>2026-08-16T02:50:01.000Z</time>
        <extensions>
          <ns3:TrackPointExtension>
            <ns3:hr>142</ns3:hr>
          </ns3:TrackPointExtension>
        </extensions>
      </trkpt>
      <trkpt lat="36.68608671985566616058349609375" lon="117.1977219544351100921630859375">
        <ele>91.8000030517578125</ele>
        <time>2026-08-16T02:50:02.000Z</time>
        <extensions>
          <ns3:TrackPointExtension>
            <ns3:hr>142</ns3:hr>
          </ns3:TrackPointExtension>
        </extensions>
      </trkpt>
      <trkpt lat="36.68600273318588733673095703125" lon="117.19767962582409381866455078125">
        <ele>92</ele>
        <time>2026-08-16T02:50:04.000Z</time>
        <extensions>
          <ns3:TrackPointExtension>
            <ns3:hr>142</ns3:hr>
          </ns3:TrackPointExtension>
        </extensions>
      </trkpt>
      <trkpt lat="36.685962416231632232666015625" lon="117.19766252674162387847900390625">
        <ele>92</ele>
        <time>2026-08-16T02:50:05.000Z</time>
        <extensions>
          <ns3:TrackPointExtension>
            <ns3:hr>142</ns3:hr>
          </ns3:TrackPointExtension>
        </extensions>
      </trkpt>
      <trkpt lat="36.685728728771209716796875" lon="117.1975368820130825042724609375">
        <ele>92.40000152587890625</ele>
        <time>2026-08-16T02:50:10.000Z</time>
        <extensions>
          <ns3:TrackPointExtension>
            <ns3:hr>142</ns3:hr>
          </ns3:TrackPointExtension>
        </extensions>
      </trkpt>
      <trkpt lat="36.68562789447605609893798828125" lon="117.19749539159238338470458984375">
        <ele>92.40000152587890625</ele>
        <time>2026-08-16T02:50:12.000Z</time>
        <extensions>
          <ns3:TrackPointExtension>
            <ns3:hr>142</ns3:hr>
          </ns3:TrackPointExtension>
        </extensions>
      </trkpt>
      <trkpt lat="36.68547048233449459075927734375" lon="117.19742280431091785430908203125">
        <ele>92.40000152587890625</ele>
        <time>2026-08-16T02:50:15.000Z</time>
        <extensions>
          <ns3:TrackPointExtension>
            <ns3:hr>142</ns3:hr>
          </ns3:TrackPointExtension>
        </extensions>
      </trkpt>
      <trkpt lat="36.685216426849365234375" lon="117.19732381403446197509765625">
        <ele>92.8000030517578125</ele>
        <time>2026-08-16T02:50:20.000Z</time>
        <extensions>
          <ns3:TrackPointExtension>
            <ns3:hr>142</ns3:hr>
          </ns3:TrackPointExtension>
        </extensions>
      </trkpt>
      <trkpt lat="36.6851706616580486297607421875" lon="117.197308056056499481201171875">
        <ele>93</ele>
        <time>2026-08-16T02:50:21.000Z</time>
        <extensions>
          <ns3:TrackPointExtension>
            <ns3:hr>142</ns3:hr>
          </ns3:TrackPointExtension>
        </extensions>
      </trkpt>
      <trkpt lat="36.6851331107318401336669921875" lon="117.19728299416601657867431640625">
        <ele>93.1999969482421875</ele>
        <time>2026-08-16T02:50:22.000Z</time>
        <extensions>
          <ns3:TrackPointExtension>
            <ns3:hr>142</ns3:hr>
          </ns3:TrackPointExtension>
        </extensions>
      </trkpt>
      <trkpt lat="36.6850031912326812744140625" lon="117.19722859561443328857421875">
        <ele>93.40000152587890625</ele>
        <time>2026-08-16T02:50:25.000Z</time>
        <extensions>
          <ns3:TrackPointExtension>
            <ns3:hr>143</ns3:hr>
          </ns3:TrackPointExtension>
        </extensions>
      </trkpt>
      <trkpt lat="36.68495918624103069305419921875" lon="117.1972059644758701324462890625">
        <ele>93</ele>
        <time>2026-08-16T02:50:26.000Z</time>
        <extensions>
          <ns3:TrackPointExtension>
            <ns3:hr>143</ns3:hr>
          </ns3:TrackPointExtension>
        </extensions>
      </trkpt>
      <trkpt lat="36.684870421886444091796875" lon="117.1971715986728668212890625">
        <ele>92.59999847412109375</ele>
        <time>2026-08-16T02:50:28.000Z</time>
        <extensions>
          <ns3:TrackPointExtension>
            <ns3:hr>142</ns3:hr>
          </ns3:TrackPointExtension>
        </extensions>
      </trkpt>
      <trkpt lat="36.68478190898895263671875" lon="117.19715139828622341156005859375">
        <ele>92.8000030517578125</ele>
        <time>2026-08-16T02:50:30.000Z</time>
        <extensions>
          <ns3:TrackPointExtension>
            <ns3:hr>142</ns3:hr>
          </ns3:TrackPointExtension>
        </extensions>
      </trkpt>
      <trkpt lat="36.68473656289279460906982421875" lon="117.19714854843914508819580078125">
        <ele>93</ele>
        <time>2026-08-16T02:50:31.000Z</time>
        <extensions>
          <ns3:TrackPointExtension>
            <ns3:hr>142</ns3:hr>
          </ns3:TrackPointExtension>
        </extensions>
      </trkpt>
      <trkpt lat="36.6846526600420475006103515625" lon="117.19712801277637481689453125">
        <ele>93.1999969482421875</ele>
        <time>2026-08-16T02:50:33.000Z</time>
        <extensions>
          <ns3:TrackPointExtension>
            <ns3:hr>141</ns3:hr>
          </ns3:TrackPointExtension>
        </extensions>
      </trkpt>
      <trkpt lat="36.68456892482936382293701171875" lon="117.19710429199039936065673828125">
        <ele>93.1999969482421875</ele>
        <time>2026-08-16T02:50:35.000Z</time>
        <extensions>
          <ns3:TrackPointExtension>
            <ns3:hr>141</ns3:hr>
          </ns3:TrackPointExtension>
        </extensions>
      </trkpt>
      <trkpt lat="36.68448460288345813751220703125" lon="117.19708970747888088226318359375">
        <ele>93.1999969482421875</ele>
        <time>2026-08-16T02:50:37.000Z</time>
        <extensions>
          <ns3:TrackPointExtension>
            <ns3:hr>140</ns3:hr>
          </ns3:TrackPointExtension>
        </extensions>
      </trkpt>
      <trkpt lat="36.684353090822696685791015625" lon="117.197080738842487335205078125">
        <ele>93.1999969482421875</ele>
        <time>2026-08-16T02:50:40.000Z</time>
        <extensions>
          <ns3:TrackPointExtension>
            <ns3:hr>140</ns3:hr>
          </ns3:TrackPointExtension>
        </extensions>
      </trkpt>
      <trkpt lat="36.68408210389316082000732421875" lon="117.197082750499248504638671875">
        <ele>93.59999847412109375</ele>
        <time>2026-08-16T02:50:46.000Z</time>
        <extensions>
          <ns3:TrackPointExtension>
            <ns3:hr>140</ns3:hr>
          </ns3:TrackPointExtension>
        </extensions>
      </trkpt>
      <trkpt lat="36.6837631724774837493896484375" lon="117.19712776131927967071533203125">
        <ele>93.8000030517578125</ele>
        <time>2026-08-16T02:50:53.000Z</time>
        <extensions>
          <ns3:TrackPointExtension>
            <ns3:hr>140</ns3:hr>
          </ns3:TrackPointExtension>
        </extensions>
      </trkpt>
      <trkpt lat="36.683625876903533935546875" lon="117.197155170142650604248046875">
        <ele>94</ele>
        <time>2026-08-16T02:50:56.000Z</time>
        <extensions>
          <ns3:TrackPointExtension>
            <ns3:hr>140</ns3:hr>
          </ns3:TrackPointExtension>
        </extensions>
      </trkpt>
      <trkpt lat="36.683566868305206298828125" lon="117.19716296531260013580322265625">
        <ele>94.40000152587890625</ele>
        <time>2026-08-16T02:50:58.000Z</time>
        <extensions>
          <ns3:TrackPointExtension>
            <ns3:hr>140</ns3:hr>
          </ns3:TrackPointExtension>
        </extensions>
      </trkpt>
      <trkpt lat="36.6835613362491130828857421875" lon="117.19717185012996196746826171875">
        <ele>94.59999847412109375</ele>
        <time>2026-08-16T02:51:02.000Z</time>
        <extensions>
          <ns3:TrackPointExtension>
            <ns3:hr>140</ns3:hr>
          </ns3:TrackPointExtension>
        </extensions>
      </trkpt>
      <trkpt lat="36.68356108479201793670654296875" lon="117.19716665334999561309814453125">
        <ele>94.40000152587890625</ele>
        <time>2026-08-16T02:51:10.000Z</time>
        <extensions>
          <ns3:TrackPointExtension>
            <ns3:hr>138</ns3:hr>
          </ns3:TrackPointExtension>
        </extensions>
      </trkpt>
      <trkpt lat="36.683559827506542205810546875" lon="117.19716615043580532073974609375">
        <ele>94.40000152587890625</ele>
        <time>2026-08-16T02:51:18.000Z</time>
        <extensions>
          <ns3:TrackPointExtension>
            <ns3:hr>138</ns3:hr>
          </ns3:TrackPointExtension>
        </extensions>
      </trkpt>
      <trkpt lat="36.68356175534427165985107421875" lon="117.19711300916969776153564453125">
        <ele>94.1999969482421875</ele>
        <time>2026-08-16T02:51:22.000Z</time>
        <extensions>
          <ns3:TrackPointExtension>
            <ns3:hr>139</ns3:hr>
          </ns3:TrackPointExtension>
        </extensions>
      </trkpt>
      <trkpt lat="36.68355622328817844390869140625" lon="117.1969454549252986907958984375">
        <ele>94.59999847412109375</ele>
        <time>2026-08-16T02:51:27.000Z</time>
        <extensions>
          <ns3:TrackPointExtension>
            <ns3:hr>140</ns3:hr>
          </ns3:TrackPointExtension>
        </extensions>
      </trkpt>
      <trkpt lat="36.68354398570954799652099609375" lon="117.19667832367122173309326171875">
        <ele>94.8000030517578125</ele>
        <time>2026-08-16T02:51:32.000Z</time>
        <extensions>
          <ns3:TrackPointExtension>
            <ns3:hr>140</ns3:hr>
          </ns3:TrackPointExtension>
        </extensions>
      </trkpt>
      <trkpt lat="36.68355370871722698211669921875" lon="117.19645100645720958709716796875">
        <ele>94.8000030517578125</ele>
        <time>2026-08-16T02:51:36.000Z</time>
        <extensions>
          <ns3:TrackPointExtension>
            <ns3:hr>140</ns3:hr>
          </ns3:TrackPointExtension>
        </extensions>
      </trkpt>
      <trkpt lat="36.68353744782507419586181640625" lon="117.19636266119778156280517578125">
        <ele>94.8000030517578125</ele>
        <time>2026-08-16T02:51:38.000Z</time>
        <extensions>
          <ns3:TrackPointExtension>
            <ns3:hr>140</ns3:hr>
          </ns3:TrackPointExtension>
        </extensions>
      </trkpt>
      <trkpt lat="36.68351657688617706298828125" lon="117.196322344243526458740234375">
        <ele>94.8000030517578125</ele>
        <time>2026-08-16T02:51:40.000Z</time>
        <extensions>
          <ns3:TrackPointExtension>
            <ns3:hr>140</ns3:hr>
          </ns3:TrackPointExtension>
        </extensions>
      </trkpt>
      <trkpt lat="36.68348916806280612945556640625" lon="117.1962946839630603790283203125">
        <ele>95</ele>
        <time>2026-08-16T02:51:42.000Z</time>
        <extensions>
          <ns3:TrackPointExtension>
            <ns3:hr>140</ns3:hr>
          </ns3:TrackPointExtension>
        </extensions>
      </trkpt>
      <trkpt lat="36.68335690163075923919677734375" lon="117.1962571330368518829345703125">
        <ele>95</ele>
        <time>2026-08-16T02:51:47.000Z</time>
        <extensions>
          <ns3:TrackPointExtension>
            <ns3:hr>138</ns3:hr>
          </ns3:TrackPointExtension>
        </extensions>
      </trkpt>
      <trkpt lat="36.68318264186382293701171875" lon="117.1963191591203212738037109375">
        <ele>95.1999969482421875</ele>
        <time>2026-08-16T02:51:52.000Z</time>
        <extensions>
          <ns3:TrackPointExtension>
            <ns3:hr>138</ns3:hr>
          </ns3:TrackPointExtension>
        </extensions>
      </trkpt>
      <trkpt lat="36.68299128301441669464111328125" lon="117.196312285959720611572265625">
        <ele>95.40000152587890625</ele>
        <time>2026-08-16T02:51:57.000Z</time>
        <extensions>
          <ns3:TrackPointExtension>
            <ns3:hr>138</ns3:hr>
          </ns3:TrackPointExtension>
        </extensions>
      </trkpt>
      <trkpt lat="36.6827777959406375885009765625" lon="117.1963493339717388153076171875">
        <ele>96.1999969482421875</ele>
        <time>2026-08-16T02:52:02.000Z</time>
        <extensions>
          <ns3:TrackPointExtension>
            <ns3:hr>137</ns3:hr>
          </ns3:TrackPointExtension>
        </extensions>
      </trkpt>
      <trkpt lat="36.682569086551666259765625" lon="117.19637456350028514862060546875">
        <ele>95.40000152587890625</ele>
        <time>2026-08-16T02:52:07.000Z</time>
        <extensions>
          <ns3:TrackPointExtension>
            <ns3:hr>138</ns3:hr>
          </ns3:TrackPointExtension>
        </extensions>
      </trkpt>
      <trkpt lat="36.68222836218774318695068359375" lon="117.1964271180331707000732421875">
        <ele>96</ele>
        <time>2026-08-16T02:52:14.000Z</time>
        <extensions>
          <ns3:TrackPointExtension>
            <ns3:hr>139</ns3:hr>
          </ns3:TrackPointExtension>
        </extensions>
      </trkpt>
      <trkpt lat="36.6820911504328250885009765625" lon="117.19644430093467235565185546875">
        <ele>96.1999969482421875</ele>
        <time>2026-08-16T02:52:17.000Z</time>
        <extensions>
          <ns3:TrackPointExtension>
            <ns3:hr>141</ns3:hr>
          </ns3:TrackPointExtension>
        </extensions>
      </trkpt>
      <trkpt lat="36.6819562017917633056640625" lon="117.196461819112300872802734375">
        <ele>96.59999847412109375</ele>
        <time>2026-08-16T02:52:20.000Z</time>
        <extensions>
          <ns3:TrackPointExtension>
            <ns3:hr>143</ns3:hr>
          </ns3:TrackPointExtension>
        </extensions>
      </trkpt>
      <trkpt lat="36.68178143911063671112060546875" lon="117.19649911858141422271728515625">
        <ele>97</ele>
        <time>2026-08-16T02:52:24.000Z</time>
        <extensions>
          <ns3:TrackPointExtension>
            <ns3:hr>144</ns3:hr>
          </ns3:TrackPointExtension>
        </extensions>
      </trkpt>
      <trkpt lat="36.6817381046712398529052734375" lon="117.19649744220077991485595703125">
        <ele>97</ele>
        <time>2026-08-16T02:52:25.000Z</time>
        <extensions>
          <ns3:TrackPointExtension>
            <ns3:hr>144</ns3:hr>
          </ns3:TrackPointExtension>
        </extensions>
      </trkpt>
      <trkpt lat="36.68164900504052639007568359375" lon="117.196504734456539154052734375">
        <ele>97.40000152587890625</ele>
        <time>2026-08-16T02:52:27.000Z</time>
        <extensions>
          <ns3:TrackPointExtension>
            <ns3:hr>144</ns3:hr>
          </ns3:TrackPointExtension>
        </extensions>
      </trkpt>
      <trkpt lat="36.68143023736774921417236328125" lon="117.1965163014829158782958984375">
        <ele>97.8000030517578125</ele>
        <time>2026-08-16T02:52:32.000Z</time>
        <extensions>
          <ns3:TrackPointExtension>
            <ns3:hr>145</ns3:hr>
          </ns3:TrackPointExtension>
        </extensions>
      </trkpt>
      <trkpt lat="36.6811406426131725311279296875" lon="117.19652309082448482513427734375">
        <ele>97.8000030517578125</ele>
        <time>2026-08-16T02:52:39.000Z</time>
        <extensions>
          <ns3:TrackPointExtension>
            <ns3:hr>146</ns3:hr>
          </ns3:TrackPointExtension>
        </extensions>
      </trkpt>
      <trkpt lat="36.68100225739181041717529296875" lon="117.19652627594769001007080078125">
        <ele>97.8000030517578125</ele>
        <time>2026-08-16T02:52:42.000Z</time>
        <extensions>
          <ns3:TrackPointExtension>
            <ns3:hr>146</ns3:hr>
          </ns3:TrackPointExtension>
        </extensions>
      </trkpt>
      <trkpt lat="36.68085892684757709503173828125" lon="117.19651822932064533233642578125">
        <ele>97.59999847412109375</ele>
        <time>2026-08-16T02:52:45.000Z</time>
        <extensions>
          <ns3:TrackPointExtension>
            <ns3:hr>146</ns3:hr>
          </ns3:TrackPointExtension>
        </extensions>
      </trkpt>
      <trkpt lat="36.6805398277938365936279296875" lon="117.19651772640645503997802734375">
        <ele>97.59999847412109375</ele>
        <time>2026-08-16T02:52:52.000Z</time>
        <extensions>
          <ns3:TrackPointExtension>
            <ns3:hr>144</ns3:hr>
          </ns3:TrackPointExtension>
        </extensions>
      </trkpt>
      <trkpt lat="36.68020430020987987518310546875" lon="117.19649358652532100677490234375">
        <ele>98.1999969482421875</ele>
        <time>2026-08-16T02:52:59.000Z</time>
        <extensions>
          <ns3:TrackPointExtension>
            <ns3:hr>143</ns3:hr>
          </ns3:TrackPointExtension>
        </extensions>
      </trkpt>
      <trkpt lat="36.67978696525096893310546875" lon="117.196442373096942901611328125">
        <ele>98</ele>
        <time>2026-08-16T02:53:07.000Z</time>
        <extensions>
          <ns3:TrackPointExtension>
            <ns3:hr>142</ns3:hr>
          </ns3:TrackPointExtension>
        </extensions>
      </trkpt>
      <trkpt lat="36.679483540356159210205078125" lon="117.19637875445187091827392578125">
        <ele>98.1999969482421875</ele>
        <time>2026-08-16T02:53:13.000Z</time>
        <extensions>
          <ns3:TrackPointExtension>
            <ns3:hr>144</ns3:hr>
          </ns3:TrackPointExtension>
        </extensions>
      </trkpt>
      <trkpt lat="36.67913946323096752166748046875" lon="117.1962945163249969482421875">
        <ele>98.1999969482421875</ele>
        <time>2026-08-16T02:53:21.000Z</time>
        <extensions>
          <ns3:TrackPointExtension>
            <ns3:hr>143</ns3:hr>
          </ns3:TrackPointExtension>
        </extensions>
      </trkpt>
      <trkpt lat="36.67904592119157314300537109375" lon="117.19627364538609981536865234375">
        <ele>98.59999847412109375</ele>
        <time>2026-08-16T02:53:23.000Z</time>
        <extensions>
          <ns3:TrackPointExtension>
            <ns3:hr>142</ns3:hr>
          </ns3:TrackPointExtension>
        </extensions>
      </trkpt>
      <trkpt lat="36.67880770750343799591064453125" lon="117.1961860544979572296142578125">
        <ele>98.1999969482421875</ele>
        <time>2026-08-16T02:53:28.000Z</time>
        <extensions>
          <ns3:TrackPointExtension>
            <ns3:hr>142</ns3:hr>
          </ns3:TrackPointExtension>
        </extensions>
      </trkpt>
      <trkpt lat="36.67865783907473087310791015625" lon="117.19614640809595584869384765625">
        <ele>98.1999969482421875</ele>
        <time>2026-08-16T02:53:31.000Z</time>
        <extensions>
          <ns3:TrackPointExtension>
            <ns3:hr>142</ns3:hr>
          </ns3:TrackPointExtension>
        </extensions>
      </trkpt>
      <trkpt lat="36.678567230701446533203125" lon="117.19610600732266902923583984375">
        <ele>98.40000152587890625</ele>
        <time>2026-08-16T02:53:33.000Z</time>
        <extensions>
          <ns3:TrackPointExtension>
            <ns3:hr>141</ns3:hr>
          </ns3:TrackPointExtension>
        </extensions>
      </trkpt>
      <trkpt lat="36.67830093763768672943115234375" lon="117.196004502475261688232421875">
        <ele>98.1999969482421875</ele>
        <time>2026-08-16T02:53:39.000Z</time>
        <extensions>
          <ns3:TrackPointExtension>
            <ns3:hr>140</ns3:hr>
          </ns3:TrackPointExtension>
        </extensions>
      </trkpt>
      <trkpt lat="36.678007654845714569091796875" lon="117.19587215222418308258056640625">
        <ele>98</ele>
        <time>2026-08-16T02:53:45.000Z</time>
        <extensions>
          <ns3:TrackPointExtension>
            <ns3:hr>140</ns3:hr>
          </ns3:TrackPointExtension>
        </extensions>
      </trkpt>
      <trkpt lat="36.67771303094923496246337890625" lon="117.19574667513370513916015625">
        <ele>98.8000030517578125</ele>
        <time>2026-08-16T02:53:51.000Z</time>
        <extensions>
          <ns3:TrackPointExtension>
            <ns3:hr>140</ns3:hr>
          </ns3:TrackPointExtension>
        </extensions>
      </trkpt>
      <trkpt lat="36.67745788581669330596923828125" lon="117.195614241063594818115234375">
        <ele>99.59999847412109375</ele>
        <time>2026-08-16T02:53:57.000Z</time>
        <extensions>
          <ns3:TrackPointExtension>
            <ns3:hr>140</ns3:hr>
          </ns3:TrackPointExtension>
        </extensions>
      </trkpt>
      <trkpt lat="36.67742033489048480987548828125" lon="117.19558901153504848480224609375">
        <ele>99.59999847412109375</ele>
        <time>2026-08-16T02:53:58.000Z</time>
        <extensions>
          <ns3:TrackPointExtension>
            <ns3:hr>140</ns3:hr>
          </ns3:TrackPointExtension>
        </extensions>
      </trkpt>
      <trkpt lat="36.6771689616143703460693359375" lon="117.19543662853538990020751953125">
        <ele>99.8000030517578125</ele>
        <time>2026-08-16T02:54:05.000Z</time>
        <extensions>
          <ns3:TrackPointExtension>
            <ns3:hr>143</ns3:hr>
          </ns3:TrackPointExtension>
        </extensions>
      </trkpt>
      <trkpt lat="36.6771350987255573272705078125" lon="117.1954165957868099212646484375">
        <ele>100</ele>
        <time>2026-08-16T02:54:06.000Z</time>
        <extensions>
          <ns3:TrackPointExtension>
            <ns3:hr>143</ns3:hr>
          </ns3:TrackPointExtension>
        </extensions>
      </trkpt>
      <trkpt lat="36.67703761719167232513427734375" lon="117.19535448588430881500244140625">
        <ele>100.8000030517578125</ele>
        <time>2026-08-16T02:54:09.000Z</time>
        <extensions>
          <ns3:TrackPointExtension>
            <ns3:hr>144</ns3:hr>
          </ns3:TrackPointExtension>
        </extensions>
      </trkpt>
      <trkpt lat="36.67693250812590122222900390625" lon="117.1952935494482517242431640625">
        <ele>101.40000152587890625</ele>
        <time>2026-08-16T02:54:12.000Z</time>
        <extensions>
          <ns3:TrackPointExtension>
            <ns3:hr>144</ns3:hr>
          </ns3:TrackPointExtension>
        </extensions>
      </trkpt>
      <trkpt lat="36.67677392251789569854736328125" lon="117.19520813785493373870849609375">
        <ele>101.8000030517578125</ele>
        <time>2026-08-16T02:54:17.000Z</time>
        <extensions>
          <ns3:TrackPointExtension>
            <ns3:hr>144</ns3:hr>
          </ns3:TrackPointExtension>
        </extensions>
      </trkpt>
      <trkpt lat="36.67671181261539459228515625" lon="117.195171006023883819580078125">
        <ele>102</ele>
        <time>2026-08-16T02:54:19.000Z</time>
        <extensions>
          <ns3:TrackPointExtension>
            <ns3:hr>144</ns3:hr>
          </ns3:TrackPointExtension>
        </extensions>
      </trkpt>
      <trkpt lat="36.67651693336665630340576171875" lon="117.1950816549360752105712890625">
        <ele>102.59999847412109375</ele>
        <time>2026-08-16T02:54:25.000Z</time>
        <extensions>
          <ns3:TrackPointExtension>
            <ns3:hr>142</ns3:hr>
          </ns3:TrackPointExtension>
        </extensions>
      </trkpt>
      <trkpt lat="36.67644266970455646514892578125" lon="117.19504871405661106109619140625">
        <ele>102.8000030517578125</ele>
        <time>2026-08-16T02:54:27.000Z</time>
        <extensions>
          <ns3:TrackPointExtension>
            <ns3:hr>142</ns3:hr>
          </ns3:TrackPointExtension>
        </extensions>
      </trkpt>
      <trkpt lat="36.676325909793376922607421875" lon="117.19502113759517669677734375">
        <ele>103</ele>
        <time>2026-08-16T02:54:30.000Z</time>
        <extensions>
          <ns3:TrackPointExtension>
            <ns3:hr>142</ns3:hr>
          </ns3:TrackPointExtension>
        </extensions>
      </trkpt>
      <trkpt lat="36.6761292703449726104736328125" lon="117.1949750371277332305908203125">
        <ele>103.1999969482421875</ele>
        <time>2026-08-16T02:54:35.000Z</time>
        <extensions>
          <ns3:TrackPointExtension>
            <ns3:hr>142</ns3:hr>
          </ns3:TrackPointExtension>
        </extensions>
      </trkpt>
      <trkpt lat="36.6758613847196102142333984375" lon="117.194963805377483367919921875">
        <ele>103.40000152587890625</ele>
        <time>2026-08-16T02:54:41.000Z</time>
        <extensions>
          <ns3:TrackPointExtension>
            <ns3:hr>144</ns3:hr>
          </ns3:TrackPointExtension>
        </extensions>
      </trkpt>
      <trkpt lat="36.67567555792629718780517578125" lon="117.19496103934943675994873046875">
        <ele>103.40000152587890625</ele>
        <time>2026-08-16T02:54:46.000Z</time>
        <extensions>
          <ns3:TrackPointExtension>
            <ns3:hr>144</ns3:hr>
          </ns3:TrackPointExtension>
        </extensions>
      </trkpt>
      <trkpt lat="36.675465591251850128173828125" lon="117.1949636377394199371337890625">
        <ele>103.59999847412109375</ele>
        <time>2026-08-16T02:54:51.000Z</time>
        <extensions>
          <ns3:TrackPointExtension>
            <ns3:hr>144</ns3:hr>
          </ns3:TrackPointExtension>
        </extensions>
      </trkpt>
      <trkpt lat="36.67541898787021636962890625" lon="117.1949703432619571685791015625">
        <ele>103.8000030517578125</ele>
        <time>2026-08-16T02:54:52.000Z</time>
        <extensions>
          <ns3:TrackPointExtension>
            <ns3:hr>144</ns3:hr>
          </ns3:TrackPointExtension>
        </extensions>
      </trkpt>
      <trkpt lat="36.675223521888256072998046875" lon="117.19497310929000377655029296875">
        <ele>103.40000152587890625</ele>
        <time>2026-08-16T02:54:56.000Z</time>
        <extensions>
          <ns3:TrackPointExtension>
            <ns3:hr>143</ns3:hr>
          </ns3:TrackPointExtension>
        </extensions>
      </trkpt>
      <trkpt lat="36.6751318238675594329833984375" lon="117.1949653141200542449951171875">
        <ele>103.1999969482421875</ele>
        <time>2026-08-16T02:54:58.000Z</time>
        <extensions>
          <ns3:TrackPointExtension>
            <ns3:hr>143</ns3:hr>
          </ns3:TrackPointExtension>
        </extensions>
      </trkpt>
      <trkpt lat="36.67499075643718242645263671875" lon="117.19496573321521282196044921875">
        <ele>103.1999969482421875</ele>
        <time>2026-08-16T02:55:01.000Z</time>
        <extensions>
          <ns3:TrackPointExtension>
            <ns3:hr>142</ns3:hr>
          </ns3:TrackPointExtension>
        </extensions>
      </trkpt>
      <trkpt lat="36.6747088730335235595703125" lon="117.1949641406536102294921875">
        <ele>103.1999969482421875</ele>
        <time>2026-08-16T02:55:07.000Z</time>
        <extensions>
          <ns3:TrackPointExtension>
            <ns3:hr>140</ns3:hr>
          </ns3:TrackPointExtension>
        </extensions>
      </trkpt>
      <trkpt lat="36.67446252889931201934814453125" lon="117.1949804015457630157470703125">
        <ele>103</ele>
        <time>2026-08-16T02:55:13.000Z</time>
        <extensions>
          <ns3:TrackPointExtension>
            <ns3:hr>140</ns3:hr>
          </ns3:TrackPointExtension>
        </extensions>
      </trkpt>
      <trkpt lat="36.67432288639247417449951171875" lon="117.19499439932405948638916015625">
        <ele>102.8000030517578125</ele>
        <time>2026-08-16T02:55:18.000Z</time>
        <extensions>
          <ns3:TrackPointExtension>
            <ns3:hr>139</ns3:hr>
          </ns3:TrackPointExtension>
        </extensions>
      </trkpt>
      <trkpt lat="36.6742587648332118988037109375" lon="117.1950082294642925262451171875">
        <ele>103</ele>
        <time>2026-08-16T02:55:23.000Z</time>
        <extensions>
          <ns3:TrackPointExtension>
            <ns3:hr>138</ns3:hr>
          </ns3:TrackPointExtension>
        </extensions>
      </trkpt>
      <trkpt lat="36.6741511411964893341064453125" lon="117.1950243227183818817138671875">
        <ele>103</ele>
        <time>2026-08-16T02:55:29.000Z</time>
        <extensions>
          <ns3:TrackPointExtension>
            <ns3:hr>136</ns3:hr>
          </ns3:TrackPointExtension>
        </extensions>
      </trkpt>
      <trkpt lat="36.6740351356565952301025390625" lon="117.19498869962990283966064453125">
        <ele>103</ele>
        <time>2026-08-16T02:55:35.000Z</time>
        <extensions>
          <ns3:TrackPointExtension>
            <ns3:hr>137</ns3:hr>
          </ns3:TrackPointExtension>
        </extensions>
      </trkpt>
      <trkpt lat="36.67402465827763080596923828125" lon="117.19497679732739925384521484375">
        <ele>103</ele>
        <time>2026-08-16T02:55:40.000Z</time>
        <extensions>
          <ns3:TrackPointExtension>
            <ns3:hr>136</ns3:hr>
          </ns3:TrackPointExtension>
        </extensions>
      </trkpt>
      <trkpt lat="36.67402499355375766754150390625" lon="117.1949790604412555694580078125">
        <ele>103.1999969482421875</ele>
        <time>2026-08-16T02:55:45.000Z</time>
        <extensions>
          <ns3:TrackPointExtension>
            <ns3:hr>133</ns3:hr>
          </ns3:TrackPointExtension>
        </extensions>
      </trkpt>
      <trkpt lat="36.67402063496410846710205078125" lon="117.19498216174542903900146484375">
        <ele>103</ele>
        <time>2026-08-16T02:55:55.000Z</time>
        <extensions>
          <ns3:TrackPointExtension>
            <ns3:hr>135</ns3:hr>
          </ns3:TrackPointExtension>
        </extensions>
      </trkpt>
      <trkpt lat="36.674012839794158935546875" lon="117.19499431550502777099609375">
        <ele>103.1999969482421875</ele>
        <time>2026-08-16T02:56:00.000Z</time>
        <extensions>
          <ns3:TrackPointExtension>
            <ns3:hr>136</ns3:hr>
          </ns3:TrackPointExtension>
        </extensions>
      </trkpt>
      <trkpt lat="36.6740073077380657196044921875" lon="117.195012085139751434326171875">
        <ele>103</ele>
        <time>2026-08-16T02:56:05.000Z</time>
        <extensions>
          <ns3:TrackPointExtension>
            <ns3:hr>136</ns3:hr>
          </ns3:TrackPointExtension>
        </extensions>
      </trkpt>
      <trkpt lat="36.67400772683322429656982421875" lon="117.19501040875911712646484375">
        <ele>103</ele>
        <time>2026-08-16T02:56:06.000Z</time>
        <extensions>
          <ns3:TrackPointExtension>
            <ns3:hr>136</ns3:hr>
          </ns3:TrackPointExtension>
        </extensions>
      </trkpt>
      <trkpt lat="36.674007810652256011962890625" lon="117.19501049257814884185791015625">
        <ele>103.40000152587890625</ele>
        <time>2026-08-16T02:56:11.000Z</time>
        <extensions>
          <ns3:TrackPointExtension>
            <ns3:hr>135</ns3:hr>
          </ns3:TrackPointExtension>
        </extensions>
      </trkpt>
      <trkpt lat="36.6740088164806365966796875" lon="117.1950062178075313568115234375">
        <ele>103.40000152587890625</ele>
        <time>2026-08-16T02:56:18.000Z</time>
        <extensions>
          <ns3:TrackPointExtension>
            <ns3:hr>134</ns3:hr>
          </ns3:TrackPointExtension>
        </extensions>
      </trkpt>
      <trkpt lat="36.6740096546709537506103515625" lon="117.19500177539885044097900390625">
        <ele>103.1999969482421875</ele>
        <time>2026-08-16T02:56:26.000Z</time>
        <extensions>
          <ns3:TrackPointExtension>
            <ns3:hr>132</ns3:hr>
          </ns3:TrackPointExtension>
        </extensions>
      </trkpt>
      <trkpt lat="36.67400973848998546600341796875" lon="117.19500093720853328704833984375">
        <ele>103.40000152587890625</ele>
        <time>2026-08-16T02:56:32.000Z</time>
        <extensions>
          <ns3:TrackPointExtension>
            <ns3:hr>132</ns3:hr>
          </ns3:TrackPointExtension>
        </extensions>
      </trkpt>
      <trkpt lat="36.67400839738547801971435546875" lon="117.19499967992305755615234375">
        <ele>103.40000152587890625</ele>
        <time>2026-08-16T02:56:40.000Z</time>
        <extensions>
          <ns3:TrackPointExtension>
            <ns3:hr>130</ns3:hr>
          </ns3:TrackPointExtension>
        </extensions>
      </trkpt>
      <trkpt lat="36.6740086488425731658935546875" lon="117.19499842263758182525634765625">
        <ele>103.1999969482421875</ele>
        <time>2026-08-16T02:56:52.000Z</time>
        <extensions>
          <ns3:TrackPointExtension>
            <ns3:hr>127</ns3:hr>
          </ns3:TrackPointExtension>
        </extensions>
      </trkpt>
      <trkpt lat="36.67401040904223918914794921875" lon="117.19499758444726467132568359375">
        <ele>103</ele>
        <time>2026-08-16T02:56:59.000Z</time>
        <extensions>
          <ns3:TrackPointExtension>
            <ns3:hr>126</ns3:hr>
          </ns3:TrackPointExtension>
        </extensions>
      </trkpt>
      <trkpt lat="36.6740079782903194427490234375" lon="117.1949981711804866790771484375">
        <ele>102.8000030517578125</ele>
        <time>2026-08-16T02:57:07.000Z</time>
        <extensions>
          <ns3:TrackPointExtension>
            <ns3:hr>127</ns3:hr>
          </ns3:TrackPointExtension>
        </extensions>
      </trkpt>
      <trkpt lat="36.673948131501674652099609375" lon="117.19501300714910030364990234375">
        <ele>102.59999847412109375</ele>
        <time>2026-08-16T02:57:12.000Z</time>
        <extensions>
          <ns3:TrackPointExtension>
            <ns3:hr>129</ns3:hr>
          </ns3:TrackPointExtension>
        </extensions>
      </trkpt>
      <trkpt lat="36.67381175793707370758056640625" lon="117.1950343810021877288818359375">
        <ele>103</ele>
        <time>2026-08-16T02:57:17.000Z</time>
        <extensions>
          <ns3:TrackPointExtension>
            <ns3:hr>131</ns3:hr>
          </ns3:TrackPointExtension>
        </extensions>
      </trkpt>
      <trkpt lat="36.67362685315310955047607421875" lon="117.1950571797788143157958984375">
        <ele>102.59999847412109375</ele>
        <time>2026-08-16T02:57:23.000Z</time>
        <extensions>
          <ns3:TrackPointExtension>
            <ns3:hr>130</ns3:hr>
          </ns3:TrackPointExtension>
        </extensions>
      </trkpt>
      <trkpt lat="36.67344111017882823944091796875" lon="117.19507955946028232574462890625">
        <ele>102.40000152587890625</ele>
        <time>2026-08-16T02:57:29.000Z</time>
        <extensions>
          <ns3:TrackPointExtension>
            <ns3:hr>129</ns3:hr>
          </ns3:TrackPointExtension>
        </extensions>
      </trkpt>
      <trkpt lat="36.67335427366197109222412109375" lon="117.195059023797512054443359375">
        <ele>102.59999847412109375</ele>
        <time>2026-08-16T02:57:34.000Z</time>
        <extensions>
          <ns3:TrackPointExtension>
            <ns3:hr>128</ns3:hr>
          </ns3:TrackPointExtension>
        </extensions>
      </trkpt>
      <trkpt lat="36.67334354482591152191162109375" lon="117.19503882341086864471435546875">
        <ele>102.59999847412109375</ele>
        <time>2026-08-16T02:57:35.000Z</time>
        <extensions>
          <ns3:TrackPointExtension>
            <ns3:hr>128</ns3:hr>
          </ns3:TrackPointExtension>
        </extensions>
      </trkpt>
      <trkpt lat="36.67331018485128879547119140625" lon="117.1949006058275699615478515625">
        <ele>102.8000030517578125</ele>
        <time>2026-08-16T02:57:40.000Z</time>
        <extensions>
          <ns3:TrackPointExtension>
            <ns3:hr>128</ns3:hr>
          </ns3:TrackPointExtension>
        </extensions>
      </trkpt>
      <trkpt lat="36.6732465662062168121337890625" lon="117.19478719867765903472900390625">
        <ele>103.40000152587890625</ele>
        <time>2026-08-16T02:57:45.000Z</time>
        <extensions>
          <ns3:TrackPointExtension>
            <ns3:hr>128</ns3:hr>
          </ns3:TrackPointExtension>
        </extensions>
      </trkpt>
      <trkpt lat="36.673238687217235565185546875" lon="117.19476574100553989410400390625">
        <ele>103.40000152587890625</ele>
        <time>2026-08-16T02:57:46.000Z</time>
        <extensions>
          <ns3:TrackPointExtension>
            <ns3:hr>128</ns3:hr>
          </ns3:TrackPointExtension>
        </extensions>
      </trkpt>
      <trkpt lat="36.6732363402843475341796875" lon="117.19470472075045108795166015625">
        <ele>103.40000152587890625</ele>
        <time>2026-08-16T02:57:49.000Z</time>
        <extensions>
          <ns3:TrackPointExtension>
            <ns3:hr>128</ns3:hr>
          </ns3:TrackPointExtension>
        </extensions>
      </trkpt>
      <trkpt lat="36.673191748559474945068359375" lon="117.194666750729084014892578125">
        <ele>103.40000152587890625</ele>
        <time>2026-08-16T02:57:55.000Z</time>
        <extensions>
          <ns3:TrackPointExtension>
            <ns3:hr>128</ns3:hr>
          </ns3:TrackPointExtension>
        </extensions>
      </trkpt>
      <trkpt lat="36.67318738996982574462890625" lon="117.19466029666364192962646484375">
        <ele>103.40000152587890625</ele>
        <time>2026-08-16T02:57:57.000Z</time>
        <extensions>
          <ns3:TrackPointExtension>
            <ns3:hr>129</ns3:hr>
          </ns3:TrackPointExtension>
        </extensions>
      </trkpt>
      <trkpt lat="36.67316459119319915771484375" lon="117.194657027721405029296875">
        <ele>103.40000152587890625</ele>
        <time>2026-08-16T02:58:00.000Z</time>
        <extensions>
          <ns3:TrackPointExtension>
            <ns3:hr>130</ns3:hr>
          </ns3:TrackPointExtension>
        </extensions>
      </trkpt>
      <trkpt lat="36.673121340572834014892578125" lon="117.19466130249202251434326171875">
        <ele>103.8000030517578125</ele>
        <time>2026-08-16T02:58:05.000Z</time>
        <extensions>
          <ns3:TrackPointExtension>
            <ns3:hr>133</ns3:hr>
          </ns3:TrackPointExtension>
        </extensions>
      </trkpt>
      <trkpt lat="36.6731137968599796295166015625" lon="117.19465442933142185211181640625">
        <ele>103.8000030517578125</ele>
        <time>2026-08-16T02:58:06.000Z</time>
        <extensions>
          <ns3:TrackPointExtension>
            <ns3:hr>134</ns3:hr>
          </ns3:TrackPointExtension>
        </extensions>
      </trkpt>
      <trkpt lat="36.673111617565155029296875" lon="117.19465560279786586761474609375">
        <ele>103.8000030517578125</ele>
        <time>2026-08-16T02:58:07.000Z</time>
        <extensions>
          <ns3:TrackPointExtension>
            <ns3:hr>133</ns3:hr>
          </ns3:TrackPointExtension>
        </extensions>
      </trkpt>
      <trkpt lat="36.6731037385761737823486328125" lon="117.1946632303297519683837890625">
        <ele>103.8000030517578125</ele>
        <time>2026-08-16T02:58:09.000Z</time>
        <extensions>
          <ns3:TrackPointExtension>
            <ns3:hr>133</ns3:hr>
          </ns3:TrackPointExtension>
        </extensions>
      </trkpt>
      <trkpt lat="36.67310130782425403594970703125" lon="117.1946706064045429229736328125">
        <ele>103.8000030517578125</ele>
        <time>2026-08-16T02:58:10.000Z</time>
        <extensions>
          <ns3:TrackPointExtension>
            <ns3:hr>134</ns3:hr>
          </ns3:TrackPointExtension>
        </extensions>
      </trkpt>
      <trkpt lat="36.6730970330536365509033203125" lon="117.19468711875379085540771484375">
        <ele>103.8000030517578125</ele>
        <time>2026-08-16T02:58:12.000Z</time>
        <extensions>
          <ns3:TrackPointExtension>
            <ns3:hr>132</ns3:hr>
          </ns3:TrackPointExtension>
        </extensions>
      </trkpt>
      <trkpt lat="36.67309745214879512786865234375" lon="117.1946937404572963714599609375">
        <ele>103.8000030517578125</ele>
        <time>2026-08-16T02:58:15.000Z</time>
        <extensions>
          <ns3:TrackPointExtension>
            <ns3:hr>132</ns3:hr>
          </ns3:TrackPointExtension>
        </extensions>
      </trkpt>
      <trkpt lat="36.67309409938752651214599609375" lon="117.19469667412340641021728515625">
        <ele>103.8000030517578125</ele>
        <time>2026-08-16T02:58:22.000Z</time>
        <extensions>
          <ns3:TrackPointExtension>
            <ns3:hr>130</ns3:hr>
          </ns3:TrackPointExtension>
        </extensions>
      </trkpt>
      <trkpt lat="36.67309292592108249664306640625" lon="117.19469332136213779449462890625">
        <ele>103.59999847412109375</ele>
        <time>2026-08-16T02:58:29.000Z</time>
        <extensions>
          <ns3:TrackPointExtension>
            <ns3:hr>131</ns3:hr>
          </ns3:TrackPointExtension>
        </extensions>
      </trkpt>
      <trkpt lat="36.673078425228595733642578125" lon="117.19468359835445880889892578125">
        <ele>104</ele>
        <time>2026-08-16T02:58:33.000Z</time>
        <extensions>
          <ns3:TrackPointExtension>
            <ns3:hr>132</ns3:hr>
          </ns3:TrackPointExtension>
        </extensions>
      </trkpt>
      <trkpt lat="36.673036515712738037109375" lon="117.19467722810804843902587890625">
        <ele>104.1999969482421875</ele>
        <time>2026-08-16T02:58:37.000Z</time>
        <extensions>
          <ns3:TrackPointExtension>
            <ns3:hr>132</ns3:hr>
          </ns3:TrackPointExtension>
        </extensions>
      </trkpt>
      <trkpt lat="36.672991253435611724853515625" lon="117.19468242488801479339599609375">
        <ele>104.40000152587890625</ele>
        <time>2026-08-16T02:58:41.000Z</time>
        <extensions>
          <ns3:TrackPointExtension>
            <ns3:hr>132</ns3:hr>
          </ns3:TrackPointExtension>
        </extensions>
      </trkpt>
      <trkpt lat="36.67292461730539798736572265625" lon="117.19467253424227237701416015625">
        <ele>104.8000030517578125</ele>
        <time>2026-08-16T02:58:46.000Z</time>
        <extensions>
          <ns3:TrackPointExtension>
            <ns3:hr>130</ns3:hr>
          </ns3:TrackPointExtension>
        </extensions>
      </trkpt>
      <trkpt lat="36.67290450073778629302978515625" lon="117.19467270188033580780029296875">
        <ele>104.8000030517578125</ele>
        <time>2026-08-16T02:58:48.000Z</time>
        <extensions>
          <ns3:TrackPointExtension>
            <ns3:hr>129</ns3:hr>
          </ns3:TrackPointExtension>
        </extensions>
      </trkpt>
      <trkpt lat="36.672872565686702728271484375" lon="117.19467069022357463836669921875">
        <ele>105</ele>
        <time>2026-08-16T02:58:51.000Z</time>
        <extensions>
          <ns3:TrackPointExtension>
            <ns3:hr>130</ns3:hr>
          </ns3:TrackPointExtension>
        </extensions>
      </trkpt>
      <trkpt lat="36.67282034642994403839111328125" lon="117.1946816705167293548583984375">
        <ele>105.1999969482421875</ele>
        <time>2026-08-16T02:58:56.000Z</time>
        <extensions>
          <ns3:TrackPointExtension>
            <ns3:hr>130</ns3:hr>
          </ns3:TrackPointExtension>
        </extensions>
      </trkpt>
      <trkpt lat="36.67278983630239963531494140625" lon="117.19468410126864910125732421875">
        <ele>105.1999969482421875</ele>
        <time>2026-08-16T02:59:00.000Z</time>
        <extensions>
          <ns3:TrackPointExtension>
            <ns3:hr>130</ns3:hr>
          </ns3:TrackPointExtension>
        </extensions>
      </trkpt>
      <trkpt lat="36.672752201557159423828125" lon="117.19467923976480960845947265625">
        <ele>105.40000152587890625</ele>
        <time>2026-08-16T02:59:04.000Z</time>
        <extensions>
          <ns3:TrackPointExtension>
            <ns3:hr>130</ns3:hr>
          </ns3:TrackPointExtension>
        </extensions>
      </trkpt>
      <trkpt lat="36.67274750769138336181640625" lon="117.1946682594716548919677734375">
        <ele>105.40000152587890625</ele>
        <time>2026-08-16T02:59:05.000Z</time>
        <extensions>
          <ns3:TrackPointExtension>
            <ns3:hr>130</ns3:hr>
          </ns3:TrackPointExtension>
        </extensions>
      </trkpt>
    </trkseg>
  </trk>
</gpx>
