<gpx xmlns:ns3="http://www.garmin.com/xmlschemas/TrackPointExtension/v1" xmlns="http://www.topografix.com/GPX/1/1" xmlns:xsi="http://www.w3.org/2001/XMLSchema-instance" xmlns:ns2="http://www.garmin.com/xmlschemas/GpxExtensions/v3" creator="Garmin Connect" version="1.1" xsi:schemaLocation="http://www.topografix.com/GPX/1/1 http://www.topografix.com/GPX/11.xsd">
  <extensions>
<distance>11090.54</distance>
<average_hr>135.0</average_hr>
<average_speed>3.9820001125335693</average_speed>
<start_time>2026-08-16T06:32:51+00:00</start_time>
<end_time>2026-08-16T07:19:15.832000+00:00</end_time>
<moving_time>2360.0</moving_time>
<elapsed_time>2784.832</elapsed_time>
</extensions>
<metadata>
    <link href="connect.garmin.com">
      <text>Garmin Connect</text>
    </link>
    <time>2026-08-16T06:32:51.000Z</time>
  </metadata>
  <trk>
    <name>济南市 追踪活动</name>
    <type>other</type>
    <trkseg>
      <trkpt lat="36.67359533719718456268310546875" lon="117.1963459812104701995849609375">
        <ele>109</ele>
        <time>2026-08-16T06:33:01.000Z</time>
        <extensions>
          <ns3:TrackPointExtension>
            <ns3:hr>128</ns3:hr>
          </ns3:TrackPointExtension>
        </extensions>
      </trkpt>
      <trkpt lat="36.67379465885460376739501953125" lon="117.196265347301959991455078125">
        <ele>109.40000152587890625</ele>
        <time>2026-08-16T06:33:05.000Z</time>
        <extensions>
          <ns3:TrackPointExtension>
            <ns3:hr>129</ns3:hr>
          </ns3:TrackPointExtension>
        </extensions>
      </trkpt>
      <trkpt lat="36.673943102359771728515625" lon="117.19627247191965579986572265625">
        <ele>109.40000152587890625</ele>
        <time>2026-08-16T06:33:07.000Z</time>
        <extensions>
          <ns3:TrackPointExtension>
            <ns3:hr>128</ns3:hr>
          </ns3:TrackPointExtension>
        </extensions>
      </trkpt>
      <trkpt lat="36.67424476705491542816162109375" lon="117.1962661854922771453857421875">
        <ele>109.40000152587890625</ele>
        <time>2026-08-16T06:33:12.000Z</time>
        <extensions>
          <ns3:TrackPointExtension>
            <ns3:hr>129</ns3:hr>
          </ns3:TrackPointExtension>
        </extensions>
      </trkpt>
      <trkpt lat="36.6742926277220249176025390625" lon="117.19625486992299556732177734375">
        <ele>109.1999969482421875</ele>
        <time>2026-08-16T06:33:13.000Z</time>
        <extensions>
          <ns3:TrackPointExtension>
            <ns3:hr>129</ns3:hr>
          </ns3:TrackPointExtension>
        </extensions>
      </trkpt>
      <trkpt lat="36.67459144257009029388427734375" lon="117.19623827375471591949462890625">
        <ele>108.40000152587890625</ele>
        <time>2026-08-16T06:33:19.000Z</time>
        <extensions>
          <ns3:TrackPointExtension>
            <ns3:hr>131</ns3:hr>
          </ns3:TrackPointExtension>
        </extensions>
      </trkpt>
      <trkpt lat="36.67482982389628887176513671875" lon="117.196248583495616912841796875">
        <ele>107.8000030517578125</ele>
        <time>2026-08-16T06:33:25.000Z</time>
        <extensions>
          <ns3:TrackPointExtension>
            <ns3:hr>130</ns3:hr>
          </ns3:TrackPointExtension>
        </extensions>
      </trkpt>
      <trkpt lat="36.67493845336139202117919921875" lon="117.19625252299010753631591796875">
        <ele>107.40000152587890625</ele>
        <time>2026-08-16T06:33:28.000Z</time>
        <extensions>
          <ns3:TrackPointExtension>
            <ns3:hr>130</ns3:hr>
          </ns3:TrackPointExtension>
        </extensions>
      </trkpt>
      <trkpt lat="36.67507507838308811187744140625" lon="117.196265347301959991455078125">
        <ele>107.40000152587890625</ele>
        <time>2026-08-16T06:33:31.000Z</time>
        <extensions>
          <ns3:TrackPointExtension>
            <ns3:hr>130</ns3:hr>
          </ns3:TrackPointExtension>
        </extensions>
      </trkpt>
      <trkpt lat="36.67538386769592761993408203125" lon="117.1961800195276737213134765625">
        <ele>106.8000030517578125</ele>
        <time>2026-08-16T06:33:37.000Z</time>
        <extensions>
          <ns3:TrackPointExtension>
            <ns3:hr>130</ns3:hr>
          </ns3:TrackPointExtension>
        </extensions>
      </trkpt>
      <trkpt lat="36.67544103227555751800537109375" lon="117.19618764705955982208251953125">
        <ele>106.59999847412109375</ele>
        <time>2026-08-16T06:33:38.000Z</time>
        <extensions>
          <ns3:TrackPointExtension>
            <ns3:hr>130</ns3:hr>
          </ns3:TrackPointExtension>
        </extensions>
      </trkpt>
      <trkpt lat="36.675659380853176116943359375" lon="117.19621446914970874786376953125">
        <ele>106.59999847412109375</ele>
        <time>2026-08-16T06:33:42.000Z</time>
        <extensions>
          <ns3:TrackPointExtension>
            <ns3:hr>131</ns3:hr>
          </ns3:TrackPointExtension>
        </extensions>
      </trkpt>
      <trkpt lat="36.675985269248485565185546875" lon="117.196309603750705718994140625">
        <ele>106.40000152587890625</ele>
        <time>2026-08-16T06:33:47.000Z</time>
        <extensions>
          <ns3:TrackPointExtension>
            <ns3:hr>130</ns3:hr>
          </ns3:TrackPointExtension>
        </extensions>
      </trkpt>
      <trkpt lat="36.67603832669556140899658203125" lon="117.196314632892608642578125">
        <ele>106.40000152587890625</ele>
        <time>2026-08-16T06:33:48.000Z</time>
        <extensions>
          <ns3:TrackPointExtension>
            <ns3:hr>131</ns3:hr>
          </ns3:TrackPointExtension>
        </extensions>
      </trkpt>
      <trkpt lat="36.6763468645513057708740234375" lon="117.19638110138475894927978515625">
        <ele>106.1999969482421875</ele>
        <time>2026-08-16T06:33:54.000Z</time>
        <extensions>
          <ns3:TrackPointExtension>
            <ns3:hr>133</ns3:hr>
          </ns3:TrackPointExtension>
        </extensions>
      </trkpt>
      <trkpt lat="36.6763961501419544219970703125" lon="117.1964019723236560821533203125">
        <ele>106</ele>
        <time>2026-08-16T06:33:55.000Z</time>
        <extensions>
          <ns3:TrackPointExtension>
            <ns3:hr>133</ns3:hr>
          </ns3:TrackPointExtension>
        </extensions>
      </trkpt>
      <trkpt lat="36.6765818931162357330322265625" lon="117.1964857913553714752197265625">
        <ele>106</ele>
        <time>2026-08-16T06:33:59.000Z</time>
        <extensions>
          <ns3:TrackPointExtension>
            <ns3:hr>132</ns3:hr>
          </ns3:TrackPointExtension>
        </extensions>
      </trkpt>
      <trkpt lat="36.6767210327088832855224609375" lon="117.19655209220945835113525390625">
        <ele>106</ele>
        <time>2026-08-16T06:34:02.000Z</time>
        <extensions>
          <ns3:TrackPointExtension>
            <ns3:hr>129</ns3:hr>
          </ns3:TrackPointExtension>
        </extensions>
      </trkpt>
      <trkpt lat="36.676906608045101165771484375" lon="117.1966302953660488128662109375">
        <ele>106</ele>
        <time>2026-08-16T06:34:06.000Z</time>
        <extensions>
          <ns3:TrackPointExtension>
            <ns3:hr>130</ns3:hr>
          </ns3:TrackPointExtension>
        </extensions>
      </trkpt>
      <trkpt lat="36.6771374456584453582763671875" lon="117.1967617236077785491943359375">
        <ele>105.59999847412109375</ele>
        <time>2026-08-16T06:34:11.000Z</time>
        <extensions>
          <ns3:TrackPointExtension>
            <ns3:hr>129</ns3:hr>
          </ns3:TrackPointExtension>
        </extensions>
      </trkpt>
      <trkpt lat="36.6773060895502567291259765625" lon="117.19685442745685577392578125">
        <ele>105.59999847412109375</ele>
        <time>2026-08-16T06:34:15.000Z</time>
        <extensions>
          <ns3:TrackPointExtension>
            <ns3:hr>128</ns3:hr>
          </ns3:TrackPointExtension>
        </extensions>
      </trkpt>
      <trkpt lat="36.67743843980133533477783203125" lon="117.1969343908131122589111328125">
        <ele>105.59999847412109375</ele>
        <time>2026-08-16T06:34:18.000Z</time>
        <extensions>
          <ns3:TrackPointExtension>
            <ns3:hr>126</ns3:hr>
          </ns3:TrackPointExtension>
        </extensions>
      </trkpt>
      <trkpt lat="36.67758948169648647308349609375" lon="117.1970101632177829742431640625">
        <ele>105.40000152587890625</ele>
        <time>2026-08-16T06:34:21.000Z</time>
        <extensions>
          <ns3:TrackPointExtension>
            <ns3:hr>126</ns3:hr>
          </ns3:TrackPointExtension>
        </extensions>
      </trkpt>
      <trkpt lat="36.67763859964907169342041015625" lon="117.1970332972705364227294921875">
        <ele>105.1999969482421875</ele>
        <time>2026-08-16T06:34:22.000Z</time>
        <extensions>
          <ns3:TrackPointExtension>
            <ns3:hr>126</ns3:hr>
          </ns3:TrackPointExtension>
        </extensions>
      </trkpt>
      <trkpt lat="36.6776879690587520599365234375" lon="117.19705265946686267852783203125">
        <ele>105.1999969482421875</ele>
        <time>2026-08-16T06:34:23.000Z</time>
        <extensions>
          <ns3:TrackPointExtension>
            <ns3:hr>126</ns3:hr>
          </ns3:TrackPointExtension>
        </extensions>
      </trkpt>
      <trkpt lat="36.67804361321032047271728515625" lon="117.19720889814198017120361328125">
        <ele>104.40000152587890625</ele>
        <time>2026-08-16T06:34:30.000Z</time>
        <extensions>
          <ns3:TrackPointExtension>
            <ns3:hr>126</ns3:hr>
          </ns3:TrackPointExtension>
        </extensions>
      </trkpt>
      <trkpt lat="36.6781984269618988037109375" lon="117.1972735226154327392578125">
        <ele>104.1999969482421875</ele>
        <time>2026-08-16T06:34:33.000Z</time>
        <extensions>
          <ns3:TrackPointExtension>
            <ns3:hr>125</ns3:hr>
          </ns3:TrackPointExtension>
        </extensions>
      </trkpt>
      <trkpt lat="36.67839833535254001617431640625" lon="117.19734200276434421539306640625">
        <ele>104</ele>
        <time>2026-08-16T06:34:37.000Z</time>
        <extensions>
          <ns3:TrackPointExtension>
            <ns3:hr>123</ns3:hr>
          </ns3:TrackPointExtension>
        </extensions>
      </trkpt>
      <trkpt lat="36.678591035306453704833984375" lon="117.19739112071692943572998046875">
        <ele>103.8000030517578125</ele>
        <time>2026-08-16T06:34:41.000Z</time>
        <extensions>
          <ns3:TrackPointExtension>
            <ns3:hr>121</ns3:hr>
          </ns3:TrackPointExtension>
        </extensions>
      </trkpt>
      <trkpt lat="36.67863923124969005584716796875" lon="117.197405286133289337158203125">
        <ele>103.59999847412109375</ele>
        <time>2026-08-16T06:34:42.000Z</time>
        <extensions>
          <ns3:TrackPointExtension>
            <ns3:hr>121</ns3:hr>
          </ns3:TrackPointExtension>
        </extensions>
      </trkpt>
      <trkpt lat="36.6790084540843963623046875" lon="117.19753210432827472686767578125">
        <ele>103.1999969482421875</ele>
        <time>2026-08-16T06:34:50.000Z</time>
        <extensions>
          <ns3:TrackPointExtension>
            <ns3:hr>119</ns3:hr>
          </ns3:TrackPointExtension>
        </extensions>
      </trkpt>
      <trkpt lat="36.67910157702863216400146484375" lon="117.19755649566650390625">
        <ele>103.1999969482421875</ele>
        <time>2026-08-16T06:34:52.000Z</time>
        <extensions>
          <ns3:TrackPointExtension>
            <ns3:hr>119</ns3:hr>
          </ns3:TrackPointExtension>
        </extensions>
      </trkpt>
      <trkpt lat="36.67937885038554668426513671875" lon="117.19762179069221019744873046875">
        <ele>102.8000030517578125</ele>
        <time>2026-08-16T06:34:58.000Z</time>
        <extensions>
          <ns3:TrackPointExtension>
            <ns3:hr>118</ns3:hr>
          </ns3:TrackPointExtension>
        </extensions>
      </trkpt>
      <trkpt lat="36.67960616759955883026123046875" lon="117.19767258502542972564697265625">
        <ele>102.59999847412109375</ele>
        <time>2026-08-16T06:35:03.000Z</time>
        <extensions>
          <ns3:TrackPointExtension>
            <ns3:hr>118</ns3:hr>
          </ns3:TrackPointExtension>
        </extensions>
      </trkpt>
      <trkpt lat="36.6796449758112430572509765625" lon="117.19768163748085498809814453125">
        <ele>102.8000030517578125</ele>
        <time>2026-08-16T06:35:04.000Z</time>
        <extensions>
          <ns3:TrackPointExtension>
            <ns3:hr>118</ns3:hr>
          </ns3:TrackPointExtension>
        </extensions>
      </trkpt>
      <trkpt lat="36.6798156313598155975341796875" lon="117.1977145783603191375732421875">
        <ele>102.8000030517578125</ele>
        <time>2026-08-16T06:35:08.000Z</time>
        <extensions>
          <ns3:TrackPointExtension>
            <ns3:hr>116</ns3:hr>
          </ns3:TrackPointExtension>
        </extensions>
      </trkpt>
      <trkpt lat="36.6799004562199115753173828125" lon="117.19773016870021820068359375">
        <ele>102.59999847412109375</ele>
        <time>2026-08-16T06:35:10.000Z</time>
        <extensions>
          <ns3:TrackPointExtension>
            <ns3:hr>116</ns3:hr>
          </ns3:TrackPointExtension>
        </extensions>
      </trkpt>
      <trkpt lat="36.6800654120743274688720703125" lon="117.19774852506816387176513671875">
        <ele>102.1999969482421875</ele>
        <time>2026-08-16T06:35:14.000Z</time>
        <extensions>
          <ns3:TrackPointExtension>
            <ns3:hr>116</ns3:hr>
          </ns3:TrackPointExtension>
        </extensions>
      </trkpt>
      <trkpt lat="36.68018435128033161163330078125" lon="117.19776277430355548858642578125">
        <ele>102.1999969482421875</ele>
        <time>2026-08-16T06:35:17.000Z</time>
        <extensions>
          <ns3:TrackPointExtension>
            <ns3:hr>115</ns3:hr>
          </ns3:TrackPointExtension>
        </extensions>
      </trkpt>
      <trkpt lat="36.68030387721955776214599609375" lon="117.19777367077767848968505859375">
        <ele>102</ele>
        <time>2026-08-16T06:35:20.000Z</time>
        <extensions>
          <ns3:TrackPointExtension>
            <ns3:hr>116</ns3:hr>
          </ns3:TrackPointExtension>
        </extensions>
      </trkpt>
      <trkpt lat="36.680416949093341827392578125" lon="117.19777015037834644317626953125">
        <ele>102</ele>
        <time>2026-08-16T06:35:23.000Z</time>
        <extensions>
          <ns3:TrackPointExtension>
            <ns3:hr>116</ns3:hr>
          </ns3:TrackPointExtension>
        </extensions>
      </trkpt>
      <trkpt lat="36.6805780492722988128662109375" lon="117.19776428304612636566162109375">
        <ele>101.59999847412109375</ele>
        <time>2026-08-16T06:35:27.000Z</time>
        <extensions>
          <ns3:TrackPointExtension>
            <ns3:hr>116</ns3:hr>
          </ns3:TrackPointExtension>
        </extensions>
      </trkpt>
      <trkpt lat="36.6807921230792999267578125" lon="117.19774550758302211761474609375">
        <ele>101.40000152587890625</ele>
        <time>2026-08-16T06:35:32.000Z</time>
        <extensions>
          <ns3:TrackPointExtension>
            <ns3:hr>116</ns3:hr>
          </ns3:TrackPointExtension>
        </extensions>
      </trkpt>
      <trkpt lat="36.68083730153739452362060546875" lon="117.19773880206048488616943359375">
        <ele>101.1999969482421875</ele>
        <time>2026-08-16T06:35:33.000Z</time>
        <extensions>
          <ns3:TrackPointExtension>
            <ns3:hr>115</ns3:hr>
          </ns3:TrackPointExtension>
        </extensions>
      </trkpt>
      <trkpt lat="36.68088139034807682037353515625" lon="117.1977343596518039703369140625">
        <ele>101.1999969482421875</ele>
        <time>2026-08-16T06:35:34.000Z</time>
        <extensions>
          <ns3:TrackPointExtension>
            <ns3:hr>116</ns3:hr>
          </ns3:TrackPointExtension>
        </extensions>
      </trkpt>
      <trkpt lat="36.68092380277812480926513671875" lon="117.1977326832711696624755859375">
        <ele>101</ele>
        <time>2026-08-16T06:35:35.000Z</time>
        <extensions>
          <ns3:TrackPointExtension>
            <ns3:hr>116</ns3:hr>
          </ns3:TrackPointExtension>
        </extensions>
      </trkpt>
      <trkpt lat="36.68100946582853794097900390625" lon="117.19774760305881500244140625">
        <ele>101</ele>
        <time>2026-08-16T06:35:37.000Z</time>
        <extensions>
          <ns3:TrackPointExtension>
            <ns3:hr>115</ns3:hr>
          </ns3:TrackPointExtension>
        </extensions>
      </trkpt>
      <trkpt lat="36.68104894459247589111328125" lon="117.19774869270622730255126953125">
        <ele>100.8000030517578125</ele>
        <time>2026-08-16T06:35:38.000Z</time>
        <extensions>
          <ns3:TrackPointExtension>
            <ns3:hr>115</ns3:hr>
          </ns3:TrackPointExtension>
        </extensions>
      </trkpt>
      <trkpt lat="36.68120275251567363739013671875" lon="117.197749949991703033447265625">
        <ele>100.8000030517578125</ele>
        <time>2026-08-16T06:35:42.000Z</time>
        <extensions>
          <ns3:TrackPointExtension>
            <ns3:hr>113</ns3:hr>
          </ns3:TrackPointExtension>
        </extensions>
      </trkpt>
      <trkpt lat="36.681454293429851531982421875" lon="117.1977363713085651397705078125">
        <ele>100.40000152587890625</ele>
        <time>2026-08-16T06:35:48.000Z</time>
        <extensions>
          <ns3:TrackPointExtension>
            <ns3:hr>114</ns3:hr>
          </ns3:TrackPointExtension>
        </extensions>
      </trkpt>
      <trkpt lat="36.681666858494281768798828125" lon="117.19772614538669586181640625">
        <ele>100.1999969482421875</ele>
        <time>2026-08-16T06:35:53.000Z</time>
        <extensions>
          <ns3:TrackPointExtension>
            <ns3:hr>114</ns3:hr>
          </ns3:TrackPointExtension>
        </extensions>
      </trkpt>
      <trkpt lat="36.6819342412054538726806640625" lon="117.1977048553526401519775390625">
        <ele>100.1999969482421875</ele>
        <time>2026-08-16T06:35:59.000Z</time>
        <extensions>
          <ns3:TrackPointExtension>
            <ns3:hr>117</ns3:hr>
          </ns3:TrackPointExtension>
        </extensions>
      </trkpt>
      <trkpt lat="36.681982018053531646728515625" lon="117.197703011333942413330078125">
        <ele>100</ele>
        <time>2026-08-16T06:36:00.000Z</time>
        <extensions>
          <ns3:TrackPointExtension>
            <ns3:hr>120</ns3:hr>
          </ns3:TrackPointExtension>
        </extensions>
      </trkpt>
      <trkpt lat="36.68202082626521587371826171875" lon="117.19769706018269062042236328125">
        <ele>100</ele>
        <time>2026-08-16T06:36:01.000Z</time>
        <extensions>
          <ns3:TrackPointExtension>
            <ns3:hr>120</ns3:hr>
          </ns3:TrackPointExtension>
        </extensions>
      </trkpt>
      <trkpt lat="36.68218762613832950592041015625" lon="117.1976652927696704864501953125">
        <ele>100</ele>
        <time>2026-08-16T06:36:05.000Z</time>
        <extensions>
          <ns3:TrackPointExtension>
            <ns3:hr>118</ns3:hr>
          </ns3:TrackPointExtension>
        </extensions>
      </trkpt>
      <trkpt lat="36.68227798305451869964599609375" lon="117.197651378810405731201171875">
        <ele>100.1999969482421875</ele>
        <time>2026-08-16T06:36:07.000Z</time>
        <extensions>
          <ns3:TrackPointExtension>
            <ns3:hr>118</ns3:hr>
          </ns3:TrackPointExtension>
        </extensions>
      </trkpt>
      <trkpt lat="36.68255458585917949676513671875" lon="117.19761215150356292724609375">
        <ele>99.8000030517578125</ele>
        <time>2026-08-16T06:36:13.000Z</time>
        <extensions>
          <ns3:TrackPointExtension>
            <ns3:hr>120</ns3:hr>
          </ns3:TrackPointExtension>
        </extensions>
      </trkpt>
      <trkpt lat="36.68282867409288883209228515625" lon="117.19756647013127803802490234375">
        <ele>99.40000152587890625</ele>
        <time>2026-08-16T06:36:19.000Z</time>
        <extensions>
          <ns3:TrackPointExtension>
            <ns3:hr>120</ns3:hr>
          </ns3:TrackPointExtension>
        </extensions>
      </trkpt>
      <trkpt lat="36.68295842595398426055908203125" lon="117.19754903577268123626708984375">
        <ele>99.1999969482421875</ele>
        <time>2026-08-16T06:36:22.000Z</time>
        <extensions>
          <ns3:TrackPointExtension>
            <ns3:hr>119</ns3:hr>
          </ns3:TrackPointExtension>
        </extensions>
      </trkpt>
      <trkpt lat="36.68304475955665111541748046875" lon="117.19753663055598735809326171875">
        <ele>99.1999969482421875</ele>
        <time>2026-08-16T06:36:24.000Z</time>
        <extensions>
          <ns3:TrackPointExtension>
            <ns3:hr>117</ns3:hr>
          </ns3:TrackPointExtension>
        </extensions>
      </trkpt>
      <trkpt lat="36.68311432935297489166259765625" lon="117.19752858392894268035888671875">
        <ele>99</ele>
        <time>2026-08-16T06:36:26.000Z</time>
        <extensions>
          <ns3:TrackPointExtension>
            <ns3:hr>114</ns3:hr>
          </ns3:TrackPointExtension>
        </extensions>
      </trkpt>
      <trkpt lat="36.68318943120539188385009765625" lon="117.1975093893706798553466796875">
        <ele>98.8000030517578125</ele>
        <time>2026-08-16T06:36:28.000Z</time>
        <extensions>
          <ns3:TrackPointExtension>
            <ns3:hr>112</ns3:hr>
          </ns3:TrackPointExtension>
        </extensions>
      </trkpt>
      <trkpt lat="36.68330275453627109527587890625" lon="117.197489440441131591796875">
        <ele>98.59999847412109375</ele>
        <time>2026-08-16T06:36:31.000Z</time>
        <extensions>
          <ns3:TrackPointExtension>
            <ns3:hr>115</ns3:hr>
          </ns3:TrackPointExtension>
        </extensions>
      </trkpt>
      <trkpt lat="36.68333393521606922149658203125" lon="117.19747804105281829833984375">
        <ele>98.59999847412109375</ele>
        <time>2026-08-16T06:36:32.000Z</time>
        <extensions>
          <ns3:TrackPointExtension>
            <ns3:hr>119</ns3:hr>
          </ns3:TrackPointExtension>
        </extensions>
      </trkpt>
      <trkpt lat="36.68338053859770298004150390625" lon="117.19747108407318592071533203125">
        <ele>98.59999847412109375</ele>
        <time>2026-08-16T06:36:33.000Z</time>
        <extensions>
          <ns3:TrackPointExtension>
            <ns3:hr>121</ns3:hr>
          </ns3:TrackPointExtension>
        </extensions>
      </trkpt>
      <trkpt lat="36.6835016570985317230224609375" lon="117.19744526781141757965087890625">
        <ele>98.59999847412109375</ele>
        <time>2026-08-16T06:36:36.000Z</time>
        <extensions>
          <ns3:TrackPointExtension>
            <ns3:hr>122</ns3:hr>
          </ns3:TrackPointExtension>
        </extensions>
      </trkpt>
      <trkpt lat="36.683711707592010498046875" lon="117.19738743267953395843505859375">
        <ele>98.59999847412109375</ele>
        <time>2026-08-16T06:36:42.000Z</time>
        <extensions>
          <ns3:TrackPointExtension>
            <ns3:hr>118</ns3:hr>
          </ns3:TrackPointExtension>
        </extensions>
      </trkpt>
      <trkpt lat="36.68389250524342060089111328125" lon="117.19735457561910152435302734375">
        <ele>98.1999969482421875</ele>
        <time>2026-08-16T06:36:46.000Z</time>
        <extensions>
          <ns3:TrackPointExtension>
            <ns3:hr>122</ns3:hr>
          </ns3:TrackPointExtension>
        </extensions>
      </trkpt>
      <trkpt lat="36.68394782580435276031494140625" lon="117.197348959743976593017578125">
        <ele>98.1999969482421875</ele>
        <time>2026-08-16T06:36:47.000Z</time>
        <extensions>
          <ns3:TrackPointExtension>
            <ns3:hr>123</ns3:hr>
          </ns3:TrackPointExtension>
        </extensions>
      </trkpt>
      <trkpt lat="36.684091575443744659423828125" lon="117.197326831519603729248046875">
        <ele>98.1999969482421875</ele>
        <time>2026-08-16T06:36:50.000Z</time>
        <extensions>
          <ns3:TrackPointExtension>
            <ns3:hr>124</ns3:hr>
          </ns3:TrackPointExtension>
        </extensions>
      </trkpt>
      <trkpt lat="36.6841919906437397003173828125" lon="117.1973236463963985443115234375">
        <ele>98</ele>
        <time>2026-08-16T06:36:52.000Z</time>
        <extensions>
          <ns3:TrackPointExtension>
            <ns3:hr>122</ns3:hr>
          </ns3:TrackPointExtension>
        </extensions>
      </trkpt>
      <trkpt lat="36.6842858679592609405517578125" lon="117.1973202936351299285888671875">
        <ele>98</ele>
        <time>2026-08-16T06:36:54.000Z</time>
        <extensions>
          <ns3:TrackPointExtension>
            <ns3:hr>122</ns3:hr>
          </ns3:TrackPointExtension>
        </extensions>
      </trkpt>
      <trkpt lat="36.68437647633254528045654296875" lon="117.1973394043743610382080078125">
        <ele>98</ele>
        <time>2026-08-16T06:36:56.000Z</time>
        <extensions>
          <ns3:TrackPointExtension>
            <ns3:hr>121</ns3:hr>
          </ns3:TrackPointExtension>
        </extensions>
      </trkpt>
      <trkpt lat="36.68442182242870330810546875" lon="117.197356335818767547607421875">
        <ele>98</ele>
        <time>2026-08-16T06:36:57.000Z</time>
        <extensions>
          <ns3:TrackPointExtension>
            <ns3:hr>120</ns3:hr>
          </ns3:TrackPointExtension>
        </extensions>
      </trkpt>
      <trkpt lat="36.68458987958729267120361328125" lon="117.197389192879199981689453125">
        <ele>97.8000030517578125</ele>
        <time>2026-08-16T06:37:01.000Z</time>
        <extensions>
          <ns3:TrackPointExtension>
            <ns3:hr>120</ns3:hr>
          </ns3:TrackPointExtension>
        </extensions>
      </trkpt>
      <trkpt lat="36.68467990122735500335693359375" lon="117.19742565415799617767333984375">
        <ele>97.59999847412109375</ele>
        <time>2026-08-16T06:37:03.000Z</time>
        <extensions>
          <ns3:TrackPointExtension>
            <ns3:hr>119</ns3:hr>
          </ns3:TrackPointExtension>
        </extensions>
      </trkpt>
      <trkpt lat="36.6848498024046421051025390625" lon="117.1974647976458072662353515625">
        <ele>97.59999847412109375</ele>
        <time>2026-08-16T06:37:07.000Z</time>
        <extensions>
          <ns3:TrackPointExtension>
            <ns3:hr>119</ns3:hr>
          </ns3:TrackPointExtension>
        </extensions>
      </trkpt>
      <trkpt lat="36.68490193784236907958984375" lon="117.1974661387503147125244140625">
        <ele>97.59999847412109375</ele>
        <time>2026-08-16T06:37:09.000Z</time>
        <extensions>
          <ns3:TrackPointExtension>
            <ns3:hr>119</ns3:hr>
          </ns3:TrackPointExtension>
        </extensions>
      </trkpt>
      <trkpt lat="36.68503982014954090118408203125" lon="117.197513245046138763427734375">
        <ele>97.40000152587890625</ele>
        <time>2026-08-16T06:37:13.000Z</time>
        <extensions>
          <ns3:TrackPointExtension>
            <ns3:hr>118</ns3:hr>
          </ns3:TrackPointExtension>
        </extensions>
      </trkpt>
      <trkpt lat="36.68518432416021823883056640625" lon="117.19760469160974025726318359375">
        <ele>97.40000152587890625</ele>
        <time>2026-08-16T06:37:17.000Z</time>
        <extensions>
          <ns3:TrackPointExtension>
            <ns3:hr>120</ns3:hr>
          </ns3:TrackPointExtension>
        </extensions>
      </trkpt>
      <trkpt lat="36.68536084704101085662841796875" lon="117.19767509959638118743896484375">
        <ele>97.40000152587890625</ele>
        <time>2026-08-16T06:37:22.000Z</time>
        <extensions>
          <ns3:TrackPointExtension>
            <ns3:hr>122</ns3:hr>
          </ns3:TrackPointExtension>
        </extensions>
      </trkpt>
      <trkpt lat="36.68554105795919895172119140625" lon="117.197736203670501708984375">
        <ele>97.1999969482421875</ele>
        <time>2026-08-16T06:37:27.000Z</time>
        <extensions>
          <ns3:TrackPointExtension>
            <ns3:hr>122</ns3:hr>
          </ns3:TrackPointExtension>
        </extensions>
      </trkpt>
      <trkpt lat="36.68577826581895351409912109375" lon="117.19782848842442035675048828125">
        <ele>97</ele>
        <time>2026-08-16T06:37:33.000Z</time>
        <extensions>
          <ns3:TrackPointExtension>
            <ns3:hr>122</ns3:hr>
          </ns3:TrackPointExtension>
        </extensions>
      </trkpt>
      <trkpt lat="36.68582101352512836456298828125" lon="117.19784257002174854278564453125">
        <ele>96.8000030517578125</ele>
        <time>2026-08-16T06:37:34.000Z</time>
        <extensions>
          <ns3:TrackPointExtension>
            <ns3:hr>122</ns3:hr>
          </ns3:TrackPointExtension>
        </extensions>
      </trkpt>
      <trkpt lat="36.6859446465969085693359375" lon="117.19789034686982631683349609375">
        <ele>96.8000030517578125</ele>
        <time>2026-08-16T06:37:37.000Z</time>
        <extensions>
          <ns3:TrackPointExtension>
            <ns3:hr>122</ns3:hr>
          </ns3:TrackPointExtension>
        </extensions>
      </trkpt>
      <trkpt lat="36.6859786771237850189208984375" lon="117.197913229465484619140625">
        <ele>96.8000030517578125</ele>
        <time>2026-08-16T06:37:38.000Z</time>
        <extensions>
          <ns3:TrackPointExtension>
            <ns3:hr>122</ns3:hr>
          </ns3:TrackPointExtension>
        </extensions>
      </trkpt>
      <trkpt lat="36.68609082698822021484375" lon="117.19796754419803619384765625">
        <ele>96.59999847412109375</ele>
        <time>2026-08-16T06:37:41.000Z</time>
        <extensions>
          <ns3:TrackPointExtension>
            <ns3:hr>118</ns3:hr>
          </ns3:TrackPointExtension>
        </extensions>
      </trkpt>
      <trkpt lat="36.68624044395983219146728515625" lon="117.19802797771990299224853515625">
        <ele>96.59999847412109375</ele>
        <time>2026-08-16T06:37:45.000Z</time>
        <extensions>
          <ns3:TrackPointExtension>
            <ns3:hr>120</ns3:hr>
          </ns3:TrackPointExtension>
        </extensions>
      </trkpt>
      <trkpt lat="36.68646021746098995208740234375" lon="117.198114059865474700927734375">
        <ele>96.40000152587890625</ele>
        <time>2026-08-16T06:37:50.000Z</time>
        <extensions>
          <ns3:TrackPointExtension>
            <ns3:hr>122</ns3:hr>
          </ns3:TrackPointExtension>
        </extensions>
      </trkpt>
      <trkpt lat="36.686500199139118194580078125" lon="117.19812101684510707855224609375">
        <ele>96.40000152587890625</ele>
        <time>2026-08-16T06:37:51.000Z</time>
        <extensions>
          <ns3:TrackPointExtension>
            <ns3:hr>122</ns3:hr>
          </ns3:TrackPointExtension>
        </extensions>
      </trkpt>
      <trkpt lat="36.686541773378849029541015625" lon="117.19813610427081584930419921875">
        <ele>96.1999969482421875</ele>
        <time>2026-08-16T06:37:53.000Z</time>
        <extensions>
          <ns3:TrackPointExtension>
            <ns3:hr>121</ns3:hr>
          </ns3:TrackPointExtension>
        </extensions>
      </trkpt>
      <trkpt lat="36.68661058880388736724853515625" lon="117.19813912175595760345458984375">
        <ele>96</ele>
        <time>2026-08-16T06:37:56.000Z</time>
        <extensions>
          <ns3:TrackPointExtension>
            <ns3:hr>120</ns3:hr>
          </ns3:TrackPointExtension>
        </extensions>
      </trkpt>
      <trkpt lat="36.68661997653543949127197265625" lon="117.19815538264811038970947265625">
        <ele>96</ele>
        <time>2026-08-16T06:37:57.000Z</time>
        <extensions>
          <ns3:TrackPointExtension>
            <ns3:hr>120</ns3:hr>
          </ns3:TrackPointExtension>
        </extensions>
      </trkpt>
      <trkpt lat="36.6867625527083873748779296875" lon="117.1982034109532833099365234375">
        <ele>96.1999969482421875</ele>
        <time>2026-08-16T06:38:02.000Z</time>
        <extensions>
          <ns3:TrackPointExtension>
            <ns3:hr>120</ns3:hr>
          </ns3:TrackPointExtension>
        </extensions>
      </trkpt>
      <trkpt lat="36.68688274919986724853515625" lon="117.1982449851930141448974609375">
        <ele>96</ele>
        <time>2026-08-16T06:38:05.000Z</time>
        <extensions>
          <ns3:TrackPointExtension>
            <ns3:hr>123</ns3:hr>
          </ns3:TrackPointExtension>
        </extensions>
      </trkpt>
      <trkpt lat="36.686957515776157379150390625" lon="117.1982728131115436553955078125">
        <ele>96</ele>
        <time>2026-08-16T06:38:07.000Z</time>
        <extensions>
          <ns3:TrackPointExtension>
            <ns3:hr>123</ns3:hr>
          </ns3:TrackPointExtension>
        </extensions>
      </trkpt>
      <trkpt lat="36.68708349578082561492919921875" lon="117.19829284586012363433837890625">
        <ele>95.8000030517578125</ele>
        <time>2026-08-16T06:38:10.000Z</time>
        <extensions>
          <ns3:TrackPointExtension>
            <ns3:hr>122</ns3:hr>
          </ns3:TrackPointExtension>
        </extensions>
      </trkpt>
      <trkpt lat="36.6871705837547779083251953125" lon="117.19829737208783626556396484375">
        <ele>95.8000030517578125</ele>
        <time>2026-08-16T06:38:12.000Z</time>
        <extensions>
          <ns3:TrackPointExtension>
            <ns3:hr>122</ns3:hr>
          </ns3:TrackPointExtension>
        </extensions>
      </trkpt>
      <trkpt lat="36.68737091124057769775390625" lon="117.19831799156963825225830078125">
        <ele>95.8000030517578125</ele>
        <time>2026-08-16T06:38:16.000Z</time>
        <extensions>
          <ns3:TrackPointExtension>
            <ns3:hr>122</ns3:hr>
          </ns3:TrackPointExtension>
        </extensions>
      </trkpt>
      <trkpt lat="36.6874797083437442779541015625" lon="117.198312543332576751708984375">
        <ele>95.8000030517578125</ele>
        <time>2026-08-16T06:38:18.000Z</time>
        <extensions>
          <ns3:TrackPointExtension>
            <ns3:hr>122</ns3:hr>
          </ns3:TrackPointExtension>
        </extensions>
      </trkpt>
      <trkpt lat="36.68758003972470760345458984375" lon="117.19831514172255992889404296875">
        <ele>95.8000030517578125</ele>
        <time>2026-08-16T06:38:20.000Z</time>
        <extensions>
          <ns3:TrackPointExtension>
            <ns3:hr>123</ns3:hr>
          </ns3:TrackPointExtension>
        </extensions>
      </trkpt>
      <trkpt lat="36.68787181377410888671875" lon="117.19826795160770416259765625">
        <ele>95.40000152587890625</ele>
        <time>2026-08-16T06:38:26.000Z</time>
        <extensions>
          <ns3:TrackPointExtension>
            <ns3:hr>123</ns3:hr>
          </ns3:TrackPointExtension>
        </extensions>
      </trkpt>
      <trkpt lat="36.68797013349831104278564453125" lon="117.19825060106813907623291015625">
        <ele>95.40000152587890625</ele>
        <time>2026-08-16T06:38:28.000Z</time>
        <extensions>
          <ns3:TrackPointExtension>
            <ns3:hr>120</ns3:hr>
          </ns3:TrackPointExtension>
        </extensions>
      </trkpt>
      <trkpt lat="36.68802000582218170166015625" lon="117.1982547082006931304931640625">
        <ele>95.40000152587890625</ele>
        <time>2026-08-16T06:38:29.000Z</time>
        <extensions>
          <ns3:TrackPointExtension>
            <ns3:hr>120</ns3:hr>
          </ns3:TrackPointExtension>
        </extensions>
      </trkpt>
      <trkpt lat="36.6880697943270206451416015625" lon="117.198248170316219329833984375">
        <ele>95.40000152587890625</ele>
        <time>2026-08-16T06:38:30.000Z</time>
        <extensions>
          <ns3:TrackPointExtension>
            <ns3:hr>120</ns3:hr>
          </ns3:TrackPointExtension>
        </extensions>
      </trkpt>
      <trkpt lat="36.68810541741549968719482421875" lon="117.19823081977665424346923828125">
        <ele>95.1999969482421875</ele>
        <time>2026-08-16T06:38:31.000Z</time>
        <extensions>
          <ns3:TrackPointExtension>
            <ns3:hr>121</ns3:hr>
          </ns3:TrackPointExtension>
        </extensions>
      </trkpt>
      <trkpt lat="36.6881710477173328399658203125" lon="117.19820550642907619476318359375">
        <ele>95.1999969482421875</ele>
        <time>2026-08-16T06:38:33.000Z</time>
        <extensions>
          <ns3:TrackPointExtension>
            <ns3:hr>121</ns3:hr>
          </ns3:TrackPointExtension>
        </extensions>
      </trkpt>
      <trkpt lat="36.68823994696140289306640625" lon="117.19819293357431888580322265625">
        <ele>95.1999969482421875</ele>
        <time>2026-08-16T06:38:35.000Z</time>
        <extensions>
          <ns3:TrackPointExtension>
            <ns3:hr>121</ns3:hr>
          </ns3:TrackPointExtension>
        </extensions>
      </trkpt>
      <trkpt lat="36.688352264463901519775390625" lon="117.198179773986339569091796875">
        <ele>95.40000152587890625</ele>
        <time>2026-08-16T06:38:38.000Z</time>
        <extensions>
          <ns3:TrackPointExtension>
            <ns3:hr>122</ns3:hr>
          </ns3:TrackPointExtension>
        </extensions>
      </trkpt>
      <trkpt lat="36.68842342682182788848876953125" lon="117.19824154861271381378173828125">
        <ele>95.59999847412109375</ele>
        <time>2026-08-16T06:38:40.000Z</time>
        <extensions>
          <ns3:TrackPointExtension>
            <ns3:hr>122</ns3:hr>
          </ns3:TrackPointExtension>
        </extensions>
      </trkpt>
      <trkpt lat="36.68845578096807003021240234375" lon="117.1982873976230621337890625">
        <ele>95.59999847412109375</ele>
        <time>2026-08-16T06:38:41.000Z</time>
        <extensions>
          <ns3:TrackPointExtension>
            <ns3:hr>122</ns3:hr>
          </ns3:TrackPointExtension>
        </extensions>
      </trkpt>
      <trkpt lat="36.68852870352566242218017578125" lon="117.19843030907213687896728515625">
        <ele>95.40000152587890625</ele>
        <time>2026-08-16T06:38:44.000Z</time>
        <extensions>
          <ns3:TrackPointExtension>
            <ns3:hr>122</ns3:hr>
          </ns3:TrackPointExtension>
        </extensions>
      </trkpt>
      <trkpt lat="36.6885837726294994354248046875" lon="117.19857246614992618560791015625">
        <ele>95.1999969482421875</ele>
        <time>2026-08-16T06:38:47.000Z</time>
        <extensions>
          <ns3:TrackPointExtension>
            <ns3:hr>122</ns3:hr>
          </ns3:TrackPointExtension>
        </extensions>
      </trkpt>
      <trkpt lat="36.68864437378942966461181640625" lon="117.198718227446079254150390625">
        <ele>95.1999969482421875</ele>
        <time>2026-08-16T06:38:50.000Z</time>
        <extensions>
          <ns3:TrackPointExtension>
            <ns3:hr>122</ns3:hr>
          </ns3:TrackPointExtension>
        </extensions>
      </trkpt>
      <trkpt lat="36.68874294497072696685791015625" lon="117.198964655399322509765625">
        <ele>95.40000152587890625</ele>
        <time>2026-08-16T06:38:55.000Z</time>
        <extensions>
          <ns3:TrackPointExtension>
            <ns3:hr>122</ns3:hr>
          </ns3:TrackPointExtension>
        </extensions>
      </trkpt>
      <trkpt lat="36.68887940235435962677001953125" lon="117.19926171004772186279296875">
        <ele>95</ele>
        <time>2026-08-16T06:39:01.000Z</time>
        <extensions>
          <ns3:TrackPointExtension>
            <ns3:hr>124</ns3:hr>
          </ns3:TrackPointExtension>
        </extensions>
      </trkpt>
      <trkpt lat="36.68892483226954936981201171875" lon="117.1993611194193363189697265625">
        <ele>95</ele>
        <time>2026-08-16T06:39:03.000Z</time>
        <extensions>
          <ns3:TrackPointExtension>
            <ns3:hr>129</ns3:hr>
          </ns3:TrackPointExtension>
        </extensions>
      </trkpt>
      <trkpt lat="36.68896741233766078948974609375" lon="117.1994503028690814971923828125">
        <ele>95</ele>
        <time>2026-08-16T06:39:05.000Z</time>
        <extensions>
          <ns3:TrackPointExtension>
            <ns3:hr>130</ns3:hr>
          </ns3:TrackPointExtension>
        </extensions>
      </trkpt>
      <trkpt lat="36.68901451863348484039306640625" lon="117.19953663647174835205078125">
        <ele>94.8000030517578125</ele>
        <time>2026-08-16T06:39:07.000Z</time>
        <extensions>
          <ns3:TrackPointExtension>
            <ns3:hr>130</ns3:hr>
          </ns3:TrackPointExtension>
        </extensions>
      </trkpt>
      <trkpt lat="36.689063049852848052978515625" lon="117.19961500726640224456787109375">
        <ele>94.59999847412109375</ele>
        <time>2026-08-16T06:39:09.000Z</time>
        <extensions>
          <ns3:TrackPointExtension>
            <ns3:hr>130</ns3:hr>
          </ns3:TrackPointExtension>
        </extensions>
      </trkpt>
      <trkpt lat="36.68915986083447933197021484375" lon="117.19981717877089977264404296875">
        <ele>94.59999847412109375</ele>
        <time>2026-08-16T06:39:13.000Z</time>
        <extensions>
          <ns3:TrackPointExtension>
            <ns3:hr>127</ns3:hr>
          </ns3:TrackPointExtension>
        </extensions>
      </trkpt>
      <trkpt lat="36.68923680670559406280517578125" lon="117.1999852359294891357421875">
        <ele>94.59999847412109375</ele>
        <time>2026-08-16T06:39:16.000Z</time>
        <extensions>
          <ns3:TrackPointExtension>
            <ns3:hr>125</ns3:hr>
          </ns3:TrackPointExtension>
        </extensions>
      </trkpt>
      <trkpt lat="36.68929045088589191436767578125" lon="117.2000913508236408233642578125">
        <ele>94.59999847412109375</ele>
        <time>2026-08-16T06:39:18.000Z</time>
        <extensions>
          <ns3:TrackPointExtension>
            <ns3:hr>127</ns3:hr>
          </ns3:TrackPointExtension>
        </extensions>
      </trkpt>
      <trkpt lat="36.68933453969657421112060546875" lon="117.2001986391842365264892578125">
        <ele>94.40000152587890625</ele>
        <time>2026-08-16T06:39:20.000Z</time>
        <extensions>
          <ns3:TrackPointExtension>
            <ns3:hr>125</ns3:hr>
          </ns3:TrackPointExtension>
        </extensions>
      </trkpt>
      <trkpt lat="36.68943210504949092864990234375" lon="117.20039821229875087738037109375">
        <ele>94.40000152587890625</ele>
        <time>2026-08-16T06:39:24.000Z</time>
        <extensions>
          <ns3:TrackPointExtension>
            <ns3:hr>124</ns3:hr>
          </ns3:TrackPointExtension>
        </extensions>
      </trkpt>
      <trkpt lat="36.68951223604381084442138671875" lon="117.200541794300079345703125">
        <ele>94.1999969482421875</ele>
        <time>2026-08-16T06:39:27.000Z</time>
        <extensions>
          <ns3:TrackPointExtension>
            <ns3:hr>124</ns3:hr>
          </ns3:TrackPointExtension>
        </extensions>
      </trkpt>
      <trkpt lat="36.689555905759334564208984375" lon="117.20062695443630218505859375">
        <ele>94.1999969482421875</ele>
        <time>2026-08-16T06:39:29.000Z</time>
        <extensions>
          <ns3:TrackPointExtension>
            <ns3:hr>123</ns3:hr>
          </ns3:TrackPointExtension>
        </extensions>
      </trkpt>
      <trkpt lat="36.68960343115031719207763671875" lon="117.2007067501544952392578125">
        <ele>94</ele>
        <time>2026-08-16T06:39:31.000Z</time>
        <extensions>
          <ns3:TrackPointExtension>
            <ns3:hr>122</ns3:hr>
          </ns3:TrackPointExtension>
        </extensions>
      </trkpt>
      <trkpt lat="36.689660847187042236328125" lon="117.20078411512076854705810546875">
        <ele>94</ele>
        <time>2026-08-16T06:39:34.000Z</time>
        <extensions>
          <ns3:TrackPointExtension>
            <ns3:hr>122</ns3:hr>
          </ns3:TrackPointExtension>
        </extensions>
      </trkpt>
      <trkpt lat="36.68974743224680423736572265625" lon="117.200943119823932647705078125">
        <ele>93.8000030517578125</ele>
        <time>2026-08-16T06:39:40.000Z</time>
        <extensions>
          <ns3:TrackPointExtension>
            <ns3:hr>120</ns3:hr>
          </ns3:TrackPointExtension>
        </extensions>
      </trkpt>
      <trkpt lat="36.68984382413327693939208984375" lon="117.201116792857646942138671875">
        <ele>93.8000030517578125</ele>
        <time>2026-08-16T06:39:45.000Z</time>
        <extensions>
          <ns3:TrackPointExtension>
            <ns3:hr>121</ns3:hr>
          </ns3:TrackPointExtension>
        </extensions>
      </trkpt>
      <trkpt lat="36.68996200896799564361572265625" lon="117.20140454359352588653564453125">
        <ele>93.8000030517578125</ele>
        <time>2026-08-16T06:39:51.000Z</time>
        <extensions>
          <ns3:TrackPointExtension>
            <ns3:hr>123</ns3:hr>
          </ns3:TrackPointExtension>
        </extensions>
      </trkpt>
      <trkpt lat="36.69005555100739002227783203125" lon="117.2016634605824947357177734375">
        <ele>93.40000152587890625</ele>
        <time>2026-08-16T06:39:56.000Z</time>
        <extensions>
          <ns3:TrackPointExtension>
            <ns3:hr>124</ns3:hr>
          </ns3:TrackPointExtension>
        </extensions>
      </trkpt>
      <trkpt lat="36.6900744102895259857177734375" lon="117.2017150931060314178466796875">
        <ele>93.40000152587890625</ele>
        <time>2026-08-16T06:39:57.000Z</time>
        <extensions>
          <ns3:TrackPointExtension>
            <ns3:hr>125</ns3:hr>
          </ns3:TrackPointExtension>
        </extensions>
      </trkpt>
      <trkpt lat="36.69013182632625102996826171875" lon="117.2019266523420810699462890625">
        <ele>93.1999969482421875</ele>
        <time>2026-08-16T06:40:01.000Z</time>
        <extensions>
          <ns3:TrackPointExtension>
            <ns3:hr>126</ns3:hr>
          </ns3:TrackPointExtension>
        </extensions>
      </trkpt>
      <trkpt lat="36.69016032479703426361083984375" lon="117.20203067176043987274169921875">
        <ele>93.1999969482421875</ele>
        <time>2026-08-16T06:40:03.000Z</time>
        <extensions>
          <ns3:TrackPointExtension>
            <ns3:hr>126</ns3:hr>
          </ns3:TrackPointExtension>
        </extensions>
      </trkpt>
      <trkpt lat="36.690217070281505584716796875" lon="117.202226556837558746337890625">
        <ele>93.1999969482421875</ele>
        <time>2026-08-16T06:40:07.000Z</time>
        <extensions>
          <ns3:TrackPointExtension>
            <ns3:hr>123</ns3:hr>
          </ns3:TrackPointExtension>
        </extensions>
      </trkpt>
      <trkpt lat="36.69024900533258914947509765625" lon="117.20232688821852207183837890625">
        <ele>93</ele>
        <time>2026-08-16T06:40:09.000Z</time>
        <extensions>
          <ns3:TrackPointExtension>
            <ns3:hr>122</ns3:hr>
          </ns3:TrackPointExtension>
        </extensions>
      </trkpt>
      <trkpt lat="36.6902668587863445281982421875" lon="117.2023806162178516387939453125">
        <ele>93.1999969482421875</ele>
        <time>2026-08-16T06:40:10.000Z</time>
        <extensions>
          <ns3:TrackPointExtension>
            <ns3:hr>122</ns3:hr>
          </ns3:TrackPointExtension>
        </extensions>
      </trkpt>
      <trkpt lat="36.6903573833405971527099609375" lon="117.2028230130672454833984375">
        <ele>93</ele>
        <time>2026-08-16T06:40:17.000Z</time>
        <extensions>
          <ns3:TrackPointExtension>
            <ns3:hr>122</ns3:hr>
          </ns3:TrackPointExtension>
        </extensions>
      </trkpt>
      <trkpt lat="36.69041966088116168975830078125" lon="117.2032278589904308319091796875">
        <ele>92.59999847412109375</ele>
        <time>2026-08-16T06:40:23.000Z</time>
        <extensions>
          <ns3:TrackPointExtension>
            <ns3:hr>122</ns3:hr>
          </ns3:TrackPointExtension>
        </extensions>
      </trkpt>
      <trkpt lat="36.6904576309025287628173828125" lon="117.2033482231199741363525390625">
        <ele>92.40000152587890625</ele>
        <time>2026-08-16T06:40:25.000Z</time>
        <extensions>
          <ns3:TrackPointExtension>
            <ns3:hr>122</ns3:hr>
          </ns3:TrackPointExtension>
        </extensions>
      </trkpt>
      <trkpt lat="36.6904640011489391326904296875" lon="117.20353522337973117828369140625">
        <ele>92.40000152587890625</ele>
        <time>2026-08-16T06:40:28.000Z</time>
        <extensions>
          <ns3:TrackPointExtension>
            <ns3:hr>123</ns3:hr>
          </ns3:TrackPointExtension>
        </extensions>
      </trkpt>
      <trkpt lat="36.69049643911421298980712890625" lon="117.2040010057389736175537109375">
        <ele>92.40000152587890625</ele>
        <time>2026-08-16T06:40:35.000Z</time>
        <extensions>
          <ns3:TrackPointExtension>
            <ns3:hr>123</ns3:hr>
          </ns3:TrackPointExtension>
        </extensions>
      </trkpt>
      <trkpt lat="36.69050381518900394439697265625" lon="117.2041964717209339141845703125">
        <ele>92.1999969482421875</ele>
        <time>2026-08-16T06:40:38.000Z</time>
        <extensions>
          <ns3:TrackPointExtension>
            <ns3:hr>124</ns3:hr>
          </ns3:TrackPointExtension>
        </extensions>
      </trkpt>
      <trkpt lat="36.69050431810319423675537109375" lon="117.20432211644947528839111328125">
        <ele>92</ele>
        <time>2026-08-16T06:40:40.000Z</time>
        <extensions>
          <ns3:TrackPointExtension>
            <ns3:hr>124</ns3:hr>
          </ns3:TrackPointExtension>
        </extensions>
      </trkpt>
      <trkpt lat="36.69048118405044078826904296875" lon="117.2047711350023746490478515625">
        <ele>91.59999847412109375</ele>
        <time>2026-08-16T06:40:47.000Z</time>
        <extensions>
          <ns3:TrackPointExtension>
            <ns3:hr>124</ns3:hr>
          </ns3:TrackPointExtension>
        </extensions>
      </trkpt>
      <trkpt lat="36.69046810828149318695068359375" lon="117.20505653880536556243896484375">
        <ele>91.40000152587890625</ele>
        <time>2026-08-16T06:40:52.000Z</time>
        <extensions>
          <ns3:TrackPointExtension>
            <ns3:hr>122</ns3:hr>
          </ns3:TrackPointExtension>
        </extensions>
      </trkpt>
      <trkpt lat="36.6904680244624614715576171875" lon="117.20516860485076904296875">
        <ele>91.1999969482421875</ele>
        <time>2026-08-16T06:40:54.000Z</time>
        <extensions>
          <ns3:TrackPointExtension>
            <ns3:hr>122</ns3:hr>
          </ns3:TrackPointExtension>
        </extensions>
      </trkpt>
      <trkpt lat="36.69046760536730289459228515625" lon="117.2052703611552715301513671875">
        <ele>91.1999969482421875</ele>
        <time>2026-08-16T06:40:56.000Z</time>
        <extensions>
          <ns3:TrackPointExtension>
            <ns3:hr>120</ns3:hr>
          </ns3:TrackPointExtension>
        </extensions>
      </trkpt>
      <trkpt lat="36.69044430367648601531982421875" lon="117.205410338938236236572265625">
        <ele>91</ele>
        <time>2026-08-16T06:40:59.000Z</time>
        <extensions>
          <ns3:TrackPointExtension>
            <ns3:hr>120</ns3:hr>
          </ns3:TrackPointExtension>
        </extensions>
      </trkpt>
      <trkpt lat="36.69040557928383350372314453125" lon="117.205747626721858978271484375">
        <ele>90.8000030517578125</ele>
        <time>2026-08-16T06:41:05.000Z</time>
        <extensions>
          <ns3:TrackPointExtension>
            <ns3:hr>122</ns3:hr>
          </ns3:TrackPointExtension>
        </extensions>
      </trkpt>
      <trkpt lat="36.690412871539592742919921875" lon="117.2059477865695953369140625">
        <ele>90.59999847412109375</ele>
        <time>2026-08-16T06:41:08.000Z</time>
        <extensions>
          <ns3:TrackPointExtension>
            <ns3:hr>125</ns3:hr>
          </ns3:TrackPointExtension>
        </extensions>
      </trkpt>
      <trkpt lat="36.69037724845111370086669921875" lon="117.20610410906374454498291015625">
        <ele>90.40000152587890625</ele>
        <time>2026-08-16T06:41:11.000Z</time>
        <extensions>
          <ns3:TrackPointExtension>
            <ns3:hr>124</ns3:hr>
          </ns3:TrackPointExtension>
        </extensions>
      </trkpt>
      <trkpt lat="36.69034011662006378173828125" lon="117.20632639713585376739501953125">
        <ele>90.40000152587890625</ele>
        <time>2026-08-16T06:41:15.000Z</time>
        <extensions>
          <ns3:TrackPointExtension>
            <ns3:hr>123</ns3:hr>
          </ns3:TrackPointExtension>
        </extensions>
      </trkpt>
      <trkpt lat="36.690324358642101287841796875" lon="117.206377945840358734130859375">
        <ele>90.40000152587890625</ele>
        <time>2026-08-16T06:41:16.000Z</time>
        <extensions>
          <ns3:TrackPointExtension>
            <ns3:hr>123</ns3:hr>
          </ns3:TrackPointExtension>
        </extensions>
      </trkpt>
      <trkpt lat="36.69029376469552516937255859375" lon="117.20657869242131710052490234375">
        <ele>90.1999969482421875</ele>
        <time>2026-08-16T06:41:20.000Z</time>
        <extensions>
          <ns3:TrackPointExtension>
            <ns3:hr>122</ns3:hr>
          </ns3:TrackPointExtension>
        </extensions>
      </trkpt>
      <trkpt lat="36.690281443297863006591796875" lon="117.20663501881062984466552734375">
        <ele>90.1999969482421875</ele>
        <time>2026-08-16T06:41:21.000Z</time>
        <extensions>
          <ns3:TrackPointExtension>
            <ns3:hr>122</ns3:hr>
          </ns3:TrackPointExtension>
        </extensions>
      </trkpt>
      <trkpt lat="36.69024850241839885711669921875" lon="117.20691883005201816558837890625">
        <ele>90.1999969482421875</ele>
        <time>2026-08-16T06:41:26.000Z</time>
        <extensions>
          <ns3:TrackPointExtension>
            <ns3:hr>120</ns3:hr>
          </ns3:TrackPointExtension>
        </extensions>
      </trkpt>
      <trkpt lat="36.690253280103206634521484375" lon="117.20697532407939434051513671875">
        <ele>90.1999969482421875</ele>
        <time>2026-08-16T06:41:27.000Z</time>
        <extensions>
          <ns3:TrackPointExtension>
            <ns3:hr>120</ns3:hr>
          </ns3:TrackPointExtension>
        </extensions>
      </trkpt>
      <trkpt lat="36.6902440600097179412841796875" lon="117.20724823884665966033935546875">
        <ele>90</ele>
        <time>2026-08-16T06:41:32.000Z</time>
        <extensions>
          <ns3:TrackPointExtension>
            <ns3:hr>122</ns3:hr>
          </ns3:TrackPointExtension>
        </extensions>
      </trkpt>
      <trkpt lat="36.6902500949800014495849609375" lon="117.207347564399242401123046875">
        <ele>89.8000030517578125</ele>
        <time>2026-08-16T06:41:34.000Z</time>
        <extensions>
          <ns3:TrackPointExtension>
            <ns3:hr>120</ns3:hr>
          </ns3:TrackPointExtension>
        </extensions>
      </trkpt>
      <trkpt lat="36.69024867005646228790283203125" lon="117.207636572420597076416015625">
        <ele>89.8000030517578125</ele>
        <time>2026-08-16T06:41:40.000Z</time>
        <extensions>
          <ns3:TrackPointExtension>
            <ns3:hr>122</ns3:hr>
          </ns3:TrackPointExtension>
        </extensions>
      </trkpt>
      <trkpt lat="36.69023492373526096343994140625" lon="117.20772617496550083160400390625">
        <ele>89.8000030517578125</ele>
        <time>2026-08-16T06:41:42.000Z</time>
        <extensions>
          <ns3:TrackPointExtension>
            <ns3:hr>122</ns3:hr>
          </ns3:TrackPointExtension>
        </extensions>
      </trkpt>
      <trkpt lat="36.69022503308951854705810546875" lon="117.20786263234913349151611328125">
        <ele>89.59999847412109375</ele>
        <time>2026-08-16T06:41:45.000Z</time>
        <extensions>
          <ns3:TrackPointExtension>
            <ns3:hr>120</ns3:hr>
          </ns3:TrackPointExtension>
        </extensions>
      </trkpt>
      <trkpt lat="36.6902289725840091705322265625" lon="117.20795399509370326995849609375">
        <ele>89.40000152587890625</ele>
        <time>2026-08-16T06:41:47.000Z</time>
        <extensions>
          <ns3:TrackPointExtension>
            <ns3:hr>121</ns3:hr>
          </ns3:TrackPointExtension>
        </extensions>
      </trkpt>
      <trkpt lat="36.69023039750754833221435546875" lon="117.20810034312307834625244140625">
        <ele>89.40000152587890625</ele>
        <time>2026-08-16T06:41:50.000Z</time>
        <extensions>
          <ns3:TrackPointExtension>
            <ns3:hr>123</ns3:hr>
          </ns3:TrackPointExtension>
        </extensions>
      </trkpt>
      <trkpt lat="36.69022402726113796234130859375" lon="117.208132445812225341796875">
        <ele>89.1999969482421875</ele>
        <time>2026-08-16T06:41:51.000Z</time>
        <extensions>
          <ns3:TrackPointExtension>
            <ns3:hr>122</ns3:hr>
          </ns3:TrackPointExtension>
        </extensions>
      </trkpt>
      <trkpt lat="36.6902108676731586456298828125" lon="117.208212912082672119140625">
        <ele>89.1999969482421875</ele>
        <time>2026-08-16T06:41:55.000Z</time>
        <extensions>
          <ns3:TrackPointExtension>
            <ns3:hr>121</ns3:hr>
          </ns3:TrackPointExtension>
        </extensions>
      </trkpt>
      <trkpt lat="36.69021137058734893798828125" lon="117.20823126845061779022216796875">
        <ele>89.1999969482421875</ele>
        <time>2026-08-16T06:41:56.000Z</time>
        <extensions>
          <ns3:TrackPointExtension>
            <ns3:hr>120</ns3:hr>
          </ns3:TrackPointExtension>
        </extensions>
      </trkpt>
      <trkpt lat="36.69021002948284149169921875" lon="117.20825406722724437713623046875">
        <ele>89.1999969482421875</ele>
        <time>2026-08-16T06:41:57.000Z</time>
        <extensions>
          <ns3:TrackPointExtension>
            <ns3:hr>120</ns3:hr>
          </ns3:TrackPointExtension>
        </extensions>
      </trkpt>
      <trkpt lat="36.69019259512424468994140625" lon="117.20835448242723941802978515625">
        <ele>89.1999969482421875</ele>
        <time>2026-08-16T06:42:00.000Z</time>
        <extensions>
          <ns3:TrackPointExtension>
            <ns3:hr>118</ns3:hr>
          </ns3:TrackPointExtension>
        </extensions>
      </trkpt>
      <trkpt lat="36.6901850514113903045654296875" lon="117.20865547657012939453125">
        <ele>89.1999969482421875</ele>
        <time>2026-08-16T06:42:06.000Z</time>
        <extensions>
          <ns3:TrackPointExtension>
            <ns3:hr>117</ns3:hr>
          </ns3:TrackPointExtension>
        </extensions>
      </trkpt>
      <trkpt lat="36.69018949382007122039794921875" lon="117.20871071331202983856201171875">
        <ele>89</ele>
        <time>2026-08-16T06:42:07.000Z</time>
        <extensions>
          <ns3:TrackPointExtension>
            <ns3:hr>120</ns3:hr>
          </ns3:TrackPointExtension>
        </extensions>
      </trkpt>
      <trkpt lat="36.6901941038668155670166015625" lon="117.20881883986294269561767578125">
        <ele>89</ele>
        <time>2026-08-16T06:42:09.000Z</time>
        <extensions>
          <ns3:TrackPointExtension>
            <ns3:hr>124</ns3:hr>
          </ns3:TrackPointExtension>
        </extensions>
      </trkpt>
      <trkpt lat="36.69020600616931915283203125" lon="117.20909141935408115386962890625">
        <ele>88.59999847412109375</ele>
        <time>2026-08-16T06:42:14.000Z</time>
        <extensions>
          <ns3:TrackPointExtension>
            <ns3:hr>124</ns3:hr>
          </ns3:TrackPointExtension>
        </extensions>
      </trkpt>
      <trkpt lat="36.690191924571990966796875" lon="117.2095313854515552520751953125">
        <ele>88.40000152587890625</ele>
        <time>2026-08-16T06:42:22.000Z</time>
        <extensions>
          <ns3:TrackPointExtension>
            <ns3:hr>124</ns3:hr>
          </ns3:TrackPointExtension>
        </extensions>
      </trkpt>
      <trkpt lat="36.69018563814461231231689453125" lon="117.2096614725887775421142578125">
        <ele>88.1999969482421875</ele>
        <time>2026-08-16T06:42:24.000Z</time>
        <extensions>
          <ns3:TrackPointExtension>
            <ns3:hr>124</ns3:hr>
          </ns3:TrackPointExtension>
        </extensions>
      </trkpt>
      <trkpt lat="36.69018320739269256591796875" lon="117.2099940665066242218017578125">
        <ele>88.1999969482421875</ele>
        <time>2026-08-16T06:42:29.000Z</time>
        <extensions>
          <ns3:TrackPointExtension>
            <ns3:hr>127</ns3:hr>
          </ns3:TrackPointExtension>
        </extensions>
      </trkpt>
      <trkpt lat="36.690176837146282196044921875" lon="117.21006296575069427490234375">
        <ele>88.1999969482421875</ele>
        <time>2026-08-16T06:42:30.000Z</time>
        <extensions>
          <ns3:TrackPointExtension>
            <ns3:hr>127</ns3:hr>
          </ns3:TrackPointExtension>
        </extensions>
      </trkpt>
      <trkpt lat="36.6901709698140621185302734375" lon="117.21026656217873096466064453125">
        <ele>88.1999969482421875</ele>
        <time>2026-08-16T06:42:33.000Z</time>
        <extensions>
          <ns3:TrackPointExtension>
            <ns3:hr>126</ns3:hr>
          </ns3:TrackPointExtension>
        </extensions>
      </trkpt>
      <trkpt lat="36.69015462510287761688232421875" lon="117.2104088030755519866943359375">
        <ele>88</ele>
        <time>2026-08-16T06:42:35.000Z</time>
        <extensions>
          <ns3:TrackPointExtension>
            <ns3:hr>126</ns3:hr>
          </ns3:TrackPointExtension>
        </extensions>
      </trkpt>
      <trkpt lat="36.690151356160640716552734375" lon="117.2104825638234615325927734375">
        <ele>88</ele>
        <time>2026-08-16T06:42:36.000Z</time>
        <extensions>
          <ns3:TrackPointExtension>
            <ns3:hr>126</ns3:hr>
          </ns3:TrackPointExtension>
        </extensions>
      </trkpt>
      <trkpt lat="36.69015102088451385498046875" lon="117.2107766009867191314697265625">
        <ele>87.8000030517578125</ele>
        <time>2026-08-16T06:42:40.000Z</time>
        <extensions>
          <ns3:TrackPointExtension>
            <ns3:hr>129</ns3:hr>
          </ns3:TrackPointExtension>
        </extensions>
      </trkpt>
      <trkpt lat="36.690137274563312530517578125" lon="117.21100316382944583892822265625">
        <ele>87.8000030517578125</ele>
        <time>2026-08-16T06:42:43.000Z</time>
        <extensions>
          <ns3:TrackPointExtension>
            <ns3:hr>131</ns3:hr>
          </ns3:TrackPointExtension>
        </extensions>
      </trkpt>
      <trkpt lat="36.690111123025417327880859375" lon="117.211447656154632568359375">
        <ele>87.40000152587890625</ele>
        <time>2026-08-16T06:42:49.000Z</time>
        <extensions>
          <ns3:TrackPointExtension>
            <ns3:hr>132</ns3:hr>
          </ns3:TrackPointExtension>
        </extensions>
      </trkpt>
      <trkpt lat="36.69008019380271434783935546875" lon="117.2119118459522724151611328125">
        <ele>87.1999969482421875</ele>
        <time>2026-08-16T06:42:56.000Z</time>
        <extensions>
          <ns3:TrackPointExtension>
            <ns3:hr>132</ns3:hr>
          </ns3:TrackPointExtension>
        </extensions>
      </trkpt>
      <trkpt lat="36.6900672018527984619140625" lon="117.2123356349766254425048828125">
        <ele>87.1999969482421875</ele>
        <time>2026-08-16T06:43:02.000Z</time>
        <extensions>
          <ns3:TrackPointExtension>
            <ns3:hr>132</ns3:hr>
          </ns3:TrackPointExtension>
        </extensions>
      </trkpt>
      <trkpt lat="36.6900663636624813079833984375" lon="117.212408222258090972900390625">
        <ele>87.1999969482421875</ele>
        <time>2026-08-16T06:43:03.000Z</time>
        <extensions>
          <ns3:TrackPointExtension>
            <ns3:hr>132</ns3:hr>
          </ns3:TrackPointExtension>
        </extensions>
      </trkpt>
      <trkpt lat="36.69006208889186382293701171875" lon="117.2126933746039867401123046875">
        <ele>87</ele>
        <time>2026-08-16T06:43:07.000Z</time>
        <extensions>
          <ns3:TrackPointExtension>
            <ns3:hr>132</ns3:hr>
          </ns3:TrackPointExtension>
        </extensions>
      </trkpt>
      <trkpt lat="36.690020263195037841796875" lon="117.21313619054853916168212890625">
        <ele>86.59999847412109375</ele>
        <time>2026-08-16T06:43:14.000Z</time>
        <extensions>
          <ns3:TrackPointExtension>
            <ns3:hr>132</ns3:hr>
          </ns3:TrackPointExtension>
        </extensions>
      </trkpt>
      <trkpt lat="36.68998933397233486175537109375" lon="117.2134645096957683563232421875">
        <ele>86.40000152587890625</ele>
        <time>2026-08-16T06:43:20.000Z</time>
        <extensions>
          <ns3:TrackPointExtension>
            <ns3:hr>132</ns3:hr>
          </ns3:TrackPointExtension>
        </extensions>
      </trkpt>
      <trkpt lat="36.68998011387884616851806640625" lon="117.21350398845970630645751953125">
        <ele>86.40000152587890625</ele>
        <time>2026-08-16T06:43:21.000Z</time>
        <extensions>
          <ns3:TrackPointExtension>
            <ns3:hr>132</ns3:hr>
          </ns3:TrackPointExtension>
        </extensions>
      </trkpt>
      <trkpt lat="36.68996318243443965911865234375" lon="117.2135838679969310760498046875">
        <ele>86.1999969482421875</ele>
        <time>2026-08-16T06:43:25.000Z</time>
        <extensions>
          <ns3:TrackPointExtension>
            <ns3:hr>130</ns3:hr>
          </ns3:TrackPointExtension>
        </extensions>
      </trkpt>
      <trkpt lat="36.68996770866215229034423828125" lon="117.2135791741311550140380859375">
        <ele>86.1999969482421875</ele>
        <time>2026-08-16T06:43:28.000Z</time>
        <extensions>
          <ns3:TrackPointExtension>
            <ns3:hr>130</ns3:hr>
          </ns3:TrackPointExtension>
        </extensions>
      </trkpt>
      <trkpt lat="36.68996997177600860595703125" lon="117.2135774977505207061767578125">
        <ele>86.1999969482421875</ele>
        <time>2026-08-16T06:43:29.000Z</time>
        <extensions>
          <ns3:TrackPointExtension>
            <ns3:hr>130</ns3:hr>
          </ns3:TrackPointExtension>
        </extensions>
      </trkpt>
      <trkpt lat="36.68997407890856266021728515625" lon="117.2135728038847446441650390625">
        <ele>86</ele>
        <time>2026-08-16T06:43:39.000Z</time>
        <extensions>
          <ns3:TrackPointExtension>
            <ns3:hr>130</ns3:hr>
          </ns3:TrackPointExtension>
        </extensions>
      </trkpt>
      <trkpt lat="36.6899748332798480987548828125" lon="117.21357272006571292877197265625">
        <ele>86</ele>
        <time>2026-08-16T06:43:46.000Z</time>
        <extensions>
          <ns3:TrackPointExtension>
            <ns3:hr>126</ns3:hr>
          </ns3:TrackPointExtension>
        </extensions>
      </trkpt>
      <trkpt lat="36.689974330365657806396484375" lon="117.2135731391608715057373046875">
        <ele>86</ele>
        <time>2026-08-16T06:43:49.000Z</time>
        <extensions>
          <ns3:TrackPointExtension>
            <ns3:hr>123</ns3:hr>
          </ns3:TrackPointExtension>
        </extensions>
      </trkpt>
      <trkpt lat="36.6899744980037212371826171875" lon="117.213576994836330413818359375">
        <ele>85.8000030517578125</ele>
        <time>2026-08-16T06:43:55.000Z</time>
        <extensions>
          <ns3:TrackPointExtension>
            <ns3:hr>121</ns3:hr>
          </ns3:TrackPointExtension>
        </extensions>
      </trkpt>
      <trkpt lat="36.6899731568992137908935546875" lon="117.21357556991279125213623046875">
        <ele>85.8000030517578125</ele>
        <time>2026-08-16T06:44:01.000Z</time>
        <extensions>
          <ns3:TrackPointExtension>
            <ns3:hr>120</ns3:hr>
          </ns3:TrackPointExtension>
        </extensions>
      </trkpt>
      <trkpt lat="36.689975000917911529541015625" lon="117.21357397735118865966796875">
        <ele>86.59999847412109375</ele>
        <time>2026-08-16T06:44:09.000Z</time>
        <extensions>
          <ns3:TrackPointExtension>
            <ns3:hr>120</ns3:hr>
          </ns3:TrackPointExtension>
        </extensions>
      </trkpt>
      <trkpt lat="36.68997659347951412200927734375" lon="117.21357037313282489776611328125">
        <ele>86.1999969482421875</ele>
        <time>2026-08-16T06:44:12.000Z</time>
        <extensions>
          <ns3:TrackPointExtension>
            <ns3:hr>123</ns3:hr>
          </ns3:TrackPointExtension>
        </extensions>
      </trkpt>
      <trkpt lat="36.6899768449366092681884765625" lon="117.2135733067989349365234375">
        <ele>86.1999969482421875</ele>
        <time>2026-08-16T06:44:14.000Z</time>
        <extensions>
          <ns3:TrackPointExtension>
            <ns3:hr>123</ns3:hr>
          </ns3:TrackPointExtension>
        </extensions>
      </trkpt>
      <trkpt lat="36.68997759930789470672607421875" lon="117.213574983179569244384765625">
        <ele>86.59999847412109375</ele>
        <time>2026-08-16T06:44:26.000Z</time>
        <extensions>
          <ns3:TrackPointExtension>
            <ns3:hr>124</ns3:hr>
          </ns3:TrackPointExtension>
        </extensions>
      </trkpt>
      <trkpt lat="36.6899788565933704376220703125" lon="117.21357272006571292877197265625">
        <ele>85.59999847412109375</ele>
        <time>2026-08-16T06:44:35.000Z</time>
        <extensions>
          <ns3:TrackPointExtension>
            <ns3:hr>124</ns3:hr>
          </ns3:TrackPointExtension>
        </extensions>
      </trkpt>
      <trkpt lat="36.68997910805046558380126953125" lon="117.21357406117022037506103515625">
        <ele>85.59999847412109375</ele>
        <time>2026-08-16T06:44:40.000Z</time>
        <extensions>
          <ns3:TrackPointExtension>
            <ns3:hr>127</ns3:hr>
          </ns3:TrackPointExtension>
        </extensions>
      </trkpt>
      <trkpt lat="36.68997935950756072998046875" lon="117.21357439644634723663330078125">
        <ele>85.59999847412109375</ele>
        <time>2026-08-16T06:44:46.000Z</time>
        <extensions>
          <ns3:TrackPointExtension>
            <ns3:hr>128</ns3:hr>
          </ns3:TrackPointExtension>
        </extensions>
      </trkpt>
      <trkpt lat="36.6899786889553070068359375" lon="117.2135691158473491668701171875">
        <ele>85.40000152587890625</ele>
        <time>2026-08-16T06:44:52.000Z</time>
        <extensions>
          <ns3:TrackPointExtension>
            <ns3:hr>124</ns3:hr>
          </ns3:TrackPointExtension>
        </extensions>
      </trkpt>
      <trkpt lat="36.689979694783687591552734375" lon="117.21356852911412715911865234375">
        <ele>85.40000152587890625</ele>
        <time>2026-08-16T06:44:56.000Z</time>
        <extensions>
          <ns3:TrackPointExtension>
            <ns3:hr>122</ns3:hr>
          </ns3:TrackPointExtension>
        </extensions>
      </trkpt>
      <trkpt lat="36.6899744980037212371826171875" lon="117.213569618761539459228515625">
        <ele>85.40000152587890625</ele>
        <time>2026-08-16T06:45:03.000Z</time>
        <extensions>
          <ns3:TrackPointExtension>
            <ns3:hr>122</ns3:hr>
          </ns3:TrackPointExtension>
        </extensions>
      </trkpt>
      <trkpt lat="36.68996670283377170562744140625" lon="117.2135902382433414459228515625">
        <ele>85.40000152587890625</ele>
        <time>2026-08-16T06:45:09.000Z</time>
        <extensions>
          <ns3:TrackPointExtension>
            <ns3:hr>120</ns3:hr>
          </ns3:TrackPointExtension>
        </extensions>
      </trkpt>
      <trkpt lat="36.68995966203510761260986328125" lon="117.213771454989910125732421875">
        <ele>85.40000152587890625</ele>
        <time>2026-08-16T06:45:15.000Z</time>
        <extensions>
          <ns3:TrackPointExtension>
            <ns3:hr>120</ns3:hr>
          </ns3:TrackPointExtension>
        </extensions>
      </trkpt>
      <trkpt lat="36.6899580694735050201416015625" lon="117.2139030508697032928466796875">
        <ele>85.40000152587890625</ele>
        <time>2026-08-16T06:45:18.000Z</time>
        <extensions>
          <ns3:TrackPointExtension>
            <ns3:hr>123</ns3:hr>
          </ns3:TrackPointExtension>
        </extensions>
      </trkpt>
      <trkpt lat="36.6899543814361095428466796875" lon="117.2140535898506641387939453125">
        <ele>85.40000152587890625</ele>
        <time>2026-08-16T06:45:21.000Z</time>
        <extensions>
          <ns3:TrackPointExtension>
            <ns3:hr>122</ns3:hr>
          </ns3:TrackPointExtension>
        </extensions>
      </trkpt>
      <trkpt lat="36.68995848856866359710693359375" lon="117.2142304480075836181640625">
        <ele>85.1999969482421875</ele>
        <time>2026-08-16T06:45:24.000Z</time>
        <extensions>
          <ns3:TrackPointExtension>
            <ns3:hr>119</ns3:hr>
          </ns3:TrackPointExtension>
        </extensions>
      </trkpt>
      <trkpt lat="36.68996871449053287506103515625" lon="117.21435341052711009979248046875">
        <ele>85.1999969482421875</ele>
        <time>2026-08-16T06:45:26.000Z</time>
        <extensions>
          <ns3:TrackPointExtension>
            <ns3:hr>120</ns3:hr>
          </ns3:TrackPointExtension>
        </extensions>
      </trkpt>
      <trkpt lat="36.68996787630021572113037109375" lon="117.21441728062927722930908203125">
        <ele>85.1999969482421875</ele>
        <time>2026-08-16T06:45:27.000Z</time>
        <extensions>
          <ns3:TrackPointExtension>
            <ns3:hr>120</ns3:hr>
          </ns3:TrackPointExtension>
        </extensions>
      </trkpt>
      <trkpt lat="36.68995077721774578094482421875" lon="117.2147700749337673187255859375">
        <ele>85.40000152587890625</ele>
        <time>2026-08-16T06:45:32.000Z</time>
        <extensions>
          <ns3:TrackPointExtension>
            <ns3:hr>123</ns3:hr>
          </ns3:TrackPointExtension>
        </extensions>
      </trkpt>
      <trkpt lat="36.68993300758302211761474609375" lon="117.214988172054290771484375">
        <ele>85.40000152587890625</ele>
        <time>2026-08-16T06:45:35.000Z</time>
        <extensions>
          <ns3:TrackPointExtension>
            <ns3:hr>126</ns3:hr>
          </ns3:TrackPointExtension>
        </extensions>
      </trkpt>
      <trkpt lat="36.68991875834763050079345703125" lon="117.2151408903300762176513671875">
        <ele>85.40000152587890625</ele>
        <time>2026-08-16T06:45:37.000Z</time>
        <extensions>
          <ns3:TrackPointExtension>
            <ns3:hr>127</ns3:hr>
          </ns3:TrackPointExtension>
        </extensions>
      </trkpt>
      <trkpt lat="36.6898821294307708740234375" lon="117.2155378572642803192138671875">
        <ele>85.1999969482421875</ele>
        <time>2026-08-16T06:45:42.000Z</time>
        <extensions>
          <ns3:TrackPointExtension>
            <ns3:hr>129</ns3:hr>
          </ns3:TrackPointExtension>
        </extensions>
      </trkpt>
      <trkpt lat="36.6898740828037261962890625" lon="117.21561782062053680419921875">
        <ele>85.1999969482421875</ele>
        <time>2026-08-16T06:45:43.000Z</time>
        <extensions>
          <ns3:TrackPointExtension>
            <ns3:hr>131</ns3:hr>
          </ns3:TrackPointExtension>
        </extensions>
      </trkpt>
      <trkpt lat="36.68984700925648212432861328125" lon="117.2159497439861297607421875">
        <ele>85.59999847412109375</ele>
        <time>2026-08-16T06:45:47.000Z</time>
        <extensions>
          <ns3:TrackPointExtension>
            <ns3:hr>134</ns3:hr>
          </ns3:TrackPointExtension>
        </extensions>
      </trkpt>
      <trkpt lat="36.689853630959987640380859375" lon="117.21602627076208591461181640625">
        <ele>85.8000030517578125</ele>
        <time>2026-08-16T06:45:48.000Z</time>
        <extensions>
          <ns3:TrackPointExtension>
            <ns3:hr>134</ns3:hr>
          </ns3:TrackPointExtension>
        </extensions>
      </trkpt>
      <trkpt lat="36.68985438533127307891845703125" lon="117.2161011211574077606201171875">
        <ele>85.59999847412109375</ele>
        <time>2026-08-16T06:45:49.000Z</time>
        <extensions>
          <ns3:TrackPointExtension>
            <ns3:hr>134</ns3:hr>
          </ns3:TrackPointExtension>
        </extensions>
      </trkpt>
      <trkpt lat="36.68984332121908664703369140625" lon="117.21617597155272960662841796875">
        <ele>85.59999847412109375</ele>
        <time>2026-08-16T06:45:50.000Z</time>
        <extensions>
          <ns3:TrackPointExtension>
            <ns3:hr>134</ns3:hr>
          </ns3:TrackPointExtension>
        </extensions>
      </trkpt>
      <trkpt lat="36.68982337228953838348388671875" lon="117.2164380736649036407470703125">
        <ele>85.59999847412109375</ele>
        <time>2026-08-16T06:45:54.000Z</time>
        <extensions>
          <ns3:TrackPointExtension>
            <ns3:hr>136</ns3:hr>
          </ns3:TrackPointExtension>
        </extensions>
      </trkpt>
      <trkpt lat="36.6898145712912082672119140625" lon="117.21657411195337772369384765625">
        <ele>85.59999847412109375</ele>
        <time>2026-08-16T06:45:56.000Z</time>
        <extensions>
          <ns3:TrackPointExtension>
            <ns3:hr>136</ns3:hr>
          </ns3:TrackPointExtension>
        </extensions>
      </trkpt>
      <trkpt lat="36.68978850357234477996826171875" lon="117.2167763672769069671630859375">
        <ele>85.8000030517578125</ele>
        <time>2026-08-16T06:45:59.000Z</time>
        <extensions>
          <ns3:TrackPointExtension>
            <ns3:hr>136</ns3:hr>
          </ns3:TrackPointExtension>
        </extensions>
      </trkpt>
      <trkpt lat="36.6897686384618282318115234375" lon="117.2171325981616973876953125">
        <ele>86</ele>
        <time>2026-08-16T06:46:04.000Z</time>
        <extensions>
          <ns3:TrackPointExtension>
            <ns3:hr>138</ns3:hr>
          </ns3:TrackPointExtension>
        </extensions>
      </trkpt>
      <trkpt lat="36.6897552274167537689208984375" lon="117.2174268029630184173583984375">
        <ele>86.1999969482421875</ele>
        <time>2026-08-16T06:46:09.000Z</time>
        <extensions>
          <ns3:TrackPointExtension>
            <ns3:hr>139</ns3:hr>
          </ns3:TrackPointExtension>
        </extensions>
      </trkpt>
      <trkpt lat="36.68975598178803920745849609375" lon="117.217480279505252838134765625">
        <ele>86.1999969482421875</ele>
        <time>2026-08-16T06:46:10.000Z</time>
        <extensions>
          <ns3:TrackPointExtension>
            <ns3:hr>138</ns3:hr>
          </ns3:TrackPointExtension>
        </extensions>
      </trkpt>
      <trkpt lat="36.68974994681775569915771484375" lon="117.2176368534564971923828125">
        <ele>86.1999969482421875</ele>
        <time>2026-08-16T06:46:13.000Z</time>
        <extensions>
          <ns3:TrackPointExtension>
            <ns3:hr>138</ns3:hr>
          </ns3:TrackPointExtension>
        </extensions>
      </trkpt>
      <trkpt lat="36.68974743224680423736572265625" lon="117.21769628114998340606689453125">
        <ele>86.1999969482421875</ele>
        <time>2026-08-16T06:46:14.000Z</time>
        <extensions>
          <ns3:TrackPointExtension>
            <ns3:hr>138</ns3:hr>
          </ns3:TrackPointExtension>
        </extensions>
      </trkpt>
      <trkpt lat="36.68973418883979320526123046875" lon="117.2178784199059009552001953125">
        <ele>86.40000152587890625</ele>
        <time>2026-08-16T06:46:17.000Z</time>
        <extensions>
          <ns3:TrackPointExtension>
            <ns3:hr>138</ns3:hr>
          </ns3:TrackPointExtension>
        </extensions>
      </trkpt>
      <trkpt lat="36.689730249345302581787109375" lon="117.21793835051357746124267578125">
        <ele>86.40000152587890625</ele>
        <time>2026-08-16T06:46:18.000Z</time>
        <extensions>
          <ns3:TrackPointExtension>
            <ns3:hr>138</ns3:hr>
          </ns3:TrackPointExtension>
        </extensions>
      </trkpt>
      <trkpt lat="36.68971910141408443450927734375" lon="117.21832157112658023834228515625">
        <ele>86.59999847412109375</ele>
        <time>2026-08-16T06:46:24.000Z</time>
        <extensions>
          <ns3:TrackPointExtension>
            <ns3:hr>138</ns3:hr>
          </ns3:TrackPointExtension>
        </extensions>
      </trkpt>
      <trkpt lat="36.6896573267877101898193359375" lon="117.21888148225843906402587890625">
        <ele>86.8000030517578125</ele>
        <time>2026-08-16T06:46:32.000Z</time>
        <extensions>
          <ns3:TrackPointExtension>
            <ns3:hr>138</ns3:hr>
          </ns3:TrackPointExtension>
        </extensions>
      </trkpt>
      <trkpt lat="36.68964768759906291961669921875" lon="117.21929923631250858306884765625">
        <ele>87</ele>
        <time>2026-08-16T06:46:38.000Z</time>
        <extensions>
          <ns3:TrackPointExtension>
            <ns3:hr>140</ns3:hr>
          </ns3:TrackPointExtension>
        </extensions>
      </trkpt>
      <trkpt lat="36.68961969204246997833251953125" lon="117.2195796109735965728759765625">
        <ele>87</ele>
        <time>2026-08-16T06:46:43.000Z</time>
        <extensions>
          <ns3:TrackPointExtension>
            <ns3:hr>142</ns3:hr>
          </ns3:TrackPointExtension>
        </extensions>
      </trkpt>
      <trkpt lat="36.68960946612060070037841796875" lon="117.219628728926181793212890625">
        <ele>87</ele>
        <time>2026-08-16T06:46:44.000Z</time>
        <extensions>
          <ns3:TrackPointExtension>
            <ns3:hr>142</ns3:hr>
          </ns3:TrackPointExtension>
        </extensions>
      </trkpt>
      <trkpt lat="36.68956336565315723419189453125" lon="117.21987859345972537994384765625">
        <ele>87.1999969482421875</ele>
        <time>2026-08-16T06:46:50.000Z</time>
        <extensions>
          <ns3:TrackPointExtension>
            <ns3:hr>140</ns3:hr>
          </ns3:TrackPointExtension>
        </extensions>
      </trkpt>
      <trkpt lat="36.6895334422588348388671875" lon="117.219944894313812255859375">
        <ele>87.1999969482421875</ele>
        <time>2026-08-16T06:46:54.000Z</time>
        <extensions>
          <ns3:TrackPointExtension>
            <ns3:hr>138</ns3:hr>
          </ns3:TrackPointExtension>
        </extensions>
      </trkpt>
      <trkpt lat="36.68953319080173969268798828125" lon="117.21993793733417987823486328125">
        <ele>87.1999969482421875</ele>
        <time>2026-08-16T06:46:55.000Z</time>
        <extensions>
          <ns3:TrackPointExtension>
            <ns3:hr>138</ns3:hr>
          </ns3:TrackPointExtension>
        </extensions>
      </trkpt>
      <trkpt lat="36.689529754221439361572265625" lon="117.21992737613618373870849609375">
        <ele>87.59999847412109375</ele>
        <time>2026-08-16T06:46:59.000Z</time>
        <extensions>
          <ns3:TrackPointExtension>
            <ns3:hr>137</ns3:hr>
          </ns3:TrackPointExtension>
        </extensions>
      </trkpt>
      <trkpt lat="36.6895295865833759307861328125" lon="117.21991580910980701446533203125">
        <ele>87.1999969482421875</ele>
        <time>2026-08-16T06:47:09.000Z</time>
        <extensions>
          <ns3:TrackPointExtension>
            <ns3:hr>136</ns3:hr>
          </ns3:TrackPointExtension>
        </extensions>
      </trkpt>
      <trkpt lat="36.68952330015599727630615234375" lon="117.21991430036723613739013671875">
        <ele>87.1999969482421875</ele>
        <time>2026-08-16T06:47:12.000Z</time>
        <extensions>
          <ns3:TrackPointExtension>
            <ns3:hr>133</ns3:hr>
          </ns3:TrackPointExtension>
        </extensions>
      </trkpt>
      <trkpt lat="36.68952338397502899169921875" lon="117.21991329453885555267333984375">
        <ele>87</ele>
        <time>2026-08-16T06:47:14.000Z</time>
        <extensions>
          <ns3:TrackPointExtension>
            <ns3:hr>132</ns3:hr>
          </ns3:TrackPointExtension>
        </extensions>
      </trkpt>
      <trkpt lat="36.68952405452728271484375" lon="117.21991748549044132232666015625">
        <ele>87.59999847412109375</ele>
        <time>2026-08-16T06:47:21.000Z</time>
        <extensions>
          <ns3:TrackPointExtension>
            <ns3:hr>132</ns3:hr>
          </ns3:TrackPointExtension>
        </extensions>
      </trkpt>
      <trkpt lat="36.68952497653663158416748046875" lon="117.2199185751378536224365234375">
        <ele>87.59999847412109375</ele>
        <time>2026-08-16T06:47:29.000Z</time>
        <extensions>
          <ns3:TrackPointExtension>
            <ns3:hr>130</ns3:hr>
          </ns3:TrackPointExtension>
        </extensions>
      </trkpt>
      <trkpt lat="36.6895299218595027923583984375" lon="117.21992075443267822265625">
        <ele>86.8000030517578125</ele>
        <time>2026-08-16T06:47:38.000Z</time>
        <extensions>
          <ns3:TrackPointExtension>
            <ns3:hr>127</ns3:hr>
          </ns3:TrackPointExtension>
        </extensions>
      </trkpt>
      <trkpt lat="36.68953008949756622314453125" lon="117.21992142498493194580078125">
        <ele>86.8000030517578125</ele>
        <time>2026-08-16T06:47:44.000Z</time>
        <extensions>
          <ns3:TrackPointExtension>
            <ns3:hr>130</ns3:hr>
          </ns3:TrackPointExtension>
        </extensions>
      </trkpt>
      <trkpt lat="36.68952967040240764617919921875" lon="117.2199195809662342071533203125">
        <ele>87.40000152587890625</ele>
        <time>2026-08-16T06:47:49.000Z</time>
        <extensions>
          <ns3:TrackPointExtension>
            <ns3:hr>130</ns3:hr>
          </ns3:TrackPointExtension>
        </extensions>
      </trkpt>
      <trkpt lat="36.689531095325946807861328125" lon="117.21991631202399730682373046875">
        <ele>87.1999969482421875</ele>
        <time>2026-08-16T06:47:57.000Z</time>
        <extensions>
          <ns3:TrackPointExtension>
            <ns3:hr>129</ns3:hr>
          </ns3:TrackPointExtension>
        </extensions>
      </trkpt>
      <trkpt lat="36.68953008949756622314453125" lon="117.2199189104139804840087890625">
        <ele>87.59999847412109375</ele>
        <time>2026-08-16T06:48:00.000Z</time>
        <extensions>
          <ns3:TrackPointExtension>
            <ns3:hr>126</ns3:hr>
          </ns3:TrackPointExtension>
        </extensions>
      </trkpt>
      <trkpt lat="36.68952749110758304595947265625" lon="117.21992075443267822265625">
        <ele>87.40000152587890625</ele>
        <time>2026-08-16T06:48:01.000Z</time>
        <extensions>
          <ns3:TrackPointExtension>
            <ns3:hr>126</ns3:hr>
          </ns3:TrackPointExtension>
        </extensions>
      </trkpt>
      <trkpt lat="36.68953134678304195404052734375" lon="117.2199222631752490997314453125">
        <ele>87</ele>
        <time>2026-08-16T06:48:09.000Z</time>
        <extensions>
          <ns3:TrackPointExtension>
            <ns3:hr>126</ns3:hr>
          </ns3:TrackPointExtension>
        </extensions>
      </trkpt>
      <trkpt lat="36.68952682055532932281494140625" lon="117.21992150880396366119384765625">
        <ele>86.8000030517578125</ele>
        <time>2026-08-16T06:48:14.000Z</time>
        <extensions>
          <ns3:TrackPointExtension>
            <ns3:hr>125</ns3:hr>
          </ns3:TrackPointExtension>
        </extensions>
      </trkpt>
      <trkpt lat="36.68952665291726589202880859375" lon="117.2199246101081371307373046875">
        <ele>86.8000030517578125</ele>
        <time>2026-08-16T06:48:19.000Z</time>
        <extensions>
          <ns3:TrackPointExtension>
            <ns3:hr>122</ns3:hr>
          </ns3:TrackPointExtension>
        </extensions>
      </trkpt>
      <trkpt lat="36.689526401460170745849609375" lon="117.21992586739361286163330078125">
        <ele>86.8000030517578125</ele>
        <time>2026-08-16T06:48:20.000Z</time>
        <extensions>
          <ns3:TrackPointExtension>
            <ns3:hr>123</ns3:hr>
          </ns3:TrackPointExtension>
        </extensions>
      </trkpt>
      <trkpt lat="36.68952866457402706146240234375" lon="117.2199289686977863311767578125">
        <ele>86.40000152587890625</ele>
        <time>2026-08-16T06:48:25.000Z</time>
        <extensions>
          <ns3:TrackPointExtension>
            <ns3:hr>126</ns3:hr>
          </ns3:TrackPointExtension>
        </extensions>
      </trkpt>
      <trkpt lat="36.68952874839305877685546875" lon="117.219927795231342315673828125">
        <ele>86.40000152587890625</ele>
        <time>2026-08-16T06:48:34.000Z</time>
        <extensions>
          <ns3:TrackPointExtension>
            <ns3:hr>128</ns3:hr>
          </ns3:TrackPointExtension>
        </extensions>
      </trkpt>
      <trkpt lat="36.689531765878200531005859375" lon="117.21992419101297855377197265625">
        <ele>86.1999969482421875</ele>
        <time>2026-08-16T06:48:48.000Z</time>
        <extensions>
          <ns3:TrackPointExtension>
            <ns3:hr>129</ns3:hr>
          </ns3:TrackPointExtension>
        </extensions>
      </trkpt>
      <trkpt lat="36.68953218497335910797119140625" lon="117.219924442470073699951171875">
        <ele>86.1999969482421875</ele>
        <time>2026-08-16T06:48:49.000Z</time>
        <extensions>
          <ns3:TrackPointExtension>
            <ns3:hr>129</ns3:hr>
          </ns3:TrackPointExtension>
        </extensions>
      </trkpt>
      <trkpt lat="36.68953319080173969268798828125" lon="117.2199435532093048095703125">
        <ele>86.1999969482421875</ele>
        <time>2026-08-16T06:48:52.000Z</time>
        <extensions>
          <ns3:TrackPointExtension>
            <ns3:hr>129</ns3:hr>
          </ns3:TrackPointExtension>
        </extensions>
      </trkpt>
      <trkpt lat="36.689536459743976593017578125" lon="117.21998604945838451385498046875">
        <ele>86.1999969482421875</ele>
        <time>2026-08-16T06:48:54.000Z</time>
        <extensions>
          <ns3:TrackPointExtension>
            <ns3:hr>129</ns3:hr>
          </ns3:TrackPointExtension>
        </extensions>
      </trkpt>
      <trkpt lat="36.68954442255198955535888671875" lon="117.220223508775234222412109375">
        <ele>86.40000152587890625</ele>
        <time>2026-08-16T06:49:01.000Z</time>
        <extensions>
          <ns3:TrackPointExtension>
            <ns3:hr>128</ns3:hr>
          </ns3:TrackPointExtension>
        </extensions>
      </trkpt>
      <trkpt lat="36.68955154716968536376953125" lon="117.22029919736087322235107421875">
        <ele>86.59999847412109375</ele>
        <time>2026-08-16T06:49:03.000Z</time>
        <extensions>
          <ns3:TrackPointExtension>
            <ns3:hr>125</ns3:hr>
          </ns3:TrackPointExtension>
        </extensions>
      </trkpt>
      <trkpt lat="36.68954752385616302490234375" lon="117.22054227255284786224365234375">
        <ele>86.40000152587890625</ele>
        <time>2026-08-16T06:49:08.000Z</time>
        <extensions>
          <ns3:TrackPointExtension>
            <ns3:hr>123</ns3:hr>
          </ns3:TrackPointExtension>
        </extensions>
      </trkpt>
      <trkpt lat="36.68954257853329181671142578125" lon="117.2209274210035800933837890625">
        <ele>86.40000152587890625</ele>
        <time>2026-08-16T06:49:15.000Z</time>
        <extensions>
          <ns3:TrackPointExtension>
            <ns3:hr>125</ns3:hr>
          </ns3:TrackPointExtension>
        </extensions>
      </trkpt>
      <trkpt lat="36.68953503482043743133544921875" lon="117.22113437019288539886474609375">
        <ele>86</ele>
        <time>2026-08-16T06:49:19.000Z</time>
        <extensions>
          <ns3:TrackPointExtension>
            <ns3:hr>124</ns3:hr>
          </ns3:TrackPointExtension>
        </extensions>
      </trkpt>
      <trkpt lat="36.6895295865833759307861328125" lon="117.22131374292075634002685546875">
        <ele>85.8000030517578125</ele>
        <time>2026-08-16T06:49:22.000Z</time>
        <extensions>
          <ns3:TrackPointExtension>
            <ns3:hr>126</ns3:hr>
          </ns3:TrackPointExtension>
        </extensions>
      </trkpt>
      <trkpt lat="36.689488850533962249755859375" lon="117.22172244451940059661865234375">
        <ele>85.8000030517578125</ele>
        <time>2026-08-16T06:49:28.000Z</time>
        <extensions>
          <ns3:TrackPointExtension>
            <ns3:hr>128</ns3:hr>
          </ns3:TrackPointExtension>
        </extensions>
      </trkpt>
      <trkpt lat="36.6894652135670185089111328125" lon="117.222166769206523895263671875">
        <ele>85.40000152587890625</ele>
        <time>2026-08-16T06:49:34.000Z</time>
        <extensions>
          <ns3:TrackPointExtension>
            <ns3:hr>130</ns3:hr>
          </ns3:TrackPointExtension>
        </extensions>
      </trkpt>
      <trkpt lat="36.68944970704615116119384765625" lon="117.22232795320451259613037109375">
        <ele>85.1999969482421875</ele>
        <time>2026-08-16T06:49:36.000Z</time>
        <extensions>
          <ns3:TrackPointExtension>
            <ns3:hr>130</ns3:hr>
          </ns3:TrackPointExtension>
        </extensions>
      </trkpt>
      <trkpt lat="36.6894449293613433837890625" lon="117.22247597761452198028564453125">
        <ele>85.1999969482421875</ele>
        <time>2026-08-16T06:49:38.000Z</time>
        <extensions>
          <ns3:TrackPointExtension>
            <ns3:hr>130</ns3:hr>
          </ns3:TrackPointExtension>
        </extensions>
      </trkpt>
      <trkpt lat="36.6894393973052501678466796875" lon="117.22262400202453136444091796875">
        <ele>85.1999969482421875</ele>
        <time>2026-08-16T06:49:40.000Z</time>
        <extensions>
          <ns3:TrackPointExtension>
            <ns3:hr>132</ns3:hr>
          </ns3:TrackPointExtension>
        </extensions>
      </trkpt>
      <trkpt lat="36.68941517360508441925048828125" lon="117.22303404472768306732177734375">
        <ele>84.59999847412109375</ele>
        <time>2026-08-16T06:49:46.000Z</time>
        <extensions>
          <ns3:TrackPointExtension>
            <ns3:hr>132</ns3:hr>
          </ns3:TrackPointExtension>
        </extensions>
      </trkpt>
      <trkpt lat="36.68937142007052898406982421875" lon="117.223480381071567535400390625">
        <ele>84.40000152587890625</ele>
        <time>2026-08-16T06:49:52.000Z</time>
        <extensions>
          <ns3:TrackPointExtension>
            <ns3:hr>133</ns3:hr>
          </ns3:TrackPointExtension>
        </extensions>
      </trkpt>
      <trkpt lat="36.68937091715633869171142578125" lon="117.22388866357505321502685546875">
        <ele>84.1999969482421875</ele>
        <time>2026-08-16T06:49:57.000Z</time>
        <extensions>
          <ns3:TrackPointExtension>
            <ns3:hr>134</ns3:hr>
          </ns3:TrackPointExtension>
        </extensions>
      </trkpt>
      <trkpt lat="36.68937175534665584564208984375" lon="117.223966531455516815185546875">
        <ele>84.1999969482421875</ele>
        <time>2026-08-16T06:49:58.000Z</time>
        <extensions>
          <ns3:TrackPointExtension>
            <ns3:hr>134</ns3:hr>
          </ns3:TrackPointExtension>
        </extensions>
      </trkpt>
      <trkpt lat="36.689370162785053253173828125" lon="117.224424183368682861328125">
        <ele>83.59999847412109375</ele>
        <time>2026-08-16T06:50:04.000Z</time>
        <extensions>
          <ns3:TrackPointExtension>
            <ns3:hr>133</ns3:hr>
          </ns3:TrackPointExtension>
        </extensions>
      </trkpt>
      <trkpt lat="36.68935767374932765960693359375" lon="117.224714867770671844482421875">
        <ele>83.40000152587890625</ele>
        <time>2026-08-16T06:50:08.000Z</time>
        <extensions>
          <ns3:TrackPointExtension>
            <ns3:hr>130</ns3:hr>
          </ns3:TrackPointExtension>
        </extensions>
      </trkpt>
      <trkpt lat="36.68935331515967845916748046875" lon="117.22485492937266826629638671875">
        <ele>83.1999969482421875</ele>
        <time>2026-08-16T06:50:10.000Z</time>
        <extensions>
          <ns3:TrackPointExtension>
            <ns3:hr>131</ns3:hr>
          </ns3:TrackPointExtension>
        </extensions>
      </trkpt>
      <trkpt lat="36.689339317381381988525390625" lon="117.22514259628951549530029296875">
        <ele>83.1999969482421875</ele>
        <time>2026-08-16T06:50:14.000Z</time>
        <extensions>
          <ns3:TrackPointExtension>
            <ns3:hr>130</ns3:hr>
          </ns3:TrackPointExtension>
        </extensions>
      </trkpt>
      <trkpt lat="36.689344011247158050537109375" lon="117.2253755293786525726318359375">
        <ele>83</ele>
        <time>2026-08-16T06:50:17.000Z</time>
        <extensions>
          <ns3:TrackPointExtension>
            <ns3:hr>129</ns3:hr>
          </ns3:TrackPointExtension>
        </extensions>
      </trkpt>
      <trkpt lat="36.68933118693530559539794921875" lon="117.225625477731227874755859375">
        <ele>82.8000030517578125</ele>
        <time>2026-08-16T06:50:20.000Z</time>
        <extensions>
          <ns3:TrackPointExtension>
            <ns3:hr>132</ns3:hr>
          </ns3:TrackPointExtension>
        </extensions>
      </trkpt>
      <trkpt lat="36.68930989690124988555908203125" lon="117.2260558046400547027587890625">
        <ele>83</ele>
        <time>2026-08-16T06:50:25.000Z</time>
        <extensions>
          <ns3:TrackPointExtension>
            <ns3:hr>131</ns3:hr>
          </ns3:TrackPointExtension>
        </extensions>
      </trkpt>
      <trkpt lat="36.68932079337537288665771484375" lon="117.22660473547875881195068359375">
        <ele>83.1999969482421875</ele>
        <time>2026-08-16T06:50:32.000Z</time>
        <extensions>
          <ns3:TrackPointExtension>
            <ns3:hr>132</ns3:hr>
          </ns3:TrackPointExtension>
        </extensions>
      </trkpt>
      <trkpt lat="36.6893243975937366485595703125" lon="117.22696683369576930999755859375">
        <ele>83.40000152587890625</ele>
        <time>2026-08-16T06:50:38.000Z</time>
        <extensions>
          <ns3:TrackPointExtension>
            <ns3:hr>131</ns3:hr>
          </ns3:TrackPointExtension>
        </extensions>
      </trkpt>
      <trkpt lat="36.68932045809924602508544921875" lon="117.227016873657703399658203125">
        <ele>83.59999847412109375</ele>
        <time>2026-08-16T06:50:39.000Z</time>
        <extensions>
          <ns3:TrackPointExtension>
            <ns3:hr>130</ns3:hr>
          </ns3:TrackPointExtension>
        </extensions>
      </trkpt>
      <trkpt lat="36.6892974078655242919921875" lon="117.2271018661558628082275390625">
        <ele>83.59999847412109375</ele>
        <time>2026-08-16T06:50:41.000Z</time>
        <extensions>
          <ns3:TrackPointExtension>
            <ns3:hr>129</ns3:hr>
          </ns3:TrackPointExtension>
        </extensions>
      </trkpt>
      <trkpt lat="36.6892818175256252288818359375" lon="117.2271340526640415191650390625">
        <ele>83.8000030517578125</ele>
        <time>2026-08-16T06:50:42.000Z</time>
        <extensions>
          <ns3:TrackPointExtension>
            <ns3:hr>129</ns3:hr>
          </ns3:TrackPointExtension>
        </extensions>
      </trkpt>
      <trkpt lat="36.68927217833697795867919921875" lon="117.2271789796650409698486328125">
        <ele>84</ele>
        <time>2026-08-16T06:50:44.000Z</time>
        <extensions>
          <ns3:TrackPointExtension>
            <ns3:hr>128</ns3:hr>
          </ns3:TrackPointExtension>
        </extensions>
      </trkpt>
      <trkpt lat="36.6892660595476627349853515625" lon="117.22721309401094913482666015625">
        <ele>84</ele>
        <time>2026-08-16T06:50:46.000Z</time>
        <extensions>
          <ns3:TrackPointExtension>
            <ns3:hr>128</ns3:hr>
          </ns3:TrackPointExtension>
        </extensions>
      </trkpt>
      <trkpt lat="36.6892670653760433197021484375" lon="117.22722642123699188232421875">
        <ele>84.1999969482421875</ele>
        <time>2026-08-16T06:50:51.000Z</time>
        <extensions>
          <ns3:TrackPointExtension>
            <ns3:hr>126</ns3:hr>
          </ns3:TrackPointExtension>
        </extensions>
      </trkpt>
      <trkpt lat="36.68926312588155269622802734375" lon="117.227223403751850128173828125">
        <ele>84.1999969482421875</ele>
        <time>2026-08-16T06:50:56.000Z</time>
        <extensions>
          <ns3:TrackPointExtension>
            <ns3:hr>125</ns3:hr>
          </ns3:TrackPointExtension>
        </extensions>
      </trkpt>
      <trkpt lat="36.6892620362341403961181640625" lon="117.2272257506847381591796875">
        <ele>84.40000152587890625</ele>
        <time>2026-08-16T06:50:58.000Z</time>
        <extensions>
          <ns3:TrackPointExtension>
            <ns3:hr>126</ns3:hr>
          </ns3:TrackPointExtension>
        </extensions>
      </trkpt>
      <trkpt lat="36.68925541453063488006591796875" lon="117.22722331993281841278076171875">
        <ele>85</ele>
        <time>2026-08-16T06:51:06.000Z</time>
        <extensions>
          <ns3:TrackPointExtension>
            <ns3:hr>126</ns3:hr>
          </ns3:TrackPointExtension>
        </extensions>
      </trkpt>
      <trkpt lat="36.68925357051193714141845703125" lon="117.22722348757088184356689453125">
        <ele>84.40000152587890625</ele>
        <time>2026-08-16T06:51:13.000Z</time>
        <extensions>
          <ns3:TrackPointExtension>
            <ns3:hr>129</ns3:hr>
          </ns3:TrackPointExtension>
        </extensions>
      </trkpt>
      <trkpt lat="36.6892523132264614105224609375" lon="117.22722382284700870513916015625">
        <ele>84.40000152587890625</ele>
        <time>2026-08-16T06:51:14.000Z</time>
        <extensions>
          <ns3:TrackPointExtension>
            <ns3:hr>129</ns3:hr>
          </ns3:TrackPointExtension>
        </extensions>
      </trkpt>
      <trkpt lat="36.6892486251890659332275390625" lon="117.22721762023866176605224609375">
        <ele>84.8000030517578125</ele>
        <time>2026-08-16T06:51:21.000Z</time>
        <extensions>
          <ns3:TrackPointExtension>
            <ns3:hr>128</ns3:hr>
          </ns3:TrackPointExtension>
        </extensions>
      </trkpt>
      <trkpt lat="36.68924686498939990997314453125" lon="117.22722105681896209716796875">
        <ele>84.1999969482421875</ele>
        <time>2026-08-16T06:51:31.000Z</time>
        <extensions>
          <ns3:TrackPointExtension>
            <ns3:hr>128</ns3:hr>
          </ns3:TrackPointExtension>
        </extensions>
      </trkpt>
      <trkpt lat="36.6892570070922374725341796875" lon="117.2273067198693752288818359375">
        <ele>84.40000152587890625</ele>
        <time>2026-08-16T06:51:36.000Z</time>
        <extensions>
          <ns3:TrackPointExtension>
            <ns3:hr>128</ns3:hr>
          </ns3:TrackPointExtension>
        </extensions>
      </trkpt>
      <trkpt lat="36.68926614336669445037841796875" lon="117.2275400720536708831787109375">
        <ele>84.40000152587890625</ele>
        <time>2026-08-16T06:51:42.000Z</time>
        <extensions>
          <ns3:TrackPointExtension>
            <ns3:hr>126</ns3:hr>
          </ns3:TrackPointExtension>
        </extensions>
      </trkpt>
      <trkpt lat="36.68928072787821292877197265625" lon="117.2276922874152660369873046875">
        <ele>84.40000152587890625</ele>
        <time>2026-08-16T06:51:45.000Z</time>
        <extensions>
          <ns3:TrackPointExtension>
            <ns3:hr>123</ns3:hr>
          </ns3:TrackPointExtension>
        </extensions>
      </trkpt>
      <trkpt lat="36.68927687220275402069091796875" lon="117.2279249690473079681396484375">
        <ele>84.40000152587890625</ele>
        <time>2026-08-16T06:51:49.000Z</time>
        <extensions>
          <ns3:TrackPointExtension>
            <ns3:hr>122</ns3:hr>
          </ns3:TrackPointExtension>
        </extensions>
      </trkpt>
      <trkpt lat="36.6892838291823863983154296875" lon="117.228054888546466827392578125">
        <ele>84.59999847412109375</ele>
        <time>2026-08-16T06:51:51.000Z</time>
        <extensions>
          <ns3:TrackPointExtension>
            <ns3:hr>126</ns3:hr>
          </ns3:TrackPointExtension>
        </extensions>
      </trkpt>
      <trkpt lat="36.68929673731327056884765625" lon="117.22825228236615657806396484375">
        <ele>85</ele>
        <time>2026-08-16T06:51:54.000Z</time>
        <extensions>
          <ns3:TrackPointExtension>
            <ns3:hr>123</ns3:hr>
          </ns3:TrackPointExtension>
        </extensions>
      </trkpt>
      <trkpt lat="36.68929682113230228424072265625" lon="117.22831749357283115386962890625">
        <ele>85</ele>
        <time>2026-08-16T06:51:55.000Z</time>
        <extensions>
          <ns3:TrackPointExtension>
            <ns3:hr>123</ns3:hr>
          </ns3:TrackPointExtension>
        </extensions>
      </trkpt>
      <trkpt lat="36.68929296545684337615966796875" lon="117.22852000035345554351806640625">
        <ele>85.1999969482421875</ele>
        <time>2026-08-16T06:51:58.000Z</time>
        <extensions>
          <ns3:TrackPointExtension>
            <ns3:hr>126</ns3:hr>
          </ns3:TrackPointExtension>
        </extensions>
      </trkpt>
      <trkpt lat="36.689279638230800628662109375" lon="117.22865394316613674163818359375">
        <ele>85.40000152587890625</ele>
        <time>2026-08-16T06:52:00.000Z</time>
        <extensions>
          <ns3:TrackPointExtension>
            <ns3:hr>129</ns3:hr>
          </ns3:TrackPointExtension>
        </extensions>
      </trkpt>
      <trkpt lat="36.68927821330726146697998046875" lon="117.22872175276279449462890625">
        <ele>85.40000152587890625</ele>
        <time>2026-08-16T06:52:01.000Z</time>
        <extensions>
          <ns3:TrackPointExtension>
            <ns3:hr>131</ns3:hr>
          </ns3:TrackPointExtension>
        </extensions>
      </trkpt>
      <trkpt lat="36.68928064405918121337890625" lon="117.228863239288330078125">
        <ele>85.59999847412109375</ele>
        <time>2026-08-16T06:52:03.000Z</time>
        <extensions>
          <ns3:TrackPointExtension>
            <ns3:hr>132</ns3:hr>
          </ns3:TrackPointExtension>
        </extensions>
      </trkpt>
      <trkpt lat="36.68927351944148540496826171875" lon="117.2289884649217128753662109375">
        <ele>85.8000030517578125</ele>
        <time>2026-08-16T06:52:05.000Z</time>
        <extensions>
          <ns3:TrackPointExtension>
            <ns3:hr>132</ns3:hr>
          </ns3:TrackPointExtension>
        </extensions>
      </trkpt>
      <trkpt lat="36.68927100487053394317626953125" lon="117.2290511615574359893798828125">
        <ele>86</ele>
        <time>2026-08-16T06:52:06.000Z</time>
        <extensions>
          <ns3:TrackPointExtension>
            <ns3:hr>132</ns3:hr>
          </ns3:TrackPointExtension>
        </extensions>
      </trkpt>
      <trkpt lat="36.6892714239656925201416015625" lon="117.22916356287896633148193359375">
        <ele>86.1999969482421875</ele>
        <time>2026-08-16T06:52:08.000Z</time>
        <extensions>
          <ns3:TrackPointExtension>
            <ns3:hr>132</ns3:hr>
          </ns3:TrackPointExtension>
        </extensions>
      </trkpt>
      <trkpt lat="36.68926513753831386566162109375" lon="117.22921083681285381317138671875">
        <ele>86.1999969482421875</ele>
        <time>2026-08-16T06:52:09.000Z</time>
        <extensions>
          <ns3:TrackPointExtension>
            <ns3:hr>133</ns3:hr>
          </ns3:TrackPointExtension>
        </extensions>
      </trkpt>
      <trkpt lat="36.68925859965384006500244140625" lon="117.22947285510599613189697265625">
        <ele>86</ele>
        <time>2026-08-16T06:52:15.000Z</time>
        <extensions>
          <ns3:TrackPointExtension>
            <ns3:hr>134</ns3:hr>
          </ns3:TrackPointExtension>
        </extensions>
      </trkpt>
      <trkpt lat="36.689250133931636810302734375" lon="117.22970201633870601654052734375">
        <ele>86</ele>
        <time>2026-08-16T06:52:20.000Z</time>
        <extensions>
          <ns3:TrackPointExtension>
            <ns3:hr>133</ns3:hr>
          </ns3:TrackPointExtension>
        </extensions>
      </trkpt>
      <trkpt lat="36.68925792910158634185791015625" lon="117.22985892556607723236083984375">
        <ele>86.1999969482421875</ele>
        <time>2026-08-16T06:52:23.000Z</time>
        <extensions>
          <ns3:TrackPointExtension>
            <ns3:hr>134</ns3:hr>
          </ns3:TrackPointExtension>
        </extensions>
      </trkpt>
      <trkpt lat="36.6892637126147747039794921875" lon="117.22996688447892665863037109375">
        <ele>86.40000152587890625</ele>
        <time>2026-08-16T06:52:25.000Z</time>
        <extensions>
          <ns3:TrackPointExtension>
            <ns3:hr>134</ns3:hr>
          </ns3:TrackPointExtension>
        </extensions>
      </trkpt>
      <trkpt lat="36.68925910256803035736083984375" lon="117.23031523637473583221435546875">
        <ele>86.8000030517578125</ele>
        <time>2026-08-16T06:52:31.000Z</time>
        <extensions>
          <ns3:TrackPointExtension>
            <ns3:hr>136</ns3:hr>
          </ns3:TrackPointExtension>
        </extensions>
      </trkpt>
      <trkpt lat="36.6892549954354763031005859375" lon="117.23076668567955493927001953125">
        <ele>87</ele>
        <time>2026-08-16T06:52:38.000Z</time>
        <extensions>
          <ns3:TrackPointExtension>
            <ns3:hr>136</ns3:hr>
          </ns3:TrackPointExtension>
        </extensions>
      </trkpt>
      <trkpt lat="36.689260192215442657470703125" lon="117.23096164874732494354248046875">
        <ele>87.40000152587890625</ele>
        <time>2026-08-16T06:52:41.000Z</time>
        <extensions>
          <ns3:TrackPointExtension>
            <ns3:hr>137</ns3:hr>
          </ns3:TrackPointExtension>
        </extensions>
      </trkpt>
      <trkpt lat="36.6892439313232898712158203125" lon="117.2311283648014068603515625">
        <ele>87.40000152587890625</ele>
        <time>2026-08-16T06:52:44.000Z</time>
        <extensions>
          <ns3:TrackPointExtension>
            <ns3:hr>138</ns3:hr>
          </ns3:TrackPointExtension>
        </extensions>
      </trkpt>
      <trkpt lat="36.68923764489591121673583984375" lon="117.2311828471720218658447265625">
        <ele>87.40000152587890625</ele>
        <time>2026-08-16T06:52:45.000Z</time>
        <extensions>
          <ns3:TrackPointExtension>
            <ns3:hr>138</ns3:hr>
          </ns3:TrackPointExtension>
        </extensions>
      </trkpt>
      <trkpt lat="36.6892335377633571624755859375" lon="117.2313320450484752655029296875">
        <ele>87.40000152587890625</ele>
        <time>2026-08-16T06:52:48.000Z</time>
        <extensions>
          <ns3:TrackPointExtension>
            <ns3:hr>138</ns3:hr>
          </ns3:TrackPointExtension>
        </extensions>
      </trkpt>
      <trkpt lat="36.689231358468532562255859375" lon="117.23137470893561840057373046875">
        <ele>87.40000152587890625</ele>
        <time>2026-08-16T06:52:49.000Z</time>
        <extensions>
          <ns3:TrackPointExtension>
            <ns3:hr>138</ns3:hr>
          </ns3:TrackPointExtension>
        </extensions>
      </trkpt>
      <trkpt lat="36.68922523967921733856201171875" lon="117.231417708098888397216796875">
        <ele>87.40000152587890625</ele>
        <time>2026-08-16T06:52:50.000Z</time>
        <extensions>
          <ns3:TrackPointExtension>
            <ns3:hr>138</ns3:hr>
          </ns3:TrackPointExtension>
        </extensions>
      </trkpt>
      <trkpt lat="36.6892321966588497161865234375" lon="117.2314990125596523284912109375">
        <ele>87.40000152587890625</ele>
        <time>2026-08-16T06:52:52.000Z</time>
        <extensions>
          <ns3:TrackPointExtension>
            <ns3:hr>138</ns3:hr>
          </ns3:TrackPointExtension>
        </extensions>
      </trkpt>
      <trkpt lat="36.6892437636852264404296875" lon="117.2315379045903682708740234375">
        <ele>87.40000152587890625</ele>
        <time>2026-08-16T06:52:53.000Z</time>
        <extensions>
          <ns3:TrackPointExtension>
            <ns3:hr>138</ns3:hr>
          </ns3:TrackPointExtension>
        </extensions>
      </trkpt>
      <trkpt lat="36.6892409138381481170654296875" lon="117.23160638473927974700927734375">
        <ele>87.40000152587890625</ele>
        <time>2026-08-16T06:52:55.000Z</time>
        <extensions>
          <ns3:TrackPointExtension>
            <ns3:hr>138</ns3:hr>
          </ns3:TrackPointExtension>
        </extensions>
      </trkpt>
      <trkpt lat="36.6892513073980808258056640625" lon="117.2317648865282535552978515625">
        <ele>87.8000030517578125</ele>
        <time>2026-08-16T06:52:59.000Z</time>
        <extensions>
          <ns3:TrackPointExtension>
            <ns3:hr>138</ns3:hr>
          </ns3:TrackPointExtension>
        </extensions>
      </trkpt>
      <trkpt lat="36.68923596851527690887451171875" lon="117.23199480213224887847900390625">
        <ele>88.1999969482421875</ele>
        <time>2026-08-16T06:53:04.000Z</time>
        <extensions>
          <ns3:TrackPointExtension>
            <ns3:hr>138</ns3:hr>
          </ns3:TrackPointExtension>
        </extensions>
      </trkpt>
      <trkpt lat="36.68923370540142059326171875" lon="117.23208482377231121063232421875">
        <ele>88.40000152587890625</ele>
        <time>2026-08-16T06:53:06.000Z</time>
        <extensions>
          <ns3:TrackPointExtension>
            <ns3:hr>138</ns3:hr>
          </ns3:TrackPointExtension>
        </extensions>
      </trkpt>
      <trkpt lat="36.68922834098339080810546875" lon="117.23225019872188568115234375">
        <ele>88.8000030517578125</ele>
        <time>2026-08-16T06:53:10.000Z</time>
        <extensions>
          <ns3:TrackPointExtension>
            <ns3:hr>138</ns3:hr>
          </ns3:TrackPointExtension>
        </extensions>
      </trkpt>
      <trkpt lat="36.68923848308622837066650390625" lon="117.23245027475059032440185546875">
        <ele>89</ele>
        <time>2026-08-16T06:53:15.000Z</time>
        <extensions>
          <ns3:TrackPointExtension>
            <ns3:hr>136</ns3:hr>
          </ns3:TrackPointExtension>
        </extensions>
      </trkpt>
      <trkpt lat="36.6892110742628574371337890625" lon="117.232642471790313720703125">
        <ele>89.40000152587890625</ele>
        <time>2026-08-16T06:53:20.000Z</time>
        <extensions>
          <ns3:TrackPointExtension>
            <ns3:hr>135</ns3:hr>
          </ns3:TrackPointExtension>
        </extensions>
      </trkpt>
      <trkpt lat="36.689216606318950653076171875" lon="117.2328012250363826751708984375">
        <ele>89.8000030517578125</ele>
        <time>2026-08-16T06:53:24.000Z</time>
        <extensions>
          <ns3:TrackPointExtension>
            <ns3:hr>136</ns3:hr>
          </ns3:TrackPointExtension>
        </extensions>
      </trkpt>
      <trkpt lat="36.68920981697738170623779296875" lon="117.23284296691417694091796875">
        <ele>90</ele>
        <time>2026-08-16T06:53:25.000Z</time>
        <extensions>
          <ns3:TrackPointExtension>
            <ns3:hr>137</ns3:hr>
          </ns3:TrackPointExtension>
        </extensions>
      </trkpt>
      <trkpt lat="36.68920378200709819793701171875" lon="117.23291597329080104827880859375">
        <ele>90.40000152587890625</ele>
        <time>2026-08-16T06:53:27.000Z</time>
        <extensions>
          <ns3:TrackPointExtension>
            <ns3:hr>140</ns3:hr>
          </ns3:TrackPointExtension>
        </extensions>
      </trkpt>
      <trkpt lat="36.6891906224191188812255859375" lon="117.23294564522802829742431640625">
        <ele>90.40000152587890625</ele>
        <time>2026-08-16T06:53:28.000Z</time>
        <extensions>
          <ns3:TrackPointExtension>
            <ns3:hr>143</ns3:hr>
          </ns3:TrackPointExtension>
        </extensions>
      </trkpt>
      <trkpt lat="36.6891852580010890960693359375" lon="117.232978083193302154541015625">
        <ele>90.59999847412109375</ele>
        <time>2026-08-16T06:53:29.000Z</time>
        <extensions>
          <ns3:TrackPointExtension>
            <ns3:hr>144</ns3:hr>
          </ns3:TrackPointExtension>
        </extensions>
      </trkpt>
      <trkpt lat="36.6891812346875667572021484375" lon="117.2331056557595729827880859375">
        <ele>91.1999969482421875</ele>
        <time>2026-08-16T06:53:33.000Z</time>
        <extensions>
          <ns3:TrackPointExtension>
            <ns3:hr>141</ns3:hr>
          </ns3:TrackPointExtension>
        </extensions>
      </trkpt>
      <trkpt lat="36.68919213116168975830078125" lon="117.2331975214183330535888671875">
        <ele>91.40000152587890625</ele>
        <time>2026-08-16T06:53:36.000Z</time>
        <extensions>
          <ns3:TrackPointExtension>
            <ns3:hr>140</ns3:hr>
          </ns3:TrackPointExtension>
        </extensions>
      </trkpt>
      <trkpt lat="36.68919003568589687347412109375" lon="117.2333170473575592041015625">
        <ele>91.8000030517578125</ele>
        <time>2026-08-16T06:53:39.000Z</time>
        <extensions>
          <ns3:TrackPointExtension>
            <ns3:hr>139</ns3:hr>
          </ns3:TrackPointExtension>
        </extensions>
      </trkpt>
      <trkpt lat="36.689182408154010772705078125" lon="117.2334808297455310821533203125">
        <ele>92.59999847412109375</ele>
        <time>2026-08-16T06:53:43.000Z</time>
        <extensions>
          <ns3:TrackPointExtension>
            <ns3:hr>138</ns3:hr>
          </ns3:TrackPointExtension>
        </extensions>
      </trkpt>
      <trkpt lat="36.68919137679040431976318359375" lon="117.233557440340518951416015625">
        <ele>92.8000030517578125</ele>
        <time>2026-08-16T06:53:45.000Z</time>
        <extensions>
          <ns3:TrackPointExtension>
            <ns3:hr>138</ns3:hr>
          </ns3:TrackPointExtension>
        </extensions>
      </trkpt>
      <trkpt lat="36.6891949810087680816650390625" lon="117.233685515820980072021484375">
        <ele>93.40000152587890625</ele>
        <time>2026-08-16T06:53:49.000Z</time>
        <extensions>
          <ns3:TrackPointExtension>
            <ns3:hr>139</ns3:hr>
          </ns3:TrackPointExtension>
        </extensions>
      </trkpt>
      <trkpt lat="36.68918408453464508056640625" lon="117.23378174006938934326171875">
        <ele>93.59999847412109375</ele>
        <time>2026-08-16T06:53:52.000Z</time>
        <extensions>
          <ns3:TrackPointExtension>
            <ns3:hr>140</ns3:hr>
          </ns3:TrackPointExtension>
        </extensions>
      </trkpt>
      <trkpt lat="36.6891820728778839111328125" lon="117.23383513279259204864501953125">
        <ele>94</ele>
        <time>2026-08-16T06:53:54.000Z</time>
        <extensions>
          <ns3:TrackPointExtension>
            <ns3:hr>140</ns3:hr>
          </ns3:TrackPointExtension>
        </extensions>
      </trkpt>
      <trkpt lat="36.68921031989157199859619140625" lon="117.23402406089007854461669921875">
        <ele>94.59999847412109375</ele>
        <time>2026-08-16T06:54:01.000Z</time>
        <extensions>
          <ns3:TrackPointExtension>
            <ns3:hr>142</ns3:hr>
          </ns3:TrackPointExtension>
        </extensions>
      </trkpt>
      <trkpt lat="36.68921652249991893768310546875" lon="117.2340504638850688934326171875">
        <ele>94.59999847412109375</ele>
        <time>2026-08-16T06:54:02.000Z</time>
        <extensions>
          <ns3:TrackPointExtension>
            <ns3:hr>143</ns3:hr>
          </ns3:TrackPointExtension>
        </extensions>
      </trkpt>
      <trkpt lat="36.6891949810087680816650390625" lon="117.2342026792466640472412109375">
        <ele>95.1999969482421875</ele>
        <time>2026-08-16T06:54:08.000Z</time>
        <extensions>
          <ns3:TrackPointExtension>
            <ns3:hr>143</ns3:hr>
          </ns3:TrackPointExtension>
        </extensions>
      </trkpt>
      <trkpt lat="36.68918450362980365753173828125" lon="117.234234698116779327392578125">
        <ele>95.40000152587890625</ele>
        <time>2026-08-16T06:54:13.000Z</time>
        <extensions>
          <ns3:TrackPointExtension>
            <ns3:hr>143</ns3:hr>
          </ns3:TrackPointExtension>
        </extensions>
      </trkpt>
      <trkpt lat="36.6891874372959136962890625" lon="117.23423310555517673492431640625">
        <ele>95.40000152587890625</ele>
        <time>2026-08-16T06:54:22.000Z</time>
        <extensions>
          <ns3:TrackPointExtension>
            <ns3:hr>141</ns3:hr>
          </ns3:TrackPointExtension>
        </extensions>
      </trkpt>
      <trkpt lat="36.689186431467533111572265625" lon="117.2342331893742084503173828125">
        <ele>95.1999969482421875</ele>
        <time>2026-08-16T06:54:28.000Z</time>
        <extensions>
          <ns3:TrackPointExtension>
            <ns3:hr>142</ns3:hr>
          </ns3:TrackPointExtension>
        </extensions>
      </trkpt>
      <trkpt lat="36.68918450362980365753173828125" lon="117.2342321835458278656005859375">
        <ele>95.1999969482421875</ele>
        <time>2026-08-16T06:54:35.000Z</time>
        <extensions>
          <ns3:TrackPointExtension>
            <ns3:hr>141</ns3:hr>
          </ns3:TrackPointExtension>
        </extensions>
      </trkpt>
      <trkpt lat="36.68918676674365997314453125" lon="117.23423494957387447357177734375">
        <ele>95.40000152587890625</ele>
        <time>2026-08-16T06:54:42.000Z</time>
        <extensions>
          <ns3:TrackPointExtension>
            <ns3:hr>141</ns3:hr>
          </ns3:TrackPointExtension>
        </extensions>
      </trkpt>
      <trkpt lat="36.6891793906688690185546875" lon="117.23425573669373989105224609375">
        <ele>95.40000152587890625</ele>
        <time>2026-08-16T06:54:49.000Z</time>
        <extensions>
          <ns3:TrackPointExtension>
            <ns3:hr>140</ns3:hr>
          </ns3:TrackPointExtension>
        </extensions>
      </trkpt>
      <trkpt lat="36.68916773982346057891845703125" lon="117.23438599146902561187744140625">
        <ele>95.59999847412109375</ele>
        <time>2026-08-16T06:54:54.000Z</time>
        <extensions>
          <ns3:TrackPointExtension>
            <ns3:hr>138</ns3:hr>
          </ns3:TrackPointExtension>
        </extensions>
      </trkpt>
      <trkpt lat="36.68916606344282627105712890625" lon="117.23441465757787227630615234375">
        <ele>95.8000030517578125</ele>
        <time>2026-08-16T06:54:55.000Z</time>
        <extensions>
          <ns3:TrackPointExtension>
            <ns3:hr>138</ns3:hr>
          </ns3:TrackPointExtension>
        </extensions>
      </trkpt>
      <trkpt lat="36.68917042203247547149658203125" lon="117.23457005806267261505126953125">
        <ele>96.59999847412109375</ele>
        <time>2026-08-16T06:55:01.000Z</time>
        <extensions>
          <ns3:TrackPointExtension>
            <ns3:hr>137</ns3:hr>
          </ns3:TrackPointExtension>
        </extensions>
      </trkpt>
      <trkpt lat="36.689172349870204925537109375" lon="117.2346040047705173492431640625">
        <ele>96.8000030517578125</ele>
        <time>2026-08-16T06:55:02.000Z</time>
        <extensions>
          <ns3:TrackPointExtension>
            <ns3:hr>136</ns3:hr>
          </ns3:TrackPointExtension>
        </extensions>
      </trkpt>
      <trkpt lat="36.6891839168965816497802734375" lon="117.23476368002593517303466796875">
        <ele>97.1999969482421875</ele>
        <time>2026-08-16T06:55:06.000Z</time>
        <extensions>
          <ns3:TrackPointExtension>
            <ns3:hr>133</ns3:hr>
          </ns3:TrackPointExtension>
        </extensions>
      </trkpt>
      <trkpt lat="36.68917394243180751800537109375" lon="117.23492528311908245086669921875">
        <ele>97.8000030517578125</ele>
        <time>2026-08-16T06:55:10.000Z</time>
        <extensions>
          <ns3:TrackPointExtension>
            <ns3:hr>132</ns3:hr>
          </ns3:TrackPointExtension>
        </extensions>
      </trkpt>
      <trkpt lat="36.6891946457326412200927734375" lon="117.23500725813210010528564453125">
        <ele>98.1999969482421875</ele>
        <time>2026-08-16T06:55:12.000Z</time>
        <extensions>
          <ns3:TrackPointExtension>
            <ns3:hr>134</ns3:hr>
          </ns3:TrackPointExtension>
        </extensions>
      </trkpt>
      <trkpt lat="36.6892161034047603607177734375" lon="117.23511890508234500885009765625">
        <ele>98.59999847412109375</ele>
        <time>2026-08-16T06:55:15.000Z</time>
        <extensions>
          <ns3:TrackPointExtension>
            <ns3:hr>137</ns3:hr>
          </ns3:TrackPointExtension>
        </extensions>
      </trkpt>
      <trkpt lat="36.6892214678227901458740234375" lon="117.2351639159023761749267578125">
        <ele>98.8000030517578125</ele>
        <time>2026-08-16T06:55:16.000Z</time>
        <extensions>
          <ns3:TrackPointExtension>
            <ns3:hr>138</ns3:hr>
          </ns3:TrackPointExtension>
        </extensions>
      </trkpt>
      <trkpt lat="36.68921761214733123779296875" lon="117.23519987426698207855224609375">
        <ele>99</ele>
        <time>2026-08-16T06:55:17.000Z</time>
        <extensions>
          <ns3:TrackPointExtension>
            <ns3:hr>138</ns3:hr>
          </ns3:TrackPointExtension>
        </extensions>
      </trkpt>
      <trkpt lat="36.68923747725784778594970703125" lon="117.2354126907885074615478515625">
        <ele>99.8000030517578125</ele>
        <time>2026-08-16T06:55:22.000Z</time>
        <extensions>
          <ns3:TrackPointExtension>
            <ns3:hr>140</ns3:hr>
          </ns3:TrackPointExtension>
        </extensions>
      </trkpt>
      <trkpt lat="36.6892456077039241790771484375" lon="117.2354623116552829742431640625">
        <ele>100</ele>
        <time>2026-08-16T06:55:23.000Z</time>
        <extensions>
          <ns3:TrackPointExtension>
            <ns3:hr>140</ns3:hr>
          </ns3:TrackPointExtension>
        </extensions>
      </trkpt>
      <trkpt lat="36.6892647184431552886962890625" lon="117.23562785424292087554931640625">
        <ele>100.59999847412109375</ele>
        <time>2026-08-16T06:55:27.000Z</time>
        <extensions>
          <ns3:TrackPointExtension>
            <ns3:hr>143</ns3:hr>
          </ns3:TrackPointExtension>
        </extensions>
      </trkpt>
      <trkpt lat="36.6892838291823863983154296875" lon="117.2356976754963397979736328125">
        <ele>101</ele>
        <time>2026-08-16T06:55:29.000Z</time>
        <extensions>
          <ns3:TrackPointExtension>
            <ns3:hr>144</ns3:hr>
          </ns3:TrackPointExtension>
        </extensions>
      </trkpt>
      <trkpt lat="36.68933185748755931854248046875" lon="117.23584410734474658966064453125">
        <ele>101.40000152587890625</ele>
        <time>2026-08-16T06:55:34.000Z</time>
        <extensions>
          <ns3:TrackPointExtension>
            <ns3:hr>146</ns3:hr>
          </ns3:TrackPointExtension>
        </extensions>
      </trkpt>
      <trkpt lat="36.68935733847320079803466796875" lon="117.2359870187938213348388671875">
        <ele>102</ele>
        <time>2026-08-16T06:55:39.000Z</time>
        <extensions>
          <ns3:TrackPointExtension>
            <ns3:hr>147</ns3:hr>
          </ns3:TrackPointExtension>
        </extensions>
      </trkpt>
      <trkpt lat="36.68936312198638916015625" lon="117.23601593635976314544677734375">
        <ele>102.1999969482421875</ele>
        <time>2026-08-16T06:55:40.000Z</time>
        <extensions>
          <ns3:TrackPointExtension>
            <ns3:hr>147</ns3:hr>
          </ns3:TrackPointExtension>
        </extensions>
      </trkpt>
      <trkpt lat="36.6894105635583400726318359375" lon="117.2361466102302074432373046875">
        <ele>102.59999847412109375</ele>
        <time>2026-08-16T06:55:44.000Z</time>
        <extensions>
          <ns3:TrackPointExtension>
            <ns3:hr>146</ns3:hr>
          </ns3:TrackPointExtension>
        </extensions>
      </trkpt>
      <trkpt lat="36.68946462683379650115966796875" lon="117.23630762659013271331787109375">
        <ele>103.1999969482421875</ele>
        <time>2026-08-16T06:55:48.000Z</time>
        <extensions>
          <ns3:TrackPointExtension>
            <ns3:hr>146</ns3:hr>
          </ns3:TrackPointExtension>
        </extensions>
      </trkpt>
      <trkpt lat="36.68952799402177333831787109375" lon="117.2364778630435466766357421875">
        <ele>103.8000030517578125</ele>
        <time>2026-08-16T06:55:52.000Z</time>
        <extensions>
          <ns3:TrackPointExtension>
            <ns3:hr>147</ns3:hr>
          </ns3:TrackPointExtension>
        </extensions>
      </trkpt>
      <trkpt lat="36.6895832307636737823486328125" lon="117.23660602234303951263427734375">
        <ele>104.1999969482421875</ele>
        <time>2026-08-16T06:55:55.000Z</time>
        <extensions>
          <ns3:TrackPointExtension>
            <ns3:hr>150</ns3:hr>
          </ns3:TrackPointExtension>
        </extensions>
      </trkpt>
      <trkpt lat="36.68965690769255161285400390625" lon="117.2367531247437000274658203125">
        <ele>105</ele>
        <time>2026-08-16T06:55:59.000Z</time>
        <extensions>
          <ns3:TrackPointExtension>
            <ns3:hr>152</ns3:hr>
          </ns3:TrackPointExtension>
        </extensions>
      </trkpt>
      <trkpt lat="36.68970644474029541015625" lon="117.2368553839623928070068359375">
        <ele>105.40000152587890625</ele>
        <time>2026-08-16T06:56:02.000Z</time>
        <extensions>
          <ns3:TrackPointExtension>
            <ns3:hr>154</ns3:hr>
          </ns3:TrackPointExtension>
        </extensions>
      </trkpt>
      <trkpt lat="36.68975112028419971466064453125" lon="117.2369301505386829376220703125">
        <ele>105.59999847412109375</ele>
        <time>2026-08-16T06:56:05.000Z</time>
        <extensions>
          <ns3:TrackPointExtension>
            <ns3:hr>155</ns3:hr>
          </ns3:TrackPointExtension>
        </extensions>
      </trkpt>
      <trkpt lat="36.68985036201775074005126953125" lon="117.23708764649927616119384765625">
        <ele>106.40000152587890625</ele>
        <time>2026-08-16T06:56:11.000Z</time>
        <extensions>
          <ns3:TrackPointExtension>
            <ns3:hr>156</ns3:hr>
          </ns3:TrackPointExtension>
        </extensions>
      </trkpt>
      <trkpt lat="36.68997458182275295257568359375" lon="117.2372664324939250946044921875">
        <ele>107</ele>
        <time>2026-08-16T06:56:17.000Z</time>
        <extensions>
          <ns3:TrackPointExtension>
            <ns3:hr>156</ns3:hr>
          </ns3:TrackPointExtension>
        </extensions>
      </trkpt>
      <trkpt lat="36.69001481495797634124755859375" lon="117.2373230941593647003173828125">
        <ele>107.40000152587890625</ele>
        <time>2026-08-16T06:56:19.000Z</time>
        <extensions>
          <ns3:TrackPointExtension>
            <ns3:hr>155</ns3:hr>
          </ns3:TrackPointExtension>
        </extensions>
      </trkpt>
      <trkpt lat="36.69012864120304584503173828125" lon="117.237451337277889251708984375">
        <ele>108</ele>
        <time>2026-08-16T06:56:24.000Z</time>
        <extensions>
          <ns3:TrackPointExtension>
            <ns3:hr>155</ns3:hr>
          </ns3:TrackPointExtension>
        </extensions>
      </trkpt>
      <trkpt lat="36.69017960317432880401611328125" lon="117.237501628696918487548828125">
        <ele>108.40000152587890625</ele>
        <time>2026-08-16T06:56:26.000Z</time>
        <extensions>
          <ns3:TrackPointExtension>
            <ns3:hr>156</ns3:hr>
          </ns3:TrackPointExtension>
        </extensions>
      </trkpt>
      <trkpt lat="36.69028152711689472198486328125" lon="117.2375986911356449127197265625">
        <ele>109</ele>
        <time>2026-08-16T06:56:30.000Z</time>
        <extensions>
          <ns3:TrackPointExtension>
            <ns3:hr>156</ns3:hr>
          </ns3:TrackPointExtension>
        </extensions>
      </trkpt>
      <trkpt lat="36.69035210274159908294677734375" lon="117.237652502954006195068359375">
        <ele>109.40000152587890625</ele>
        <time>2026-08-16T06:56:33.000Z</time>
        <extensions>
          <ns3:TrackPointExtension>
            <ns3:hr>157</ns3:hr>
          </ns3:TrackPointExtension>
        </extensions>
      </trkpt>
      <trkpt lat="36.6903989575803279876708984375" lon="117.23767270334064960479736328125">
        <ele>109.59999847412109375</ele>
        <time>2026-08-16T06:56:35.000Z</time>
        <extensions>
          <ns3:TrackPointExtension>
            <ns3:hr>157</ns3:hr>
          </ns3:TrackPointExtension>
        </extensions>
      </trkpt>
      <trkpt lat="36.6904921643435955047607421875" lon="117.237738333642482757568359375">
        <ele>110.1999969482421875</ele>
        <time>2026-08-16T06:56:41.000Z</time>
        <extensions>
          <ns3:TrackPointExtension>
            <ns3:hr>158</ns3:hr>
          </ns3:TrackPointExtension>
        </extensions>
      </trkpt>
      <trkpt lat="36.69054086320102214813232421875" lon="117.23777630366384983062744140625">
        <ele>110.59999847412109375</ele>
        <time>2026-08-16T06:56:44.000Z</time>
        <extensions>
          <ns3:TrackPointExtension>
            <ns3:hr>157</ns3:hr>
          </ns3:TrackPointExtension>
        </extensions>
      </trkpt>
      <trkpt lat="36.69060909189283847808837890625" lon="117.2378152795135974884033203125">
        <ele>111</ele>
        <time>2026-08-16T06:56:47.000Z</time>
        <extensions>
          <ns3:TrackPointExtension>
            <ns3:hr>157</ns3:hr>
          </ns3:TrackPointExtension>
        </extensions>
      </trkpt>
      <trkpt lat="36.6907603852450847625732421875" lon="117.23793488927185535430908203125">
        <ele>111.59999847412109375</ele>
        <time>2026-08-16T06:56:53.000Z</time>
        <extensions>
          <ns3:TrackPointExtension>
            <ns3:hr>155</ns3:hr>
          </ns3:TrackPointExtension>
        </extensions>
      </trkpt>
      <trkpt lat="36.69078712351620197296142578125" lon="117.23795928061008453369140625">
        <ele>111.8000030517578125</ele>
        <time>2026-08-16T06:56:54.000Z</time>
        <extensions>
          <ns3:TrackPointExtension>
            <ns3:hr>155</ns3:hr>
          </ns3:TrackPointExtension>
        </extensions>
      </trkpt>
      <trkpt lat="36.69097303412854671478271484375" lon="117.2380804829299449920654296875">
        <ele>112.8000030517578125</ele>
        <time>2026-08-16T06:57:01.000Z</time>
        <extensions>
          <ns3:TrackPointExtension>
            <ns3:hr>155</ns3:hr>
          </ns3:TrackPointExtension>
        </extensions>
      </trkpt>
      <trkpt lat="36.69113430194556713104248046875" lon="117.2381921298801898956298828125">
        <ele>113.59999847412109375</ele>
        <time>2026-08-16T06:57:07.000Z</time>
        <extensions>
          <ns3:TrackPointExtension>
            <ns3:hr>156</ns3:hr>
          </ns3:TrackPointExtension>
        </extensions>
      </trkpt>
      <trkpt lat="36.69115844182670116424560546875" lon="117.23821719177067279815673828125">
        <ele>113.8000030517578125</ele>
        <time>2026-08-16T06:57:08.000Z</time>
        <extensions>
          <ns3:TrackPointExtension>
            <ns3:hr>156</ns3:hr>
          </ns3:TrackPointExtension>
        </extensions>
      </trkpt>
      <trkpt lat="36.6912609525024890899658203125" lon="117.23829858005046844482421875">
        <ele>114.1999969482421875</ele>
        <time>2026-08-16T06:57:12.000Z</time>
        <extensions>
          <ns3:TrackPointExtension>
            <ns3:hr>156</ns3:hr>
          </ns3:TrackPointExtension>
        </extensions>
      </trkpt>
      <trkpt lat="36.69140361249446868896484375" lon="117.23841064609587192535400390625">
        <ele>114.8000030517578125</ele>
        <time>2026-08-16T06:57:17.000Z</time>
        <extensions>
          <ns3:TrackPointExtension>
            <ns3:hr>157</ns3:hr>
          </ns3:TrackPointExtension>
        </extensions>
      </trkpt>
      <trkpt lat="36.69142699800431728363037109375" lon="117.2384291701018810272216796875">
        <ele>115</ele>
        <time>2026-08-16T06:57:18.000Z</time>
        <extensions>
          <ns3:TrackPointExtension>
            <ns3:hr>158</ns3:hr>
          </ns3:TrackPointExtension>
        </extensions>
      </trkpt>
      <trkpt lat="36.6914564184844493865966796875" lon="117.23844031803309917449951171875">
        <ele>115.1999969482421875</ele>
        <time>2026-08-16T06:57:19.000Z</time>
        <extensions>
          <ns3:TrackPointExtension>
            <ns3:hr>158</ns3:hr>
          </ns3:TrackPointExtension>
        </extensions>
      </trkpt>
      <trkpt lat="36.69150277040898799896240234375" lon="117.23845808766782283782958984375">
        <ele>115.1999969482421875</ele>
        <time>2026-08-16T06:57:21.000Z</time>
        <extensions>
          <ns3:TrackPointExtension>
            <ns3:hr>158</ns3:hr>
          </ns3:TrackPointExtension>
        </extensions>
      </trkpt>
      <trkpt lat="36.69162690639495849609375" lon="117.2385609336197376251220703125">
        <ele>115.59999847412109375</ele>
        <time>2026-08-16T06:57:26.000Z</time>
        <extensions>
          <ns3:TrackPointExtension>
            <ns3:hr>158</ns3:hr>
          </ns3:TrackPointExtension>
        </extensions>
      </trkpt>
      <trkpt lat="36.69171768240630626678466796875" lon="117.238624133169651031494140625">
        <ele>116</ele>
        <time>2026-08-16T06:57:29.000Z</time>
        <extensions>
          <ns3:TrackPointExtension>
            <ns3:hr>158</ns3:hr>
          </ns3:TrackPointExtension>
        </extensions>
      </trkpt>
      <trkpt lat="36.69178716838359832763671875" lon="117.23867383785545825958251953125">
        <ele>116.1999969482421875</ele>
        <time>2026-08-16T06:57:31.000Z</time>
        <extensions>
          <ns3:TrackPointExtension>
            <ns3:hr>158</ns3:hr>
          </ns3:TrackPointExtension>
        </extensions>
      </trkpt>
      <trkpt lat="36.69199897907674312591552734375" lon="117.23882806487381458282470703125">
        <ele>117</ele>
        <time>2026-08-16T06:57:38.000Z</time>
        <extensions>
          <ns3:TrackPointExtension>
            <ns3:hr>158</ns3:hr>
          </ns3:TrackPointExtension>
        </extensions>
      </trkpt>
      <trkpt lat="36.6921906732022762298583984375" lon="117.23897047340869903564453125">
        <ele>117.59999847412109375</ele>
        <time>2026-08-16T06:57:44.000Z</time>
        <extensions>
          <ns3:TrackPointExtension>
            <ns3:hr>158</ns3:hr>
          </ns3:TrackPointExtension>
        </extensions>
      </trkpt>
      <trkpt lat="36.6923274658620357513427734375" lon="117.2390936873853206634521484375">
        <ele>118</ele>
        <time>2026-08-16T06:57:48.000Z</time>
        <extensions>
          <ns3:TrackPointExtension>
            <ns3:hr>158</ns3:hr>
          </ns3:TrackPointExtension>
        </extensions>
      </trkpt>
      <trkpt lat="36.69236158020794391632080078125" lon="117.2391178272664546966552734375">
        <ele>118.1999969482421875</ele>
        <time>2026-08-16T06:57:49.000Z</time>
        <extensions>
          <ns3:TrackPointExtension>
            <ns3:hr>158</ns3:hr>
          </ns3:TrackPointExtension>
        </extensions>
      </trkpt>
      <trkpt lat="36.6925343312323093414306640625" lon="117.23924783058464527130126953125">
        <ele>118.59999847412109375</ele>
        <time>2026-08-16T06:57:54.000Z</time>
        <extensions>
          <ns3:TrackPointExtension>
            <ns3:hr>158</ns3:hr>
          </ns3:TrackPointExtension>
        </extensions>
      </trkpt>
      <trkpt lat="36.69266181997954845428466796875" lon="117.23935528658330440521240234375">
        <ele>119.1999969482421875</ele>
        <time>2026-08-16T06:57:58.000Z</time>
        <extensions>
          <ns3:TrackPointExtension>
            <ns3:hr>158</ns3:hr>
          </ns3:TrackPointExtension>
        </extensions>
      </trkpt>
      <trkpt lat="36.69272921048104763031005859375" lon="117.2393977828323841094970703125">
        <ele>119.40000152587890625</ele>
        <time>2026-08-16T06:58:00.000Z</time>
        <extensions>
          <ns3:TrackPointExtension>
            <ns3:hr>158</ns3:hr>
          </ns3:TrackPointExtension>
        </extensions>
      </trkpt>
      <trkpt lat="36.6929061524569988250732421875" lon="117.23952963016927242279052734375">
        <ele>120</ele>
        <time>2026-08-16T06:58:05.000Z</time>
        <extensions>
          <ns3:TrackPointExtension>
            <ns3:hr>158</ns3:hr>
          </ns3:TrackPointExtension>
        </extensions>
      </trkpt>
      <trkpt lat="36.69294328428804874420166015625" lon="117.23955175839364528656005859375">
        <ele>120.1999969482421875</ele>
        <time>2026-08-16T06:58:06.000Z</time>
        <extensions>
          <ns3:TrackPointExtension>
            <ns3:hr>158</ns3:hr>
          </ns3:TrackPointExtension>
        </extensions>
      </trkpt>
      <trkpt lat="36.69302945025265216827392578125" lon="117.23962300457060337066650390625">
        <ele>120.40000152587890625</ele>
        <time>2026-08-16T06:58:10.000Z</time>
        <extensions>
          <ns3:TrackPointExtension>
            <ns3:hr>159</ns3:hr>
          </ns3:TrackPointExtension>
        </extensions>
      </trkpt>
      <trkpt lat="36.69320010580122470855712890625" lon="117.23975677974522113800048828125">
        <ele>120.8000030517578125</ele>
        <time>2026-08-16T06:58:16.000Z</time>
        <extensions>
          <ns3:TrackPointExtension>
            <ns3:hr>160</ns3:hr>
          </ns3:TrackPointExtension>
        </extensions>
      </trkpt>
      <trkpt lat="36.693345196545124053955078125" lon="117.2398614697158336639404296875">
        <ele>121.1999969482421875</ele>
        <time>2026-08-16T06:58:20.000Z</time>
        <extensions>
          <ns3:TrackPointExtension>
            <ns3:hr>160</ns3:hr>
          </ns3:TrackPointExtension>
        </extensions>
      </trkpt>
      <trkpt lat="36.69339993037283420562744140625" lon="117.239912264049053192138671875">
        <ele>121.40000152587890625</ele>
        <time>2026-08-16T06:58:22.000Z</time>
        <extensions>
          <ns3:TrackPointExtension>
            <ns3:hr>159</ns3:hr>
          </ns3:TrackPointExtension>
        </extensions>
      </trkpt>
      <trkpt lat="36.69351593591272830963134765625" lon="117.24001921713352203369140625">
        <ele>121.8000030517578125</ele>
        <time>2026-08-16T06:58:27.000Z</time>
        <extensions>
          <ns3:TrackPointExtension>
            <ns3:hr>156</ns3:hr>
          </ns3:TrackPointExtension>
        </extensions>
      </trkpt>
      <trkpt lat="36.69365356676280498504638671875" lon="117.2401513159275054931640625">
        <ele>122.1999969482421875</ele>
        <time>2026-08-16T06:58:32.000Z</time>
        <extensions>
          <ns3:TrackPointExtension>
            <ns3:hr>156</ns3:hr>
          </ns3:TrackPointExtension>
        </extensions>
      </trkpt>
      <trkpt lat="36.693709976971149444580078125" lon="117.24021024070680141448974609375">
        <ele>122.1999969482421875</ele>
        <time>2026-08-16T06:58:34.000Z</time>
        <extensions>
          <ns3:TrackPointExtension>
            <ns3:hr>156</ns3:hr>
          </ns3:TrackPointExtension>
        </extensions>
      </trkpt>
      <trkpt lat="36.69387199915945529937744140625" lon="117.24040973000228404998779296875">
        <ele>122.8000030517578125</ele>
        <time>2026-08-16T06:58:40.000Z</time>
        <extensions>
          <ns3:TrackPointExtension>
            <ns3:hr>155</ns3:hr>
          </ns3:TrackPointExtension>
        </extensions>
      </trkpt>
      <trkpt lat="36.693983562290668487548828125" lon="117.24056781269609928131103515625">
        <ele>123.40000152587890625</ele>
        <time>2026-08-16T06:58:45.000Z</time>
        <extensions>
          <ns3:TrackPointExtension>
            <ns3:hr>154</ns3:hr>
          </ns3:TrackPointExtension>
        </extensions>
      </trkpt>
      <trkpt lat="36.69410702772438526153564453125" lon="117.24078096449375152587890625">
        <ele>124</ele>
        <time>2026-08-16T06:58:51.000Z</time>
        <extensions>
          <ns3:TrackPointExtension>
            <ns3:hr>154</ns3:hr>
          </ns3:TrackPointExtension>
        </extensions>
      </trkpt>
      <trkpt lat="36.69416226446628570556640625" lon="117.2409139014780521392822265625">
        <ele>124.40000152587890625</ele>
        <time>2026-08-16T06:58:54.000Z</time>
        <extensions>
          <ns3:TrackPointExtension>
            <ns3:hr>152</ns3:hr>
          </ns3:TrackPointExtension>
        </extensions>
      </trkpt>
      <trkpt lat="36.69422588311135768890380859375" lon="117.24104239605367183685302734375">
        <ele>124.59999847412109375</ele>
        <time>2026-08-16T06:58:57.000Z</time>
        <extensions>
          <ns3:TrackPointExtension>
            <ns3:hr>153</ns3:hr>
          </ns3:TrackPointExtension>
        </extensions>
      </trkpt>
      <trkpt lat="36.69433484785258769989013671875" lon="117.2412885725498199462890625">
        <ele>124.8000030517578125</ele>
        <time>2026-08-16T06:59:02.000Z</time>
        <extensions>
          <ns3:TrackPointExtension>
            <ns3:hr>154</ns3:hr>
          </ns3:TrackPointExtension>
        </extensions>
      </trkpt>
      <trkpt lat="36.6943585686385631561279296875" lon="117.2413373552262783050537109375">
        <ele>124.8000030517578125</ele>
        <time>2026-08-16T06:59:03.000Z</time>
        <extensions>
          <ns3:TrackPointExtension>
            <ns3:hr>154</ns3:hr>
          </ns3:TrackPointExtension>
        </extensions>
      </trkpt>
      <trkpt lat="36.6943746618926525115966796875" lon="117.24138387478888034820556640625">
        <ele>124.8000030517578125</ele>
        <time>2026-08-16T06:59:04.000Z</time>
        <extensions>
          <ns3:TrackPointExtension>
            <ns3:hr>154</ns3:hr>
          </ns3:TrackPointExtension>
        </extensions>
      </trkpt>
      <trkpt lat="36.6944239474833011627197265625" lon="117.24157196469604969024658203125">
        <ele>124.8000030517578125</ele>
        <time>2026-08-16T06:59:08.000Z</time>
        <extensions>
          <ns3:TrackPointExtension>
            <ns3:hr>154</ns3:hr>
          </ns3:TrackPointExtension>
        </extensions>
      </trkpt>
      <trkpt lat="36.69447884894907474517822265625" lon="117.2417950071394443511962890625">
        <ele>124.59999847412109375</ele>
        <time>2026-08-16T06:59:13.000Z</time>
        <extensions>
          <ns3:TrackPointExtension>
            <ns3:hr>153</ns3:hr>
          </ns3:TrackPointExtension>
        </extensions>
      </trkpt>
      <trkpt lat="36.69448169879615306854248046875" lon="117.24184001795947551727294921875">
        <ele>124.59999847412109375</ele>
        <time>2026-08-16T06:59:14.000Z</time>
        <extensions>
          <ns3:TrackPointExtension>
            <ns3:hr>152</ns3:hr>
          </ns3:TrackPointExtension>
        </extensions>
      </trkpt>
      <trkpt lat="36.69454724527895450592041015625" lon="117.24207655526697635650634765625">
        <ele>124.1999969482421875</ele>
        <time>2026-08-16T06:59:19.000Z</time>
        <extensions>
          <ns3:TrackPointExtension>
            <ns3:hr>150</ns3:hr>
          </ns3:TrackPointExtension>
        </extensions>
      </trkpt>
      <trkpt lat="36.69462360441684722900390625" lon="117.24238618277013301849365234375">
        <ele>123.59999847412109375</ele>
        <time>2026-08-16T06:59:25.000Z</time>
        <extensions>
          <ns3:TrackPointExtension>
            <ns3:hr>149</ns3:hr>
          </ns3:TrackPointExtension>
        </extensions>
      </trkpt>
      <trkpt lat="36.6946296393871307373046875" lon="117.242505960166454315185546875">
        <ele>123.1999969482421875</ele>
        <time>2026-08-16T06:59:27.000Z</time>
        <extensions>
          <ns3:TrackPointExtension>
            <ns3:hr>148</ns3:hr>
          </ns3:TrackPointExtension>
        </extensions>
      </trkpt>
      <trkpt lat="36.69462603516876697540283203125" lon="117.24278549663722515106201171875">
        <ele>122.1999969482421875</ele>
        <time>2026-08-16T06:59:31.000Z</time>
        <extensions>
          <ns3:TrackPointExtension>
            <ns3:hr>146</ns3:hr>
          </ns3:TrackPointExtension>
        </extensions>
      </trkpt>
      <trkpt lat="36.6946184076368808746337890625" lon="117.24286143667995929718017578125">
        <ele>122</ele>
        <time>2026-08-16T06:59:32.000Z</time>
        <extensions>
          <ns3:TrackPointExtension>
            <ns3:hr>146</ns3:hr>
          </ns3:TrackPointExtension>
        </extensions>
      </trkpt>
      <trkpt lat="36.6945939324796199798583984375" lon="117.243194617331027984619140625">
        <ele>121.1999969482421875</ele>
        <time>2026-08-16T06:59:36.000Z</time>
        <extensions>
          <ns3:TrackPointExtension>
            <ns3:hr>145</ns3:hr>
          </ns3:TrackPointExtension>
        </extensions>
      </trkpt>
      <trkpt lat="36.694574989378452301025390625" lon="117.24338061176240444183349609375">
        <ele>120.59999847412109375</ele>
        <time>2026-08-16T06:59:38.000Z</time>
        <extensions>
          <ns3:TrackPointExtension>
            <ns3:hr>144</ns3:hr>
          </ns3:TrackPointExtension>
        </extensions>
      </trkpt>
      <trkpt lat="36.694558896124362945556640625" lon="117.243573479354381561279296875">
        <ele>119.8000030517578125</ele>
        <time>2026-08-16T06:59:40.000Z</time>
        <extensions>
          <ns3:TrackPointExtension>
            <ns3:hr>144</ns3:hr>
          </ns3:TrackPointExtension>
        </extensions>
      </trkpt>
      <trkpt lat="36.694536097347736358642578125" lon="117.24388830363750457763671875">
        <ele>118.8000030517578125</ele>
        <time>2026-08-16T06:59:43.000Z</time>
        <extensions>
          <ns3:TrackPointExtension>
            <ns3:hr>144</ns3:hr>
          </ns3:TrackPointExtension>
        </extensions>
      </trkpt>
      <trkpt lat="36.6945037432014942169189453125" lon="117.24422626197338104248046875">
        <ele>117.1999969482421875</ele>
        <time>2026-08-16T06:59:46.000Z</time>
        <extensions>
          <ns3:TrackPointExtension>
            <ns3:hr>143</ns3:hr>
          </ns3:TrackPointExtension>
        </extensions>
      </trkpt>
      <trkpt lat="36.6944614984095096588134765625" lon="117.244573272764682769775390625">
        <ele>116.40000152587890625</ele>
        <time>2026-08-16T06:59:49.000Z</time>
        <extensions>
          <ns3:TrackPointExtension>
            <ns3:hr>142</ns3:hr>
          </ns3:TrackPointExtension>
        </extensions>
      </trkpt>
      <trkpt lat="36.69444967992603778839111328125" lon="117.2446924634277820587158203125">
        <ele>116</ele>
        <time>2026-08-16T06:59:50.000Z</time>
        <extensions>
          <ns3:TrackPointExtension>
            <ns3:hr>142</ns3:hr>
          </ns3:TrackPointExtension>
        </extensions>
      </trkpt>
      <trkpt lat="36.694408021867275238037109375" lon="117.24517970345914363861083984375">
        <ele>114.59999847412109375</ele>
        <time>2026-08-16T06:59:54.000Z</time>
        <extensions>
          <ns3:TrackPointExtension>
            <ns3:hr>140</ns3:hr>
          </ns3:TrackPointExtension>
        </extensions>
      </trkpt>
      <trkpt lat="36.69439285062253475189208984375" lon="117.245306856930255889892578125">
        <ele>114.1999969482421875</ele>
        <time>2026-08-16T06:59:55.000Z</time>
        <extensions>
          <ns3:TrackPointExtension>
            <ns3:hr>140</ns3:hr>
          </ns3:TrackPointExtension>
        </extensions>
      </trkpt>
      <trkpt lat="36.69436301104724407196044921875" lon="117.245559990406036376953125">
        <ele>113.40000152587890625</ele>
        <time>2026-08-16T06:59:57.000Z</time>
        <extensions>
          <ns3:TrackPointExtension>
            <ns3:hr>139</ns3:hr>
          </ns3:TrackPointExtension>
        </extensions>
      </trkpt>
      <trkpt lat="36.69433392584323883056640625" lon="117.245814800262451171875">
        <ele>112.1999969482421875</ele>
        <time>2026-08-16T06:59:59.000Z</time>
        <extensions>
          <ns3:TrackPointExtension>
            <ns3:hr>139</ns3:hr>
          </ns3:TrackPointExtension>
        </extensions>
      </trkpt>
      <trkpt lat="36.69432043097913265228271484375" lon="117.2459368407726287841796875">
        <ele>111.59999847412109375</ele>
        <time>2026-08-16T07:00:00.000Z</time>
        <extensions>
          <ns3:TrackPointExtension>
            <ns3:hr>140</ns3:hr>
          </ns3:TrackPointExtension>
        </extensions>
      </trkpt>
      <trkpt lat="36.694309450685977935791015625" lon="117.246061898767948150634765625">
        <ele>111</ele>
        <time>2026-08-16T07:00:01.000Z</time>
        <extensions>
          <ns3:TrackPointExtension>
            <ns3:hr>139</ns3:hr>
          </ns3:TrackPointExtension>
        </extensions>
      </trkpt>
      <trkpt lat="36.69428572990000247955322265625" lon="117.24628628231585025787353515625">
        <ele>109.59999847412109375</ele>
        <time>2026-08-16T07:00:03.000Z</time>
        <extensions>
          <ns3:TrackPointExtension>
            <ns3:hr>140</ns3:hr>
          </ns3:TrackPointExtension>
        </extensions>
      </trkpt>
      <trkpt lat="36.6942608356475830078125" lon="117.246520556509494781494140625">
        <ele>108.59999847412109375</ele>
        <time>2026-08-16T07:00:05.000Z</time>
        <extensions>
          <ns3:TrackPointExtension>
            <ns3:hr>139</ns3:hr>
          </ns3:TrackPointExtension>
        </extensions>
      </trkpt>
      <trkpt lat="36.69424474239349365234375" lon="117.24663899280130863189697265625">
        <ele>108.1999969482421875</ele>
        <time>2026-08-16T07:00:06.000Z</time>
        <extensions>
          <ns3:TrackPointExtension>
            <ns3:hr>138</ns3:hr>
          </ns3:TrackPointExtension>
        </extensions>
      </trkpt>
      <trkpt lat="36.69421381317079067230224609375" lon="117.2468801401555538177490234375">
        <ele>107.40000152587890625</ele>
        <time>2026-08-16T07:00:08.000Z</time>
        <extensions>
          <ns3:TrackPointExtension>
            <ns3:hr>138</ns3:hr>
          </ns3:TrackPointExtension>
        </extensions>
      </trkpt>
      <trkpt lat="36.69417626224458217620849609375" lon="117.24724902771413326263427734375">
        <ele>105.8000030517578125</ele>
        <time>2026-08-16T07:00:11.000Z</time>
        <extensions>
          <ns3:TrackPointExtension>
            <ns3:hr>136</ns3:hr>
          </ns3:TrackPointExtension>
        </extensions>
      </trkpt>
      <trkpt lat="36.6941503621637821197509765625" lon="117.247506268322467803955078125">
        <ele>104.8000030517578125</ele>
        <time>2026-08-16T07:00:13.000Z</time>
        <extensions>
          <ns3:TrackPointExtension>
            <ns3:hr>136</ns3:hr>
          </ns3:TrackPointExtension>
        </extensions>
      </trkpt>
      <trkpt lat="36.694130413234233856201171875" lon="117.24775831215083599090576171875">
        <ele>103.59999847412109375</ele>
        <time>2026-08-16T07:00:15.000Z</time>
        <extensions>
          <ns3:TrackPointExtension>
            <ns3:hr>135</ns3:hr>
          </ns3:TrackPointExtension>
        </extensions>
      </trkpt>
      <trkpt lat="36.69411934912204742431640625" lon="117.2480083443224430084228515625">
        <ele>102.40000152587890625</ele>
        <time>2026-08-16T07:00:17.000Z</time>
        <extensions>
          <ns3:TrackPointExtension>
            <ns3:hr>134</ns3:hr>
          </ns3:TrackPointExtension>
        </extensions>
      </trkpt>
      <trkpt lat="36.69410920701920986175537109375" lon="117.2482502460479736328125">
        <ele>101.59999847412109375</ele>
        <time>2026-08-16T07:00:19.000Z</time>
        <extensions>
          <ns3:TrackPointExtension>
            <ns3:hr>134</ns3:hr>
          </ns3:TrackPointExtension>
        </extensions>
      </trkpt>
      <trkpt lat="36.69410836882889270782470703125" lon="117.2483680956065654754638671875">
        <ele>101</ele>
        <time>2026-08-16T07:00:20.000Z</time>
        <extensions>
          <ns3:TrackPointExtension>
            <ns3:hr>134</ns3:hr>
          </ns3:TrackPointExtension>
        </extensions>
      </trkpt>
      <trkpt lat="36.69410191476345062255859375" lon="117.24860002286732196807861328125">
        <ele>99.8000030517578125</ele>
        <time>2026-08-16T07:00:22.000Z</time>
        <extensions>
          <ns3:TrackPointExtension>
            <ns3:hr>134</ns3:hr>
          </ns3:TrackPointExtension>
        </extensions>
      </trkpt>
      <trkpt lat="36.6940970532596111297607421875" lon="117.24891082383692264556884765625">
        <ele>98.59999847412109375</ele>
        <time>2026-08-16T07:00:25.000Z</time>
        <extensions>
          <ns3:TrackPointExtension>
            <ns3:hr>132</ns3:hr>
          </ns3:TrackPointExtension>
        </extensions>
      </trkpt>
      <trkpt lat="36.6941074468195438385009765625" lon="117.24919103085994720458984375">
        <ele>97</ele>
        <time>2026-08-16T07:00:28.000Z</time>
        <extensions>
          <ns3:TrackPointExtension>
            <ns3:hr>132</ns3:hr>
          </ns3:TrackPointExtension>
        </extensions>
      </trkpt>
      <trkpt lat="36.6941191814839839935302734375" lon="117.2493652068078517913818359375">
        <ele>95.8000030517578125</ele>
        <time>2026-08-16T07:00:30.000Z</time>
        <extensions>
          <ns3:TrackPointExtension>
            <ns3:hr>132</ns3:hr>
          </ns3:TrackPointExtension>
        </extensions>
      </trkpt>
      <trkpt lat="36.694137789309024810791015625" lon="117.2495962120592594146728515625">
        <ele>94.59999847412109375</ele>
        <time>2026-08-16T07:00:33.000Z</time>
        <extensions>
          <ns3:TrackPointExtension>
            <ns3:hr>132</ns3:hr>
          </ns3:TrackPointExtension>
        </extensions>
      </trkpt>
      <trkpt lat="36.6941466741263866424560546875" lon="117.24975219927728176116943359375">
        <ele>94</ele>
        <time>2026-08-16T07:00:35.000Z</time>
        <extensions>
          <ns3:TrackPointExtension>
            <ns3:hr>131</ns3:hr>
          </ns3:TrackPointExtension>
        </extensions>
      </trkpt>
      <trkpt lat="36.6941563971340656280517578125" lon="117.249831743538379669189453125">
        <ele>93.40000152587890625</ele>
        <time>2026-08-16T07:00:36.000Z</time>
        <extensions>
          <ns3:TrackPointExtension>
            <ns3:hr>131</ns3:hr>
          </ns3:TrackPointExtension>
        </extensions>
      </trkpt>
      <trkpt lat="36.69416134245693683624267578125" lon="117.2499153949320316314697265625">
        <ele>93</ele>
        <time>2026-08-16T07:00:37.000Z</time>
        <extensions>
          <ns3:TrackPointExtension>
            <ns3:hr>130</ns3:hr>
          </ns3:TrackPointExtension>
        </extensions>
      </trkpt>
      <trkpt lat="36.69418866746127605438232421875" lon="117.2501722164452075958251953125">
        <ele>92</ele>
        <time>2026-08-16T07:00:40.000Z</time>
        <extensions>
          <ns3:TrackPointExtension>
            <ns3:hr>130</ns3:hr>
          </ns3:TrackPointExtension>
        </extensions>
      </trkpt>
      <trkpt lat="36.69419872574508190155029296875" lon="117.25042778067290782928466796875">
        <ele>90.8000030517578125</ele>
        <time>2026-08-16T07:00:43.000Z</time>
        <extensions>
          <ns3:TrackPointExtension>
            <ns3:hr>130</ns3:hr>
          </ns3:TrackPointExtension>
        </extensions>
      </trkpt>
      <trkpt lat="36.69422672130167484283447265625" lon="117.25073673762381076812744140625">
        <ele>89.8000030517578125</ele>
        <time>2026-08-16T07:00:47.000Z</time>
        <extensions>
          <ns3:TrackPointExtension>
            <ns3:hr>130</ns3:hr>
          </ns3:TrackPointExtension>
        </extensions>
      </trkpt>
      <trkpt lat="36.6942526213824748992919921875" lon="117.251026667654514312744140625">
        <ele>88.40000152587890625</ele>
        <time>2026-08-16T07:00:51.000Z</time>
        <extensions>
          <ns3:TrackPointExtension>
            <ns3:hr>130</ns3:hr>
          </ns3:TrackPointExtension>
        </extensions>
      </trkpt>
      <trkpt lat="36.69425806961953639984130859375" lon="117.2510947287082672119140625">
        <ele>88</ele>
        <time>2026-08-16T07:00:52.000Z</time>
        <extensions>
          <ns3:TrackPointExtension>
            <ns3:hr>130</ns3:hr>
          </ns3:TrackPointExtension>
        </extensions>
      </trkpt>
      <trkpt lat="36.69426527805626392364501953125" lon="117.2512985765933990478515625">
        <ele>87.40000152587890625</ele>
        <time>2026-08-16T07:00:56.000Z</time>
        <extensions>
          <ns3:TrackPointExtension>
            <ns3:hr>130</ns3:hr>
          </ns3:TrackPointExtension>
        </extensions>
      </trkpt>
      <trkpt lat="36.69424566440284252166748046875" lon="117.2513312660157680511474609375">
        <ele>87.1999969482421875</ele>
        <time>2026-08-16T07:00:57.000Z</time>
        <extensions>
          <ns3:TrackPointExtension>
            <ns3:hr>129</ns3:hr>
          </ns3:TrackPointExtension>
        </extensions>
      </trkpt>
      <trkpt lat="36.69420811347663402557373046875" lon="117.251356579363346099853515625">
        <ele>87</ele>
        <time>2026-08-16T07:00:58.000Z</time>
        <extensions>
          <ns3:TrackPointExtension>
            <ns3:hr>130</ns3:hr>
          </ns3:TrackPointExtension>
        </extensions>
      </trkpt>
      <trkpt lat="36.69416804797947406768798828125" lon="117.25135766901075839996337890625">
        <ele>87</ele>
        <time>2026-08-16T07:00:59.000Z</time>
        <extensions>
          <ns3:TrackPointExtension>
            <ns3:hr>130</ns3:hr>
          </ns3:TrackPointExtension>
        </extensions>
      </trkpt>
      <trkpt lat="36.6941329278051853179931640625" lon="117.25136638619005680084228515625">
        <ele>86.8000030517578125</ele>
        <time>2026-08-16T07:01:00.000Z</time>
        <extensions>
          <ns3:TrackPointExtension>
            <ns3:hr>130</ns3:hr>
          </ns3:TrackPointExtension>
        </extensions>
      </trkpt>
      <trkpt lat="36.694080121815204620361328125" lon="117.25136722438037395477294921875">
        <ele>86.8000030517578125</ele>
        <time>2026-08-16T07:01:02.000Z</time>
        <extensions>
          <ns3:TrackPointExtension>
            <ns3:hr>130</ns3:hr>
          </ns3:TrackPointExtension>
        </extensions>
      </trkpt>
      <trkpt lat="36.69404936023056507110595703125" lon="117.251358926296234130859375">
        <ele>87</ele>
        <time>2026-08-16T07:01:03.000Z</time>
        <extensions>
          <ns3:TrackPointExtension>
            <ns3:hr>130</ns3:hr>
          </ns3:TrackPointExtension>
        </extensions>
      </trkpt>
      <trkpt lat="36.6939170099794864654541015625" lon="117.251355908811092376708984375">
        <ele>87.1999969482421875</ele>
        <time>2026-08-16T07:01:08.000Z</time>
        <extensions>
          <ns3:TrackPointExtension>
            <ns3:hr>128</ns3:hr>
          </ns3:TrackPointExtension>
        </extensions>
      </trkpt>
      <trkpt lat="36.69377493672072887420654296875" lon="117.2513701580464839935302734375">
        <ele>87.40000152587890625</ele>
        <time>2026-08-16T07:01:14.000Z</time>
        <extensions>
          <ns3:TrackPointExtension>
            <ns3:hr>130</ns3:hr>
          </ns3:TrackPointExtension>
        </extensions>
      </trkpt>
      <trkpt lat="36.69359707273542881011962890625" lon="117.25139890797436237335205078125">
        <ele>88</ele>
        <time>2026-08-16T07:01:21.000Z</time>
        <extensions>
          <ns3:TrackPointExtension>
            <ns3:hr>128</ns3:hr>
          </ns3:TrackPointExtension>
        </extensions>
      </trkpt>
      <trkpt lat="36.6934151016175746917724609375" lon="117.25139723159372806549072265625">
        <ele>88.1999969482421875</ele>
        <time>2026-08-16T07:01:27.000Z</time>
        <extensions>
          <ns3:TrackPointExtension>
            <ns3:hr>129</ns3:hr>
          </ns3:TrackPointExtension>
        </extensions>
      </trkpt>
      <trkpt lat="36.69334477744996547698974609375" lon="117.2514031827449798583984375">
        <ele>88.40000152587890625</ele>
        <time>2026-08-16T07:01:29.000Z</time>
        <extensions>
          <ns3:TrackPointExtension>
            <ns3:hr>130</ns3:hr>
          </ns3:TrackPointExtension>
        </extensions>
      </trkpt>
      <trkpt lat="36.693058870732784271240234375" lon="117.25140159018337726593017578125">
        <ele>89</ele>
        <time>2026-08-16T07:01:37.000Z</time>
        <extensions>
          <ns3:TrackPointExtension>
            <ns3:hr>132</ns3:hr>
          </ns3:TrackPointExtension>
        </extensions>
      </trkpt>
      <trkpt lat="36.69294185936450958251953125" lon="117.25139857269823551177978515625">
        <ele>89.1999969482421875</ele>
        <time>2026-08-16T07:01:41.000Z</time>
        <extensions>
          <ns3:TrackPointExtension>
            <ns3:hr>134</ns3:hr>
          </ns3:TrackPointExtension>
        </extensions>
      </trkpt>
      <trkpt lat="36.69284890405833721160888671875" lon="117.25139237008988857269287109375">
        <ele>89.1999969482421875</ele>
        <time>2026-08-16T07:01:44.000Z</time>
        <extensions>
          <ns3:TrackPointExtension>
            <ns3:hr>135</ns3:hr>
          </ns3:TrackPointExtension>
        </extensions>
      </trkpt>
      <trkpt lat="36.69267673976719379425048828125" lon="117.251386083662509918212890625">
        <ele>89.59999847412109375</ele>
        <time>2026-08-16T07:01:49.000Z</time>
        <extensions>
          <ns3:TrackPointExtension>
            <ns3:hr>137</ns3:hr>
          </ns3:TrackPointExtension>
        </extensions>
      </trkpt>
      <trkpt lat="36.692417152225971221923828125" lon="117.2513932920992374420166015625">
        <ele>90</ele>
        <time>2026-08-16T07:01:56.000Z</time>
        <extensions>
          <ns3:TrackPointExtension>
            <ns3:hr>136</ns3:hr>
          </ns3:TrackPointExtension>
        </extensions>
      </trkpt>
      <trkpt lat="36.69227038510143756866455078125" lon="117.25139790214598178863525390625">
        <ele>90.40000152587890625</ele>
        <time>2026-08-16T07:02:00.000Z</time>
        <extensions>
          <ns3:TrackPointExtension>
            <ns3:hr>136</ns3:hr>
          </ns3:TrackPointExtension>
        </extensions>
      </trkpt>
      <trkpt lat="36.69219964183866977691650390625" lon="117.2513966448605060577392578125">
        <ele>90.40000152587890625</ele>
        <time>2026-08-16T07:02:02.000Z</time>
        <extensions>
          <ns3:TrackPointExtension>
            <ns3:hr>136</ns3:hr>
          </ns3:TrackPointExtension>
        </extensions>
      </trkpt>
      <trkpt lat="36.69194198213517665863037109375" lon="117.2514211200177669525146484375">
        <ele>90.8000030517578125</ele>
        <time>2026-08-16T07:02:09.000Z</time>
        <extensions>
          <ns3:TrackPointExtension>
            <ns3:hr>138</ns3:hr>
          </ns3:TrackPointExtension>
        </extensions>
      </trkpt>
      <trkpt lat="36.6917175985872745513916015625" lon="117.2514311783015727996826171875">
        <ele>91.40000152587890625</ele>
        <time>2026-08-16T07:02:15.000Z</time>
        <extensions>
          <ns3:TrackPointExtension>
            <ns3:hr>140</ns3:hr>
          </ns3:TrackPointExtension>
        </extensions>
      </trkpt>
      <trkpt lat="36.6916414909064769744873046875" lon="117.25142656825482845306396484375">
        <ele>91.59999847412109375</ele>
        <time>2026-08-16T07:02:17.000Z</time>
        <extensions>
          <ns3:TrackPointExtension>
            <ns3:hr>140</ns3:hr>
          </ns3:TrackPointExtension>
        </extensions>
      </trkpt>
      <trkpt lat="36.69147561304271221160888671875" lon="117.25141583941876888275146484375">
        <ele>91.59999847412109375</ele>
        <time>2026-08-16T07:02:22.000Z</time>
        <extensions>
          <ns3:TrackPointExtension>
            <ns3:hr>140</ns3:hr>
          </ns3:TrackPointExtension>
        </extensions>
      </trkpt>
      <trkpt lat="36.69131669215857982635498046875" lon="117.25141592323780059814453125">
        <ele>92.1999969482421875</ele>
        <time>2026-08-16T07:02:28.000Z</time>
        <extensions>
          <ns3:TrackPointExtension>
            <ns3:hr>140</ns3:hr>
          </ns3:TrackPointExtension>
        </extensions>
      </trkpt>
      <trkpt lat="36.69121728278696537017822265625" lon="117.25141751579940319061279296875">
        <ele>92.40000152587890625</ele>
        <time>2026-08-16T07:02:31.000Z</time>
        <extensions>
          <ns3:TrackPointExtension>
            <ns3:hr>140</ns3:hr>
          </ns3:TrackPointExtension>
        </extensions>
      </trkpt>
      <trkpt lat="36.69114721007645130157470703125" lon="117.25141366012394428253173828125">
        <ele>92.40000152587890625</ele>
        <time>2026-08-16T07:02:33.000Z</time>
        <extensions>
          <ns3:TrackPointExtension>
            <ns3:hr>140</ns3:hr>
          </ns3:TrackPointExtension>
        </extensions>
      </trkpt>
      <trkpt lat="36.690844036638736724853515625" lon="117.25141667760908603668212890625">
        <ele>93</ele>
        <time>2026-08-16T07:02:41.000Z</time>
        <extensions>
          <ns3:TrackPointExtension>
            <ns3:hr>140</ns3:hr>
          </ns3:TrackPointExtension>
        </extensions>
      </trkpt>
      <trkpt lat="36.69063122011721134185791015625" lon="117.25142690353095531463623046875">
        <ele>93.40000152587890625</ele>
        <time>2026-08-16T07:02:47.000Z</time>
        <extensions>
          <ns3:TrackPointExtension>
            <ns3:hr>140</ns3:hr>
          </ns3:TrackPointExtension>
        </extensions>
      </trkpt>
      <trkpt lat="36.6905719600617885589599609375" lon="117.25142438896000385284423828125">
        <ele>93.40000152587890625</ele>
        <time>2026-08-16T07:02:49.000Z</time>
        <extensions>
          <ns3:TrackPointExtension>
            <ns3:hr>140</ns3:hr>
          </ns3:TrackPointExtension>
        </extensions>
      </trkpt>
      <trkpt lat="36.69038093648850917816162109375" lon="117.2514331899583339691162109375">
        <ele>93.8000030517578125</ele>
        <time>2026-08-16T07:02:55.000Z</time>
        <extensions>
          <ns3:TrackPointExtension>
            <ns3:hr>141</ns3:hr>
          </ns3:TrackPointExtension>
        </extensions>
      </trkpt>
      <trkpt lat="36.6901624202728271484375" lon="117.25145808421075344085693359375">
        <ele>94.40000152587890625</ele>
        <time>2026-08-16T07:03:02.000Z</time>
        <extensions>
          <ns3:TrackPointExtension>
            <ns3:hr>142</ns3:hr>
          </ns3:TrackPointExtension>
        </extensions>
      </trkpt>
      <trkpt lat="36.69012897647917270660400390625" lon="117.25145691074430942535400390625">
        <ele>94.40000152587890625</ele>
        <time>2026-08-16T07:03:03.000Z</time>
        <extensions>
          <ns3:TrackPointExtension>
            <ns3:hr>142</ns3:hr>
          </ns3:TrackPointExtension>
        </extensions>
      </trkpt>
      <trkpt lat="36.68995815329253673553466796875" lon="117.2514657117426395416259765625">
        <ele>95.1999969482421875</ele>
        <time>2026-08-16T07:03:08.000Z</time>
        <extensions>
          <ns3:TrackPointExtension>
            <ns3:hr>141</ns3:hr>
          </ns3:TrackPointExtension>
        </extensions>
      </trkpt>
      <trkpt lat="36.6897448338568210601806640625" lon="117.2514660470187664031982421875">
        <ele>95.40000152587890625</ele>
        <time>2026-08-16T07:03:14.000Z</time>
        <extensions>
          <ns3:TrackPointExtension>
            <ns3:hr>142</ns3:hr>
          </ns3:TrackPointExtension>
        </extensions>
      </trkpt>
      <trkpt lat="36.689666211605072021484375" lon="117.25146688520908355712890625">
        <ele>95.59999847412109375</ele>
        <time>2026-08-16T07:03:16.000Z</time>
        <extensions>
          <ns3:TrackPointExtension>
            <ns3:hr>142</ns3:hr>
          </ns3:TrackPointExtension>
        </extensions>
      </trkpt>
      <trkpt lat="36.68939472176134586334228515625" lon="117.25147836841642856597900390625">
        <ele>96</ele>
        <time>2026-08-16T07:03:23.000Z</time>
        <extensions>
          <ns3:TrackPointExtension>
            <ns3:hr>143</ns3:hr>
          </ns3:TrackPointExtension>
        </extensions>
      </trkpt>
      <trkpt lat="36.6892080567777156829833984375" lon="117.25149161182343959808349609375">
        <ele>95.8000030517578125</ele>
        <time>2026-08-16T07:03:29.000Z</time>
        <extensions>
          <ns3:TrackPointExtension>
            <ns3:hr>145</ns3:hr>
          </ns3:TrackPointExtension>
        </extensions>
      </trkpt>
      <trkpt lat="36.68904569931328296661376953125" lon="117.25157953798770904541015625">
        <ele>96</ele>
        <time>2026-08-16T07:03:35.000Z</time>
        <extensions>
          <ns3:TrackPointExtension>
            <ns3:hr>146</ns3:hr>
          </ns3:TrackPointExtension>
        </extensions>
      </trkpt>
      <trkpt lat="36.6888865269720554351806640625" lon="117.2516524605453014373779296875">
        <ele>96.40000152587890625</ele>
        <time>2026-08-16T07:03:40.000Z</time>
        <extensions>
          <ns3:TrackPointExtension>
            <ns3:hr>145</ns3:hr>
          </ns3:TrackPointExtension>
        </extensions>
      </trkpt>
      <trkpt lat="36.688847132027149200439453125" lon="117.2516618482768535614013671875">
        <ele>96.59999847412109375</ele>
        <time>2026-08-16T07:03:41.000Z</time>
        <extensions>
          <ns3:TrackPointExtension>
            <ns3:hr>145</ns3:hr>
          </ns3:TrackPointExtension>
        </extensions>
      </trkpt>
      <trkpt lat="36.688640601933002471923828125" lon="117.2517322562634944915771484375">
        <ele>97</ele>
        <time>2026-08-16T07:03:46.000Z</time>
        <extensions>
          <ns3:TrackPointExtension>
            <ns3:hr>144</ns3:hr>
          </ns3:TrackPointExtension>
        </extensions>
      </trkpt>
      <trkpt lat="36.688432060182094573974609375" lon="117.25183610804378986358642578125">
        <ele>97.40000152587890625</ele>
        <time>2026-08-16T07:03:52.000Z</time>
        <extensions>
          <ns3:TrackPointExtension>
            <ns3:hr>145</ns3:hr>
          </ns3:TrackPointExtension>
        </extensions>
      </trkpt>
      <trkpt lat="36.6884057410061359405517578125" lon="117.25185220129787921905517578125">
        <ele>97.59999847412109375</ele>
        <time>2026-08-16T07:03:53.000Z</time>
        <extensions>
          <ns3:TrackPointExtension>
            <ns3:hr>145</ns3:hr>
          </ns3:TrackPointExtension>
        </extensions>
      </trkpt>
      <trkpt lat="36.6881787590682506561279296875" lon="117.25198589265346527099609375">
        <ele>97.8000030517578125</ele>
        <time>2026-08-16T07:04:00.000Z</time>
        <extensions>
          <ns3:TrackPointExtension>
            <ns3:hr>147</ns3:hr>
          </ns3:TrackPointExtension>
        </extensions>
      </trkpt>
      <trkpt lat="36.68790056370198726654052734375" lon="117.25213802419602870941162109375">
        <ele>98.40000152587890625</ele>
        <time>2026-08-16T07:04:07.000Z</time>
        <extensions>
          <ns3:TrackPointExtension>
            <ns3:hr>148</ns3:hr>
          </ns3:TrackPointExtension>
        </extensions>
      </trkpt>
      <trkpt lat="36.68777986429631710052490234375" lon="117.25220507942140102386474609375">
        <ele>98.59999847412109375</ele>
        <time>2026-08-16T07:04:10.000Z</time>
        <extensions>
          <ns3:TrackPointExtension>
            <ns3:hr>148</ns3:hr>
          </ns3:TrackPointExtension>
        </extensions>
      </trkpt>
      <trkpt lat="36.68758406303822994232177734375" lon="117.2523189894855022430419921875">
        <ele>99</ele>
        <time>2026-08-16T07:04:15.000Z</time>
        <extensions>
          <ns3:TrackPointExtension>
            <ns3:hr>151</ns3:hr>
          </ns3:TrackPointExtension>
        </extensions>
      </trkpt>
      <trkpt lat="36.6875004954636096954345703125" lon="117.25236467085778713226318359375">
        <ele>99.1999969482421875</ele>
        <time>2026-08-16T07:04:17.000Z</time>
        <extensions>
          <ns3:TrackPointExtension>
            <ns3:hr>152</ns3:hr>
          </ns3:TrackPointExtension>
        </extensions>
      </trkpt>
      <trkpt lat="36.68725331313908100128173828125" lon="117.25249760784208774566650390625">
        <ele>99.59999847412109375</ele>
        <time>2026-08-16T07:04:23.000Z</time>
        <extensions>
          <ns3:TrackPointExtension>
            <ns3:hr>154</ns3:hr>
          </ns3:TrackPointExtension>
        </extensions>
      </trkpt>
      <trkpt lat="36.6872205398976802825927734375" lon="117.25251889787614345550537109375">
        <ele>99.59999847412109375</ele>
        <time>2026-08-16T07:04:24.000Z</time>
        <extensions>
          <ns3:TrackPointExtension>
            <ns3:hr>154</ns3:hr>
          </ns3:TrackPointExtension>
        </extensions>
      </trkpt>
      <trkpt lat="36.6869915463030338287353515625" lon="117.25265250541269779205322265625">
        <ele>99.8000030517578125</ele>
        <time>2026-08-16T07:04:31.000Z</time>
        <extensions>
          <ns3:TrackPointExtension>
            <ns3:hr>154</ns3:hr>
          </ns3:TrackPointExtension>
        </extensions>
      </trkpt>
      <trkpt lat="36.68681376613676548004150390625" lon="117.25272458977997303009033203125">
        <ele>100.1999969482421875</ele>
        <time>2026-08-16T07:04:36.000Z</time>
        <extensions>
          <ns3:TrackPointExtension>
            <ns3:hr>151</ns3:hr>
          </ns3:TrackPointExtension>
        </extensions>
      </trkpt>
      <trkpt lat="36.6867360658943653106689453125" lon="117.25274629890918731689453125">
        <ele>100.1999969482421875</ele>
        <time>2026-08-16T07:04:38.000Z</time>
        <extensions>
          <ns3:TrackPointExtension>
            <ns3:hr>150</ns3:hr>
          </ns3:TrackPointExtension>
        </extensions>
      </trkpt>
      <trkpt lat="36.6864926554262638092041015625" lon="117.252798937261104583740234375">
        <ele>100.1999969482421875</ele>
        <time>2026-08-16T07:04:45.000Z</time>
        <extensions>
          <ns3:TrackPointExtension>
            <ns3:hr>149</ns3:hr>
          </ns3:TrackPointExtension>
        </extensions>
      </trkpt>
      <trkpt lat="36.68634186498820781707763671875" lon="117.252996079623699188232421875">
        <ele>99.8000030517578125</ele>
        <time>2026-08-16T07:04:50.000Z</time>
        <extensions>
          <ns3:TrackPointExtension>
            <ns3:hr>148</ns3:hr>
          </ns3:TrackPointExtension>
        </extensions>
      </trkpt>
      <trkpt lat="36.68623658828437328338623046875" lon="117.25319783203303813934326171875">
        <ele>99.1999969482421875</ele>
        <time>2026-08-16T07:04:54.000Z</time>
        <extensions>
          <ns3:TrackPointExtension>
            <ns3:hr>148</ns3:hr>
          </ns3:TrackPointExtension>
        </extensions>
      </trkpt>
      <trkpt lat="36.68624061159789562225341796875" lon="117.2533305175602436065673828125">
        <ele>98.8000030517578125</ele>
        <time>2026-08-16T07:04:56.000Z</time>
        <extensions>
          <ns3:TrackPointExtension>
            <ns3:hr>147</ns3:hr>
          </ns3:TrackPointExtension>
        </extensions>
      </trkpt>
      <trkpt lat="36.68624362908303737640380859375" lon="117.25346739403903484344482421875">
        <ele>98.59999847412109375</ele>
        <time>2026-08-16T07:04:58.000Z</time>
        <extensions>
          <ns3:TrackPointExtension>
            <ns3:hr>146</ns3:hr>
          </ns3:TrackPointExtension>
        </extensions>
      </trkpt>
      <trkpt lat="36.686244718730449676513671875" lon="117.2536882571876049041748046875">
        <ele>98.40000152587890625</ele>
        <time>2026-08-16T07:05:01.000Z</time>
        <extensions>
          <ns3:TrackPointExtension>
            <ns3:hr>145</ns3:hr>
          </ns3:TrackPointExtension>
        </extensions>
      </trkpt>
      <trkpt lat="36.6862502507865428924560546875" lon="117.2538330964744091033935546875">
        <ele>98</ele>
        <time>2026-08-16T07:05:03.000Z</time>
        <extensions>
          <ns3:TrackPointExtension>
            <ns3:hr>144</ns3:hr>
          </ns3:TrackPointExtension>
        </extensions>
      </trkpt>
      <trkpt lat="36.68625385500490665435791015625" lon="117.25391113199293613433837890625">
        <ele>97.8000030517578125</ele>
        <time>2026-08-16T07:05:04.000Z</time>
        <extensions>
          <ns3:TrackPointExtension>
            <ns3:hr>145</ns3:hr>
          </ns3:TrackPointExtension>
        </extensions>
      </trkpt>
      <trkpt lat="36.686256118118762969970703125" lon="117.25398740731179714202880859375">
        <ele>97.40000152587890625</ele>
        <time>2026-08-16T07:05:05.000Z</time>
        <extensions>
          <ns3:TrackPointExtension>
            <ns3:hr>145</ns3:hr>
          </ns3:TrackPointExtension>
        </extensions>
      </trkpt>
      <trkpt lat="36.68627548031508922576904296875" lon="117.25414247252047061920166015625">
        <ele>97</ele>
        <time>2026-08-16T07:05:07.000Z</time>
        <extensions>
          <ns3:TrackPointExtension>
            <ns3:hr>145</ns3:hr>
          </ns3:TrackPointExtension>
        </extensions>
      </trkpt>
      <trkpt lat="36.6862814314663410186767578125" lon="117.25429938174784183502197265625">
        <ele>96.40000152587890625</ele>
        <time>2026-08-16T07:05:09.000Z</time>
        <extensions>
          <ns3:TrackPointExtension>
            <ns3:hr>144</ns3:hr>
          </ns3:TrackPointExtension>
        </extensions>
      </trkpt>
      <trkpt lat="36.68628101237118244171142578125" lon="117.25438722409307956695556640625">
        <ele>96.1999969482421875</ele>
        <time>2026-08-16T07:05:10.000Z</time>
        <extensions>
          <ns3:TrackPointExtension>
            <ns3:hr>144</ns3:hr>
          </ns3:TrackPointExtension>
        </extensions>
      </trkpt>
      <trkpt lat="36.686286292970180511474609375" lon="117.2544677741825580596923828125">
        <ele>96</ele>
        <time>2026-08-16T07:05:11.000Z</time>
        <extensions>
          <ns3:TrackPointExtension>
            <ns3:hr>144</ns3:hr>
          </ns3:TrackPointExtension>
        </extensions>
      </trkpt>
      <trkpt lat="36.686281599104404449462890625" lon="117.25472283549606800079345703125">
        <ele>95.1999969482421875</ele>
        <time>2026-08-16T07:05:14.000Z</time>
        <extensions>
          <ns3:TrackPointExtension>
            <ns3:hr>141</ns3:hr>
          </ns3:TrackPointExtension>
        </extensions>
      </trkpt>
      <trkpt lat="36.68628788553178310394287109375" lon="117.25481369532644748687744140625">
        <ele>95</ele>
        <time>2026-08-16T07:05:15.000Z</time>
        <extensions>
          <ns3:TrackPointExtension>
            <ns3:hr>140</ns3:hr>
          </ns3:TrackPointExtension>
        </extensions>
      </trkpt>
      <trkpt lat="36.68628620915114879608154296875" lon="117.254998348653316497802734375">
        <ele>94.59999847412109375</ele>
        <time>2026-08-16T07:05:17.000Z</time>
        <extensions>
          <ns3:TrackPointExtension>
            <ns3:hr>140</ns3:hr>
          </ns3:TrackPointExtension>
        </extensions>
      </trkpt>
      <trkpt lat="36.68628822080790996551513671875" lon="117.25518199615180492401123046875">
        <ele>94</ele>
        <time>2026-08-16T07:05:19.000Z</time>
        <extensions>
          <ns3:TrackPointExtension>
            <ns3:hr>140</ns3:hr>
          </ns3:TrackPointExtension>
        </extensions>
      </trkpt>
      <trkpt lat="36.68628050945699214935302734375" lon="117.2552734427154064178466796875">
        <ele>93.8000030517578125</ele>
        <time>2026-08-16T07:05:20.000Z</time>
        <extensions>
          <ns3:TrackPointExtension>
            <ns3:hr>140</ns3:hr>
          </ns3:TrackPointExtension>
        </extensions>
      </trkpt>
      <trkpt lat="36.686278916895389556884765625" lon="117.2553689964115619659423828125">
        <ele>93.40000152587890625</ele>
        <time>2026-08-16T07:05:21.000Z</time>
        <extensions>
          <ns3:TrackPointExtension>
            <ns3:hr>140</ns3:hr>
          </ns3:TrackPointExtension>
        </extensions>
      </trkpt>
      <trkpt lat="36.6862753964960575103759765625" lon="117.2556311823427677154541015625">
        <ele>92.59999847412109375</ele>
        <time>2026-08-16T07:05:24.000Z</time>
        <extensions>
          <ns3:TrackPointExtension>
            <ns3:hr>138</ns3:hr>
          </ns3:TrackPointExtension>
        </extensions>
      </trkpt>
      <trkpt lat="36.68627983890473842620849609375" lon="117.2558065317571163177490234375">
        <ele>92.59999847412109375</ele>
        <time>2026-08-16T07:05:26.000Z</time>
        <extensions>
          <ns3:TrackPointExtension>
            <ns3:hr>138</ns3:hr>
          </ns3:TrackPointExtension>
        </extensions>
      </trkpt>
      <trkpt lat="36.68628537096083164215087890625" lon="117.2559832222759723663330078125">
        <ele>92.40000152587890625</ele>
        <time>2026-08-16T07:05:28.000Z</time>
        <extensions>
          <ns3:TrackPointExtension>
            <ns3:hr>137</ns3:hr>
          </ns3:TrackPointExtension>
        </extensions>
      </trkpt>
      <trkpt lat="36.6862611472606658935546875" lon="117.25625504739582538604736328125">
        <ele>91.59999847412109375</ele>
        <time>2026-08-16T07:05:31.000Z</time>
        <extensions>
          <ns3:TrackPointExtension>
            <ns3:hr>136</ns3:hr>
          </ns3:TrackPointExtension>
        </extensions>
      </trkpt>
      <trkpt lat="36.68623910285532474517822265625" lon="117.256645895540714263916015625">
        <ele>90.1999969482421875</ele>
        <time>2026-08-16T07:05:35.000Z</time>
        <extensions>
          <ns3:TrackPointExtension>
            <ns3:hr>136</ns3:hr>
          </ns3:TrackPointExtension>
        </extensions>
      </trkpt>
      <trkpt lat="36.686240024864673614501953125" lon="117.25673633627593517303466796875">
        <ele>89.8000030517578125</ele>
        <time>2026-08-16T07:05:36.000Z</time>
        <extensions>
          <ns3:TrackPointExtension>
            <ns3:hr>136</ns3:hr>
          </ns3:TrackPointExtension>
        </extensions>
      </trkpt>
      <trkpt lat="36.68623424135148525238037109375" lon="117.2568991966545581817626953125">
        <ele>88.8000030517578125</ele>
        <time>2026-08-16T07:05:38.000Z</time>
        <extensions>
          <ns3:TrackPointExtension>
            <ns3:hr>136</ns3:hr>
          </ns3:TrackPointExtension>
        </extensions>
      </trkpt>
      <trkpt lat="36.68624530546367168426513671875" lon="117.25707806646823883056640625">
        <ele>87.59999847412109375</ele>
        <time>2026-08-16T07:05:41.000Z</time>
        <extensions>
          <ns3:TrackPointExtension>
            <ns3:hr>135</ns3:hr>
          </ns3:TrackPointExtension>
        </extensions>
      </trkpt>
      <trkpt lat="36.6862529329955577850341796875" lon="117.257164902985095977783203125">
        <ele>87.1999969482421875</ele>
        <time>2026-08-16T07:05:44.000Z</time>
        <extensions>
          <ns3:TrackPointExtension>
            <ns3:hr>134</ns3:hr>
          </ns3:TrackPointExtension>
        </extensions>
      </trkpt>
      <trkpt lat="36.68626986443996429443359375" lon="117.25717085413634777069091796875">
        <ele>87.1999969482421875</ele>
        <time>2026-08-16T07:05:49.000Z</time>
        <extensions>
          <ns3:TrackPointExtension>
            <ns3:hr>134</ns3:hr>
          </ns3:TrackPointExtension>
        </extensions>
      </trkpt>
      <trkpt lat="36.686270534992218017578125" lon="117.2571540065109729766845703125">
        <ele>88</ele>
        <time>2026-08-16T07:05:56.000Z</time>
        <extensions>
          <ns3:TrackPointExtension>
            <ns3:hr>133</ns3:hr>
          </ns3:TrackPointExtension>
        </extensions>
      </trkpt>
      <trkpt lat="36.6862680204212665557861328125" lon="117.25715727545320987701416015625">
        <ele>88</ele>
        <time>2026-08-16T07:06:04.000Z</time>
        <extensions>
          <ns3:TrackPointExtension>
            <ns3:hr>135</ns3:hr>
          </ns3:TrackPointExtension>
        </extensions>
      </trkpt>
      <trkpt lat="36.68626508675515651702880859375" lon="117.2571587003767490386962890625">
        <ele>87.8000030517578125</ele>
        <time>2026-08-16T07:06:12.000Z</time>
        <extensions>
          <ns3:TrackPointExtension>
            <ns3:hr>134</ns3:hr>
          </ns3:TrackPointExtension>
        </extensions>
      </trkpt>
      <trkpt lat="36.6862626560032367706298828125" lon="117.25716465152800083160400390625">
        <ele>88</ele>
        <time>2026-08-16T07:06:18.000Z</time>
        <extensions>
          <ns3:TrackPointExtension>
            <ns3:hr>132</ns3:hr>
          </ns3:TrackPointExtension>
        </extensions>
      </trkpt>
      <trkpt lat="36.68626315891742706298828125" lon="117.2571623884141445159912109375">
        <ele>87.40000152587890625</ele>
        <time>2026-08-16T07:06:26.000Z</time>
        <extensions>
          <ns3:TrackPointExtension>
            <ns3:hr>132</ns3:hr>
          </ns3:TrackPointExtension>
        </extensions>
      </trkpt>
      <trkpt lat="36.68626072816550731658935546875" lon="117.2571630589663982391357421875">
        <ele>87.40000152587890625</ele>
        <time>2026-08-16T07:06:34.000Z</time>
        <extensions>
          <ns3:TrackPointExtension>
            <ns3:hr>131</ns3:hr>
          </ns3:TrackPointExtension>
        </extensions>
      </trkpt>
      <trkpt lat="36.6862616501748561859130859375" lon="117.25716054439544677734375">
        <ele>87.1999969482421875</ele>
        <time>2026-08-16T07:06:40.000Z</time>
        <extensions>
          <ns3:TrackPointExtension>
            <ns3:hr>128</ns3:hr>
          </ns3:TrackPointExtension>
        </extensions>
      </trkpt>
      <trkpt lat="36.68626223690807819366455078125" lon="117.2571607120335102081298828125">
        <ele>87.1999969482421875</ele>
        <time>2026-08-16T07:06:42.000Z</time>
        <extensions>
          <ns3:TrackPointExtension>
            <ns3:hr>128</ns3:hr>
          </ns3:TrackPointExtension>
        </extensions>
      </trkpt>
      <trkpt lat="36.68625972233712673187255859375" lon="117.25717504508793354034423828125">
        <ele>87.1999969482421875</ele>
        <time>2026-08-16T07:06:48.000Z</time>
        <extensions>
          <ns3:TrackPointExtension>
            <ns3:hr>126</ns3:hr>
          </ns3:TrackPointExtension>
        </extensions>
      </trkpt>
      <trkpt lat="36.6862475685775279998779296875" lon="117.2573431022465229034423828125">
        <ele>87.40000152587890625</ele>
        <time>2026-08-16T07:06:53.000Z</time>
        <extensions>
          <ns3:TrackPointExtension>
            <ns3:hr>126</ns3:hr>
          </ns3:TrackPointExtension>
        </extensions>
      </trkpt>
      <trkpt lat="36.68624564073979854583740234375" lon="117.25757352076470851898193359375">
        <ele>87</ele>
        <time>2026-08-16T07:06:59.000Z</time>
        <extensions>
          <ns3:TrackPointExtension>
            <ns3:hr>126</ns3:hr>
          </ns3:TrackPointExtension>
        </extensions>
      </trkpt>
      <trkpt lat="36.68624882586300373077392578125" lon="117.25788985379040241241455078125">
        <ele>86.59999847412109375</ele>
        <time>2026-08-16T07:07:05.000Z</time>
        <extensions>
          <ns3:TrackPointExtension>
            <ns3:hr>127</ns3:hr>
          </ns3:TrackPointExtension>
        </extensions>
      </trkpt>
      <trkpt lat="36.68625175952911376953125" lon="117.25794634781777858734130859375">
        <ele>86.59999847412109375</ele>
        <time>2026-08-16T07:07:06.000Z</time>
        <extensions>
          <ns3:TrackPointExtension>
            <ns3:hr>128</ns3:hr>
          </ns3:TrackPointExtension>
        </extensions>
      </trkpt>
      <trkpt lat="36.686258800327777862548828125" lon="117.25806319154798984527587890625">
        <ele>86.8000030517578125</ele>
        <time>2026-08-16T07:07:08.000Z</time>
        <extensions>
          <ns3:TrackPointExtension>
            <ns3:hr>129</ns3:hr>
          </ns3:TrackPointExtension>
        </extensions>
      </trkpt>
      <trkpt lat="36.68626324273645877838134765625" lon="117.25818037055432796478271484375">
        <ele>86.59999847412109375</ele>
        <time>2026-08-16T07:07:10.000Z</time>
        <extensions>
          <ns3:TrackPointExtension>
            <ns3:hr>129</ns3:hr>
          </ns3:TrackPointExtension>
        </extensions>
      </trkpt>
      <trkpt lat="36.6862589679658412933349609375" lon="117.25835488177835941314697265625">
        <ele>86.40000152587890625</ele>
        <time>2026-08-16T07:07:13.000Z</time>
        <extensions>
          <ns3:TrackPointExtension>
            <ns3:hr>129</ns3:hr>
          </ns3:TrackPointExtension>
        </extensions>
      </trkpt>
      <trkpt lat="36.68626542203128337860107421875" lon="117.2584810294210910797119140625">
        <ele>86.1999969482421875</ele>
        <time>2026-08-16T07:07:15.000Z</time>
        <extensions>
          <ns3:TrackPointExtension>
            <ns3:hr>128</ns3:hr>
          </ns3:TrackPointExtension>
        </extensions>
      </trkpt>
      <trkpt lat="36.686276905238628387451171875" lon="117.25875168107450008392333984375">
        <ele>86.1999969482421875</ele>
        <time>2026-08-16T07:07:19.000Z</time>
        <extensions>
          <ns3:TrackPointExtension>
            <ns3:hr>130</ns3:hr>
          </ns3:TrackPointExtension>
        </extensions>
      </trkpt>
      <trkpt lat="36.6862894780933856964111328125" lon="117.25889660418033599853515625">
        <ele>86.40000152587890625</ele>
        <time>2026-08-16T07:07:21.000Z</time>
        <extensions>
          <ns3:TrackPointExtension>
            <ns3:hr>130</ns3:hr>
          </ns3:TrackPointExtension>
        </extensions>
      </trkpt>
      <trkpt lat="36.6863075830042362213134765625" lon="117.25932902656495571136474609375">
        <ele>86.40000152587890625</ele>
        <time>2026-08-16T07:07:27.000Z</time>
        <extensions>
          <ns3:TrackPointExtension>
            <ns3:hr>133</ns3:hr>
          </ns3:TrackPointExtension>
        </extensions>
      </trkpt>
      <trkpt lat="36.68630867265164852142333984375" lon="117.2595249116420745849609375">
        <ele>86.59999847412109375</ele>
        <time>2026-08-16T07:07:30.000Z</time>
        <extensions>
          <ns3:TrackPointExtension>
            <ns3:hr>136</ns3:hr>
          </ns3:TrackPointExtension>
        </extensions>
      </trkpt>
      <trkpt lat="36.68630666099488735198974609375" lon="117.259745188057422637939453125">
        <ele>86.59999847412109375</ele>
        <time>2026-08-16T07:07:34.000Z</time>
        <extensions>
          <ns3:TrackPointExtension>
            <ns3:hr>137</ns3:hr>
          </ns3:TrackPointExtension>
        </extensions>
      </trkpt>
      <trkpt lat="36.686297357082366943359375" lon="117.2599783726036548614501953125">
        <ele>86.1999969482421875</ele>
        <time>2026-08-16T07:07:40.000Z</time>
        <extensions>
          <ns3:TrackPointExtension>
            <ns3:hr>136</ns3:hr>
          </ns3:TrackPointExtension>
        </extensions>
      </trkpt>
      <trkpt lat="36.6862852871417999267578125" lon="117.26027970202267169952392578125">
        <ele>86.1999969482421875</ele>
        <time>2026-08-16T07:07:45.000Z</time>
        <extensions>
          <ns3:TrackPointExtension>
            <ns3:hr>133</ns3:hr>
          </ns3:TrackPointExtension>
        </extensions>
      </trkpt>
      <trkpt lat="36.68628738261759281158447265625" lon="117.26054607890546321868896484375">
        <ele>86.40000152587890625</ele>
        <time>2026-08-16T07:07:49.000Z</time>
        <extensions>
          <ns3:TrackPointExtension>
            <ns3:hr>138</ns3:hr>
          </ns3:TrackPointExtension>
        </extensions>
      </trkpt>
      <trkpt lat="36.68628553859889507293701171875" lon="117.260850258171558380126953125">
        <ele>86.40000152587890625</ele>
        <time>2026-08-16T07:07:53.000Z</time>
        <extensions>
          <ns3:TrackPointExtension>
            <ns3:hr>141</ns3:hr>
          </ns3:TrackPointExtension>
        </extensions>
      </trkpt>
      <trkpt lat="36.6862777434289455413818359375" lon="117.26147496141493320465087890625">
        <ele>86.8000030517578125</ele>
        <time>2026-08-16T07:08:00.000Z</time>
        <extensions>
          <ns3:TrackPointExtension>
            <ns3:hr>142</ns3:hr>
          </ns3:TrackPointExtension>
        </extensions>
      </trkpt>
      <trkpt lat="36.68628059327602386474609375" lon="117.26187896914780139923095703125">
        <ele>86.59999847412109375</ele>
        <time>2026-08-16T07:08:05.000Z</time>
        <extensions>
          <ns3:TrackPointExtension>
            <ns3:hr>145</ns3:hr>
          </ns3:TrackPointExtension>
        </extensions>
      </trkpt>
      <trkpt lat="36.6862861253321170806884765625" lon="117.26202263496816158294677734375">
        <ele>86.59999847412109375</ele>
        <time>2026-08-16T07:08:07.000Z</time>
        <extensions>
          <ns3:TrackPointExtension>
            <ns3:hr>148</ns3:hr>
          </ns3:TrackPointExtension>
        </extensions>
      </trkpt>
      <trkpt lat="36.6862901486456394195556640625" lon="117.2624121420085430145263671875">
        <ele>87</ele>
        <time>2026-08-16T07:08:13.000Z</time>
        <extensions>
          <ns3:TrackPointExtension>
            <ns3:hr>148</ns3:hr>
          </ns3:TrackPointExtension>
        </extensions>
      </trkpt>
      <trkpt lat="36.6862841136753559112548828125" lon="117.2626515291631221771240234375">
        <ele>86.8000030517578125</ele>
        <time>2026-08-16T07:08:17.000Z</time>
        <extensions>
          <ns3:TrackPointExtension>
            <ns3:hr>148</ns3:hr>
          </ns3:TrackPointExtension>
        </extensions>
      </trkpt>
      <trkpt lat="36.686282940208911895751953125" lon="117.26270760409533977508544921875">
        <ele>86.8000030517578125</ele>
        <time>2026-08-16T07:08:18.000Z</time>
        <extensions>
          <ns3:TrackPointExtension>
            <ns3:hr>147</ns3:hr>
          </ns3:TrackPointExtension>
        </extensions>
      </trkpt>
      <trkpt lat="36.68628386221826076507568359375" lon="117.263049669563770294189453125">
        <ele>87</ele>
        <time>2026-08-16T07:08:25.000Z</time>
        <extensions>
          <ns3:TrackPointExtension>
            <ns3:hr>146</ns3:hr>
          </ns3:TrackPointExtension>
        </extensions>
      </trkpt>
      <trkpt lat="36.686280928552150726318359375" lon="117.26335301063954830169677734375">
        <ele>87.1999969482421875</ele>
        <time>2026-08-16T07:08:31.000Z</time>
        <extensions>
          <ns3:TrackPointExtension>
            <ns3:hr>144</ns3:hr>
          </ns3:TrackPointExtension>
        </extensions>
      </trkpt>
      <trkpt lat="36.6862881369888782501220703125" lon="117.263712845742702484130859375">
        <ele>87.1999969482421875</ele>
        <time>2026-08-16T07:08:37.000Z</time>
        <extensions>
          <ns3:TrackPointExtension>
            <ns3:hr>143</ns3:hr>
          </ns3:TrackPointExtension>
        </extensions>
      </trkpt>
      <trkpt lat="36.68628335930407047271728515625" lon="117.26418860256671905517578125">
        <ele>87.1999969482421875</ele>
        <time>2026-08-16T07:08:44.000Z</time>
        <extensions>
          <ns3:TrackPointExtension>
            <ns3:hr>142</ns3:hr>
          </ns3:TrackPointExtension>
        </extensions>
      </trkpt>
      <trkpt lat="36.6862794198095798492431640625" lon="117.26444332860410213470458984375">
        <ele>87.1999969482421875</ele>
        <time>2026-08-16T07:08:48.000Z</time>
        <extensions>
          <ns3:TrackPointExtension>
            <ns3:hr>142</ns3:hr>
          </ns3:TrackPointExtension>
        </extensions>
      </trkpt>
      <trkpt lat="36.6862745583057403564453125" lon="117.26455681957304477691650390625">
        <ele>87.1999969482421875</ele>
        <time>2026-08-16T07:08:50.000Z</time>
        <extensions>
          <ns3:TrackPointExtension>
            <ns3:hr>143</ns3:hr>
          </ns3:TrackPointExtension>
        </extensions>
      </trkpt>
      <trkpt lat="36.686244718730449676513671875" lon="117.264834679663181304931640625">
        <ele>87.1999969482421875</ele>
        <time>2026-08-16T07:08:55.000Z</time>
        <extensions>
          <ns3:TrackPointExtension>
            <ns3:hr>144</ns3:hr>
          </ns3:TrackPointExtension>
        </extensions>
      </trkpt>
      <trkpt lat="36.6862495802342891693115234375" lon="117.264938615262508392333984375">
        <ele>87.1999969482421875</ele>
        <time>2026-08-16T07:08:57.000Z</time>
        <extensions>
          <ns3:TrackPointExtension>
            <ns3:hr>143</ns3:hr>
          </ns3:TrackPointExtension>
        </extensions>
      </trkpt>
      <trkpt lat="36.68625569902360439300537109375" lon="117.26503374986350536346435546875">
        <ele>87</ele>
        <time>2026-08-16T07:08:59.000Z</time>
        <extensions>
          <ns3:TrackPointExtension>
            <ns3:hr>142</ns3:hr>
          </ns3:TrackPointExtension>
        </extensions>
      </trkpt>
      <trkpt lat="36.686251424252986907958984375" lon="117.26518227718770503997802734375">
        <ele>87</ele>
        <time>2026-08-16T07:09:02.000Z</time>
        <extensions>
          <ns3:TrackPointExtension>
            <ns3:hr>141</ns3:hr>
          </ns3:TrackPointExtension>
        </extensions>
      </trkpt>
      <trkpt lat="36.686253435909748077392578125" lon="117.26535804569721221923828125">
        <ele>87.1999969482421875</ele>
        <time>2026-08-16T07:09:05.000Z</time>
        <extensions>
          <ns3:TrackPointExtension>
            <ns3:hr>140</ns3:hr>
          </ns3:TrackPointExtension>
        </extensions>
      </trkpt>
      <trkpt lat="36.686253435909748077392578125" lon="117.26552970707416534423828125">
        <ele>87.40000152587890625</ele>
        <time>2026-08-16T07:09:08.000Z</time>
        <extensions>
          <ns3:TrackPointExtension>
            <ns3:hr>140</ns3:hr>
          </ns3:TrackPointExtension>
        </extensions>
      </trkpt>
      <trkpt lat="36.68628520332276821136474609375" lon="117.265827767550945281982421875">
        <ele>87.1999969482421875</ele>
        <time>2026-08-16T07:09:14.000Z</time>
        <extensions>
          <ns3:TrackPointExtension>
            <ns3:hr>140</ns3:hr>
          </ns3:TrackPointExtension>
        </extensions>
      </trkpt>
      <trkpt lat="36.68632945977151393890380859375" lon="117.26604376919567584991455078125">
        <ele>87.8000030517578125</ele>
        <time>2026-08-16T07:09:18.000Z</time>
        <extensions>
          <ns3:TrackPointExtension>
            <ns3:hr>140</ns3:hr>
          </ns3:TrackPointExtension>
        </extensions>
      </trkpt>
      <trkpt lat="36.6863469779491424560546875" lon="117.2661561705172061920166015625">
        <ele>88</ele>
        <time>2026-08-16T07:09:20.000Z</time>
        <extensions>
          <ns3:TrackPointExtension>
            <ns3:hr>140</ns3:hr>
          </ns3:TrackPointExtension>
        </extensions>
      </trkpt>
      <trkpt lat="36.68634840287268161773681640625" lon="117.26621576584875583648681640625">
        <ele>88</ele>
        <time>2026-08-16T07:09:21.000Z</time>
        <extensions>
          <ns3:TrackPointExtension>
            <ns3:hr>140</ns3:hr>
          </ns3:TrackPointExtension>
        </extensions>
      </trkpt>
      <trkpt lat="36.6863468103110790252685546875" lon="117.26648733951151371002197265625">
        <ele>88</ele>
        <time>2026-08-16T07:09:25.000Z</time>
        <extensions>
          <ns3:TrackPointExtension>
            <ns3:hr>140</ns3:hr>
          </ns3:TrackPointExtension>
        </extensions>
      </trkpt>
      <trkpt lat="36.68634898960590362548828125" lon="117.26677584461867809295654296875">
        <ele>88.40000152587890625</ele>
        <time>2026-08-16T07:09:29.000Z</time>
        <extensions>
          <ns3:TrackPointExtension>
            <ns3:hr>140</ns3:hr>
          </ns3:TrackPointExtension>
        </extensions>
      </trkpt>
      <trkpt lat="36.6863523423671722412109375" lon="117.26698706857860088348388671875">
        <ele>88.40000152587890625</ele>
        <time>2026-08-16T07:09:32.000Z</time>
        <extensions>
          <ns3:TrackPointExtension>
            <ns3:hr>140</ns3:hr>
          </ns3:TrackPointExtension>
        </extensions>
      </trkpt>
      <trkpt lat="36.68634873814880847930908203125" lon="117.26734547875821590423583984375">
        <ele>88.59999847412109375</ele>
        <time>2026-08-16T07:09:37.000Z</time>
        <extensions>
          <ns3:TrackPointExtension>
            <ns3:hr>143</ns3:hr>
          </ns3:TrackPointExtension>
        </extensions>
      </trkpt>
      <trkpt lat="36.686349995434284210205078125" lon="117.26740934886038303375244140625">
        <ele>88.40000152587890625</ele>
        <time>2026-08-16T07:09:38.000Z</time>
        <extensions>
          <ns3:TrackPointExtension>
            <ns3:hr>144</ns3:hr>
          </ns3:TrackPointExtension>
        </extensions>
      </trkpt>
      <trkpt lat="36.686356030404567718505859375" lon="117.26760573685169219970703125">
        <ele>88.40000152587890625</ele>
        <time>2026-08-16T07:09:41.000Z</time>
        <extensions>
          <ns3:TrackPointExtension>
            <ns3:hr>147</ns3:hr>
          </ns3:TrackPointExtension>
        </extensions>
      </trkpt>
      <trkpt lat="36.68635410256683826446533203125" lon="117.26776373572647571563720703125">
        <ele>88.1999969482421875</ele>
        <time>2026-08-16T07:09:44.000Z</time>
        <extensions>
          <ns3:TrackPointExtension>
            <ns3:hr>148</ns3:hr>
          </ns3:TrackPointExtension>
        </extensions>
      </trkpt>
      <trkpt lat="36.6863558627665042877197265625" lon="117.26791419088840484619140625">
        <ele>88.1999969482421875</ele>
        <time>2026-08-16T07:09:47.000Z</time>
        <extensions>
          <ns3:TrackPointExtension>
            <ns3:hr>147</ns3:hr>
          </ns3:TrackPointExtension>
        </extensions>
      </trkpt>
      <trkpt lat="36.6863612271845340728759765625" lon="117.2680514864623546600341796875">
        <ele>88.1999969482421875</ele>
        <time>2026-08-16T07:09:50.000Z</time>
        <extensions>
          <ns3:TrackPointExtension>
            <ns3:hr>146</ns3:hr>
          </ns3:TrackPointExtension>
        </extensions>
      </trkpt>
      <trkpt lat="36.68635837733745574951171875" lon="117.26821199990808963775634765625">
        <ele>88.1999969482421875</ele>
        <time>2026-08-16T07:09:53.000Z</time>
        <extensions>
          <ns3:TrackPointExtension>
            <ns3:hr>146</ns3:hr>
          </ns3:TrackPointExtension>
        </extensions>
      </trkpt>
      <trkpt lat="36.686349995434284210205078125" lon="117.2683257423341274261474609375">
        <ele>88.40000152587890625</ele>
        <time>2026-08-16T07:09:55.000Z</time>
        <extensions>
          <ns3:TrackPointExtension>
            <ns3:hr>145</ns3:hr>
          </ns3:TrackPointExtension>
        </extensions>
      </trkpt>
      <trkpt lat="36.68634789995849132537841796875" lon="117.26838969625532627105712890625">
        <ele>88.40000152587890625</ele>
        <time>2026-08-16T07:09:56.000Z</time>
        <extensions>
          <ns3:TrackPointExtension>
            <ns3:hr>145</ns3:hr>
          </ns3:TrackPointExtension>
        </extensions>
      </trkpt>
      <trkpt lat="36.68634421192109584808349609375" lon="117.268636710941791534423828125">
        <ele>88.8000030517578125</ele>
        <time>2026-08-16T07:10:00.000Z</time>
        <extensions>
          <ns3:TrackPointExtension>
            <ns3:hr>144</ns3:hr>
          </ns3:TrackPointExtension>
        </extensions>
      </trkpt>
      <trkpt lat="36.68634672649204730987548828125" lon="117.2686965577304363250732421875">
        <ele>88.8000030517578125</ele>
        <time>2026-08-16T07:10:01.000Z</time>
        <extensions>
          <ns3:TrackPointExtension>
            <ns3:hr>144</ns3:hr>
          </ns3:TrackPointExtension>
        </extensions>
      </trkpt>
      <trkpt lat="36.68634873814880847930908203125" lon="117.26875900290906429290771484375">
        <ele>88.8000030517578125</ele>
        <time>2026-08-16T07:10:02.000Z</time>
        <extensions>
          <ns3:TrackPointExtension>
            <ns3:hr>144</ns3:hr>
          </ns3:TrackPointExtension>
        </extensions>
      </trkpt>
      <trkpt lat="36.6863521747291088104248046875" lon="117.26895379833877086639404296875">
        <ele>88.59999847412109375</ele>
        <time>2026-08-16T07:10:05.000Z</time>
        <extensions>
          <ns3:TrackPointExtension>
            <ns3:hr>145</ns3:hr>
          </ns3:TrackPointExtension>
        </extensions>
      </trkpt>
      <trkpt lat="36.6863528452813625335693359375" lon="117.2691280581057071685791015625">
        <ele>88.8000030517578125</ele>
        <time>2026-08-16T07:10:08.000Z</time>
        <extensions>
          <ns3:TrackPointExtension>
            <ns3:hr>146</ns3:hr>
          </ns3:TrackPointExtension>
        </extensions>
      </trkpt>
      <trkpt lat="36.6863357461988925933837890625" lon="117.26948655210435390472412109375">
        <ele>88.8000030517578125</ele>
        <time>2026-08-16T07:10:15.000Z</time>
        <extensions>
          <ns3:TrackPointExtension>
            <ns3:hr>146</ns3:hr>
          </ns3:TrackPointExtension>
        </extensions>
      </trkpt>
      <trkpt lat="36.686326526105403900146484375" lon="117.2697479836642742156982421875">
        <ele>89</ele>
        <time>2026-08-16T07:10:21.000Z</time>
        <extensions>
          <ns3:TrackPointExtension>
            <ns3:hr>144</ns3:hr>
          </ns3:TrackPointExtension>
        </extensions>
      </trkpt>
      <trkpt lat="36.6863333992660045623779296875" lon="117.26997102610766887664794921875">
        <ele>89.1999969482421875</ele>
        <time>2026-08-16T07:10:27.000Z</time>
        <extensions>
          <ns3:TrackPointExtension>
            <ns3:hr>141</ns3:hr>
          </ns3:TrackPointExtension>
        </extensions>
      </trkpt>
      <trkpt lat="36.686329878866672515869140625" lon="117.27020404301583766937255859375">
        <ele>89.1999969482421875</ele>
        <time>2026-08-16T07:10:32.000Z</time>
        <extensions>
          <ns3:TrackPointExtension>
            <ns3:hr>139</ns3:hr>
          </ns3:TrackPointExtension>
        </extensions>
      </trkpt>
      <trkpt lat="36.68632308952510356903076171875" lon="117.2705704160034656524658203125">
        <ele>89.59999847412109375</ele>
        <time>2026-08-16T07:10:38.000Z</time>
        <extensions>
          <ns3:TrackPointExtension>
            <ns3:hr>140</ns3:hr>
          </ns3:TrackPointExtension>
        </extensions>
      </trkpt>
      <trkpt lat="36.68632443062961101531982421875" lon="117.27084123529493808746337890625">
        <ele>89.59999847412109375</ele>
        <time>2026-08-16T07:10:42.000Z</time>
        <extensions>
          <ns3:TrackPointExtension>
            <ns3:hr>140</ns3:hr>
          </ns3:TrackPointExtension>
        </extensions>
      </trkpt>
      <trkpt lat="36.68633415363729000091552734375" lon="117.270960845053195953369140625">
        <ele>89.59999847412109375</ele>
        <time>2026-08-16T07:10:44.000Z</time>
        <extensions>
          <ns3:TrackPointExtension>
            <ns3:hr>140</ns3:hr>
          </ns3:TrackPointExtension>
        </extensions>
      </trkpt>
      <trkpt lat="36.6863206587731838226318359375" lon="117.2712600789964199066162109375">
        <ele>90</ele>
        <time>2026-08-16T07:10:49.000Z</time>
        <extensions>
          <ns3:TrackPointExtension>
            <ns3:hr>140</ns3:hr>
          </ns3:TrackPointExtension>
        </extensions>
      </trkpt>
      <trkpt lat="36.6863173060119152069091796875" lon="117.27132688276469707489013671875">
        <ele>90</ele>
        <time>2026-08-16T07:10:50.000Z</time>
        <extensions>
          <ns3:TrackPointExtension>
            <ns3:hr>140</ns3:hr>
          </ns3:TrackPointExtension>
        </extensions>
      </trkpt>
      <trkpt lat="36.6863132826983928680419921875" lon="117.2717277891933917999267578125">
        <ele>90</ele>
        <time>2026-08-16T07:10:56.000Z</time>
        <extensions>
          <ns3:TrackPointExtension>
            <ns3:hr>140</ns3:hr>
          </ns3:TrackPointExtension>
        </extensions>
      </trkpt>
      <trkpt lat="36.68631252832710742950439453125" lon="117.27184899151325225830078125">
        <ele>90</ele>
        <time>2026-08-16T07:10:58.000Z</time>
        <extensions>
          <ns3:TrackPointExtension>
            <ns3:hr>140</ns3:hr>
          </ns3:TrackPointExtension>
        </extensions>
      </trkpt>
      <trkpt lat="36.6863094270229339599609375" lon="117.27210304699838161468505859375">
        <ele>90.1999969482421875</ele>
        <time>2026-08-16T07:11:02.000Z</time>
        <extensions>
          <ns3:TrackPointExtension>
            <ns3:hr>140</ns3:hr>
          </ns3:TrackPointExtension>
        </extensions>
      </trkpt>
      <trkpt lat="36.68630431406199932098388671875" lon="117.27255650795996189117431640625">
        <ele>90.59999847412109375</ele>
        <time>2026-08-16T07:11:09.000Z</time>
        <extensions>
          <ns3:TrackPointExtension>
            <ns3:hr>141</ns3:hr>
          </ns3:TrackPointExtension>
        </extensions>
      </trkpt>
      <trkpt lat="36.686311103403568267822265625" lon="117.27262280881404876708984375">
        <ele>90.59999847412109375</ele>
        <time>2026-08-16T07:11:10.000Z</time>
        <extensions>
          <ns3:TrackPointExtension>
            <ns3:hr>142</ns3:hr>
          </ns3:TrackPointExtension>
        </extensions>
      </trkpt>
      <trkpt lat="36.686312444508075714111328125" lon="117.27275691926479339599609375">
        <ele>90.59999847412109375</ele>
        <time>2026-08-16T07:11:12.000Z</time>
        <extensions>
          <ns3:TrackPointExtension>
            <ns3:hr>142</ns3:hr>
          </ns3:TrackPointExtension>
        </extensions>
      </trkpt>
      <trkpt lat="36.686315126717090606689453125" lon="117.27288910187780857086181640625">
        <ele>90.59999847412109375</ele>
        <time>2026-08-16T07:11:14.000Z</time>
        <extensions>
          <ns3:TrackPointExtension>
            <ns3:hr>143</ns3:hr>
          </ns3:TrackPointExtension>
        </extensions>
      </trkpt>
      <trkpt lat="36.68630682863295078277587890625" lon="117.27326896972954273223876953125">
        <ele>90.59999847412109375</ele>
        <time>2026-08-16T07:11:21.000Z</time>
        <extensions>
          <ns3:TrackPointExtension>
            <ns3:hr>145</ns3:hr>
          </ns3:TrackPointExtension>
        </extensions>
      </trkpt>
      <trkpt lat="36.68630783446133136749267578125" lon="117.27352109737694263458251953125">
        <ele>90.59999847412109375</ele>
        <time>2026-08-16T07:11:26.000Z</time>
        <extensions>
          <ns3:TrackPointExtension>
            <ns3:hr>146</ns3:hr>
          </ns3:TrackPointExtension>
        </extensions>
      </trkpt>
      <trkpt lat="36.6863085888326168060302734375" lon="117.2735775075852870941162109375">
        <ele>90.59999847412109375</ele>
        <time>2026-08-16T07:11:27.000Z</time>
        <extensions>
          <ns3:TrackPointExtension>
            <ns3:hr>146</ns3:hr>
          </ns3:TrackPointExtension>
        </extensions>
      </trkpt>
      <trkpt lat="36.68631856329739093780517578125" lon="117.27369544096291065216064453125">
        <ele>90.8000030517578125</ele>
        <time>2026-08-16T07:11:29.000Z</time>
        <extensions>
          <ns3:TrackPointExtension>
            <ns3:hr>146</ns3:hr>
          </ns3:TrackPointExtension>
        </extensions>
      </trkpt>
      <trkpt lat="36.68632593937218189239501953125" lon="117.2738829441368579864501953125">
        <ele>90.8000030517578125</ele>
        <time>2026-08-16T07:11:32.000Z</time>
        <extensions>
          <ns3:TrackPointExtension>
            <ns3:hr>146</ns3:hr>
          </ns3:TrackPointExtension>
        </extensions>
      </trkpt>
      <trkpt lat="36.68631613254547119140625" lon="117.27416248060762882232666015625">
        <ele>91</ele>
        <time>2026-08-16T07:11:36.000Z</time>
        <extensions>
          <ns3:TrackPointExtension>
            <ns3:hr>146</ns3:hr>
          </ns3:TrackPointExtension>
        </extensions>
      </trkpt>
      <trkpt lat="36.6863179765641689300537109375" lon="117.27429793216288089752197265625">
        <ele>91</ele>
        <time>2026-08-16T07:11:38.000Z</time>
        <extensions>
          <ns3:TrackPointExtension>
            <ns3:hr>146</ns3:hr>
          </ns3:TrackPointExtension>
        </extensions>
      </trkpt>
      <trkpt lat="36.6863255202770233154296875" lon="117.27465852163732051849365234375">
        <ele>91.1999969482421875</ele>
        <time>2026-08-16T07:11:43.000Z</time>
        <extensions>
          <ns3:TrackPointExtension>
            <ns3:hr>147</ns3:hr>
          </ns3:TrackPointExtension>
        </extensions>
      </trkpt>
      <trkpt lat="36.6863146238029003143310546875" lon="117.275053560733795166015625">
        <ele>91.40000152587890625</ele>
        <time>2026-08-16T07:11:49.000Z</time>
        <extensions>
          <ns3:TrackPointExtension>
            <ns3:hr>150</ns3:hr>
          </ns3:TrackPointExtension>
        </extensions>
      </trkpt>
      <trkpt lat="36.6863146238029003143310546875" lon="117.27511265315115451812744140625">
        <ele>91.40000152587890625</ele>
        <time>2026-08-16T07:11:50.000Z</time>
        <extensions>
          <ns3:TrackPointExtension>
            <ns3:hr>150</ns3:hr>
          </ns3:TrackPointExtension>
        </extensions>
      </trkpt>
      <trkpt lat="36.68632845394313335418701171875" lon="117.27541557513177394866943359375">
        <ele>91.59999847412109375</ele>
        <time>2026-08-16T07:11:56.000Z</time>
        <extensions>
          <ns3:TrackPointExtension>
            <ns3:hr>151</ns3:hr>
          </ns3:TrackPointExtension>
        </extensions>
      </trkpt>
      <trkpt lat="36.68633557856082916259765625" lon="117.275694943964481353759765625">
        <ele>91.59999847412109375</ele>
        <time>2026-08-16T07:12:03.000Z</time>
        <extensions>
          <ns3:TrackPointExtension>
            <ns3:hr>150</ns3:hr>
          </ns3:TrackPointExtension>
        </extensions>
      </trkpt>
      <trkpt lat="36.68632174842059612274169921875" lon="117.2757987119257450103759765625">
        <ele>91.59999847412109375</ele>
        <time>2026-08-16T07:12:06.000Z</time>
        <extensions>
          <ns3:TrackPointExtension>
            <ns3:hr>147</ns3:hr>
          </ns3:TrackPointExtension>
        </extensions>
      </trkpt>
      <trkpt lat="36.68632216751575469970703125" lon="117.27587540633976459503173828125">
        <ele>91.59999847412109375</ele>
        <time>2026-08-16T07:12:08.000Z</time>
        <extensions>
          <ns3:TrackPointExtension>
            <ns3:hr>145</ns3:hr>
          </ns3:TrackPointExtension>
        </extensions>
      </trkpt>
      <trkpt lat="36.6863203234970569610595703125" lon="117.27606366388499736785888671875">
        <ele>91.59999847412109375</ele>
        <time>2026-08-16T07:12:12.000Z</time>
        <extensions>
          <ns3:TrackPointExtension>
            <ns3:hr>144</ns3:hr>
          </ns3:TrackPointExtension>
        </extensions>
      </trkpt>
      <trkpt lat="36.68631906621158123016357421875" lon="117.276113033294677734375">
        <ele>91.59999847412109375</ele>
        <time>2026-08-16T07:12:13.000Z</time>
        <extensions>
          <ns3:TrackPointExtension>
            <ns3:hr>144</ns3:hr>
          </ns3:TrackPointExtension>
        </extensions>
      </trkpt>
      <trkpt lat="36.68630699627101421356201171875" lon="117.2763477265834808349609375">
        <ele>91.8000030517578125</ele>
        <time>2026-08-16T07:12:19.000Z</time>
        <extensions>
          <ns3:TrackPointExtension>
            <ns3:hr>142</ns3:hr>
          </ns3:TrackPointExtension>
        </extensions>
      </trkpt>
      <trkpt lat="36.6863013803958892822265625" lon="117.27644604630768299102783203125">
        <ele>91.8000030517578125</ele>
        <time>2026-08-16T07:12:23.000Z</time>
        <extensions>
          <ns3:TrackPointExtension>
            <ns3:hr>139</ns3:hr>
          </ns3:TrackPointExtension>
        </extensions>
      </trkpt>
      <trkpt lat="36.6863022185862064361572265625" lon="117.2764655761420726776123046875">
        <ele>91.8000030517578125</ele>
        <time>2026-08-16T07:12:24.000Z</time>
        <extensions>
          <ns3:TrackPointExtension>
            <ns3:hr>138</ns3:hr>
          </ns3:TrackPointExtension>
        </extensions>
      </trkpt>
      <trkpt lat="36.68630934320390224456787109375" lon="117.276517041027545928955078125">
        <ele>91.8000030517578125</ele>
        <time>2026-08-16T07:12:27.000Z</time>
        <extensions>
          <ns3:TrackPointExtension>
            <ns3:hr>137</ns3:hr>
          </ns3:TrackPointExtension>
        </extensions>
      </trkpt>
      <trkpt lat="36.68629861436784267425537109375" lon="117.276574708521366119384765625">
        <ele>91.8000030517578125</ele>
        <time>2026-08-16T07:12:29.000Z</time>
        <extensions>
          <ns3:TrackPointExtension>
            <ns3:hr>135</ns3:hr>
          </ns3:TrackPointExtension>
        </extensions>
      </trkpt>
      <trkpt lat="36.68630934320390224456787109375" lon="117.27681149728596210479736328125">
        <ele>92</ele>
        <time>2026-08-16T07:12:35.000Z</time>
        <extensions>
          <ns3:TrackPointExtension>
            <ns3:hr>134</ns3:hr>
          </ns3:TrackPointExtension>
        </extensions>
      </trkpt>
      <trkpt lat="36.68630096130073070526123046875" lon="117.27700729854404926300048828125">
        <ele>92</ele>
        <time>2026-08-16T07:12:39.000Z</time>
        <extensions>
          <ns3:TrackPointExtension>
            <ns3:hr>135</ns3:hr>
          </ns3:TrackPointExtension>
        </extensions>
      </trkpt>
      <trkpt lat="36.6863085888326168060302734375" lon="117.27711861021816730499267578125">
        <ele>92.1999969482421875</ele>
        <time>2026-08-16T07:12:41.000Z</time>
        <extensions>
          <ns3:TrackPointExtension>
            <ns3:hr>136</ns3:hr>
          </ns3:TrackPointExtension>
        </extensions>
      </trkpt>
      <trkpt lat="36.6863094270229339599609375" lon="117.27742320857942104339599609375">
        <ele>92.40000152587890625</ele>
        <time>2026-08-16T07:12:46.000Z</time>
        <extensions>
          <ns3:TrackPointExtension>
            <ns3:hr>138</ns3:hr>
          </ns3:TrackPointExtension>
        </extensions>
      </trkpt>
      <trkpt lat="36.68630531989037990570068359375" lon="117.27752127684652805328369140625">
        <ele>92.40000152587890625</ele>
        <time>2026-08-16T07:12:48.000Z</time>
        <extensions>
          <ns3:TrackPointExtension>
            <ns3:hr>138</ns3:hr>
          </ns3:TrackPointExtension>
        </extensions>
      </trkpt>
      <trkpt lat="36.68630741536617279052734375" lon="117.27787055075168609619140625">
        <ele>92.8000030517578125</ele>
        <time>2026-08-16T07:12:54.000Z</time>
        <extensions>
          <ns3:TrackPointExtension>
            <ns3:hr>138</ns3:hr>
          </ns3:TrackPointExtension>
        </extensions>
      </trkpt>
      <trkpt lat="36.6863092593848705291748046875" lon="117.27793358266353607177734375">
        <ele>92.8000030517578125</ele>
        <time>2026-08-16T07:12:55.000Z</time>
        <extensions>
          <ns3:TrackPointExtension>
            <ns3:hr>138</ns3:hr>
          </ns3:TrackPointExtension>
        </extensions>
      </trkpt>
      <trkpt lat="36.68632158078253269195556640625" lon="117.2782529331743717193603515625">
        <ele>93</ele>
        <time>2026-08-16T07:13:00.000Z</time>
        <extensions>
          <ns3:TrackPointExtension>
            <ns3:hr>138</ns3:hr>
          </ns3:TrackPointExtension>
        </extensions>
      </trkpt>
      <trkpt lat="36.686319150030612945556640625" lon="117.2783826850354671478271484375">
        <ele>93</ele>
        <time>2026-08-16T07:13:02.000Z</time>
        <extensions>
          <ns3:TrackPointExtension>
            <ns3:hr>138</ns3:hr>
          </ns3:TrackPointExtension>
        </extensions>
      </trkpt>
      <trkpt lat="36.686299704015254974365234375" lon="117.278627939522266387939453125">
        <ele>93</ele>
        <time>2026-08-16T07:13:06.000Z</time>
        <extensions>
          <ns3:TrackPointExtension>
            <ns3:hr>140</ns3:hr>
          </ns3:TrackPointExtension>
        </extensions>
      </trkpt>
      <trkpt lat="36.68630012311041355133056640625" lon="117.2790138423442840576171875">
        <ele>93.1999969482421875</ele>
        <time>2026-08-16T07:13:13.000Z</time>
        <extensions>
          <ns3:TrackPointExtension>
            <ns3:hr>140</ns3:hr>
          </ns3:TrackPointExtension>
        </extensions>
      </trkpt>
      <trkpt lat="36.68629241175949573516845703125" lon="117.2791722603142261505126953125">
        <ele>93.1999969482421875</ele>
        <time>2026-08-16T07:13:16.000Z</time>
        <extensions>
          <ns3:TrackPointExtension>
            <ns3:hr>140</ns3:hr>
          </ns3:TrackPointExtension>
        </extensions>
      </trkpt>
      <trkpt lat="36.6862901486456394195556640625" lon="117.27932154200971126556396484375">
        <ele>93.1999969482421875</ele>
        <time>2026-08-16T07:13:19.000Z</time>
        <extensions>
          <ns3:TrackPointExtension>
            <ns3:hr>140</ns3:hr>
          </ns3:TrackPointExtension>
        </extensions>
      </trkpt>
      <trkpt lat="36.686294339597225189208984375" lon="117.2795568220317363739013671875">
        <ele>93.1999969482421875</ele>
        <time>2026-08-16T07:13:24.000Z</time>
        <extensions>
          <ns3:TrackPointExtension>
            <ns3:hr>140</ns3:hr>
          </ns3:TrackPointExtension>
        </extensions>
      </trkpt>
      <trkpt lat="36.68629827909171581268310546875" lon="117.27960552088916301727294921875">
        <ele>93.1999969482421875</ele>
        <time>2026-08-16T07:13:25.000Z</time>
        <extensions>
          <ns3:TrackPointExtension>
            <ns3:hr>141</ns3:hr>
          </ns3:TrackPointExtension>
        </extensions>
      </trkpt>
      <trkpt lat="36.68629928492009639739990234375" lon="117.27966134436428546905517578125">
        <ele>93.40000152587890625</ele>
        <time>2026-08-16T07:13:26.000Z</time>
        <extensions>
          <ns3:TrackPointExtension>
            <ns3:hr>141</ns3:hr>
          </ns3:TrackPointExtension>
        </extensions>
      </trkpt>
      <trkpt lat="36.6862933337688446044921875" lon="117.279855720698833465576171875">
        <ele>93.59999847412109375</ele>
        <time>2026-08-16T07:13:29.000Z</time>
        <extensions>
          <ns3:TrackPointExtension>
            <ns3:hr>140</ns3:hr>
          </ns3:TrackPointExtension>
        </extensions>
      </trkpt>
      <trkpt lat="36.68629827909171581268310546875" lon="117.2799115441739559173583984375">
        <ele>93.59999847412109375</ele>
        <time>2026-08-16T07:13:30.000Z</time>
        <extensions>
          <ns3:TrackPointExtension>
            <ns3:hr>141</ns3:hr>
          </ns3:TrackPointExtension>
        </extensions>
      </trkpt>
      <trkpt lat="36.686294339597225189208984375" lon="117.2802277095615863800048828125">
        <ele>93.59999847412109375</ele>
        <time>2026-08-16T07:13:35.000Z</time>
        <extensions>
          <ns3:TrackPointExtension>
            <ns3:hr>140</ns3:hr>
          </ns3:TrackPointExtension>
        </extensions>
      </trkpt>
      <trkpt lat="36.68628922663629055023193359375" lon="117.2802991233766078948974609375">
        <ele>93.8000030517578125</ele>
        <time>2026-08-16T07:13:36.000Z</time>
        <extensions>
          <ns3:TrackPointExtension>
            <ns3:hr>141</ns3:hr>
          </ns3:TrackPointExtension>
        </extensions>
      </trkpt>
      <trkpt lat="36.68630280531942844390869140625" lon="117.2807581163942813873291015625">
        <ele>94</ele>
        <time>2026-08-16T07:13:43.000Z</time>
        <extensions>
          <ns3:TrackPointExtension>
            <ns3:hr>142</ns3:hr>
          </ns3:TrackPointExtension>
        </extensions>
      </trkpt>
      <trkpt lat="36.68629861436784267425537109375" lon="117.28116556070744991302490234375">
        <ele>93.8000030517578125</ele>
        <time>2026-08-16T07:13:50.000Z</time>
        <extensions>
          <ns3:TrackPointExtension>
            <ns3:hr>143</ns3:hr>
          </ns3:TrackPointExtension>
        </extensions>
      </trkpt>
      <trkpt lat="36.686292998492717742919921875" lon="117.28138290345668792724609375">
        <ele>93.8000030517578125</ele>
        <time>2026-08-16T07:13:54.000Z</time>
        <extensions>
          <ns3:TrackPointExtension>
            <ns3:hr>142</ns3:hr>
          </ns3:TrackPointExtension>
        </extensions>
      </trkpt>
      <trkpt lat="36.68628863990306854248046875" lon="117.2814896889030933380126953125">
        <ele>93.8000030517578125</ele>
        <time>2026-08-16T07:13:56.000Z</time>
        <extensions>
          <ns3:TrackPointExtension>
            <ns3:hr>142</ns3:hr>
          </ns3:TrackPointExtension>
        </extensions>
      </trkpt>
      <trkpt lat="36.68629467487335205078125" lon="117.2815999947488307952880859375">
        <ele>93.8000030517578125</ele>
        <time>2026-08-16T07:13:58.000Z</time>
        <extensions>
          <ns3:TrackPointExtension>
            <ns3:hr>142</ns3:hr>
          </ns3:TrackPointExtension>
        </extensions>
      </trkpt>
      <trkpt lat="36.686290316283702850341796875" lon="117.28174089454114437103271484375">
        <ele>94.1999969482421875</ele>
        <time>2026-08-16T07:14:01.000Z</time>
        <extensions>
          <ns3:TrackPointExtension>
            <ns3:hr>142</ns3:hr>
          </ns3:TrackPointExtension>
        </extensions>
      </trkpt>
      <trkpt lat="36.68629056774079799652099609375" lon="117.28178582154214382171630859375">
        <ele>94.1999969482421875</ele>
        <time>2026-08-16T07:14:02.000Z</time>
        <extensions>
          <ns3:TrackPointExtension>
            <ns3:hr>142</ns3:hr>
          </ns3:TrackPointExtension>
        </extensions>
      </trkpt>
      <trkpt lat="36.68628470040857791900634765625" lon="117.281837873160839080810546875">
        <ele>94.40000152587890625</ele>
        <time>2026-08-16T07:14:03.000Z</time>
        <extensions>
          <ns3:TrackPointExtension>
            <ns3:hr>141</ns3:hr>
          </ns3:TrackPointExtension>
        </extensions>
      </trkpt>
      <trkpt lat="36.68628520332276821136474609375" lon="117.28199251927435398101806640625">
        <ele>94.40000152587890625</ele>
        <time>2026-08-16T07:14:07.000Z</time>
        <extensions>
          <ns3:TrackPointExtension>
            <ns3:hr>140</ns3:hr>
          </ns3:TrackPointExtension>
        </extensions>
      </trkpt>
      <trkpt lat="36.6862720437347888946533203125" lon="117.28218731470406055450439453125">
        <ele>94.40000152587890625</ele>
        <time>2026-08-16T07:14:11.000Z</time>
        <extensions>
          <ns3:TrackPointExtension>
            <ns3:hr>140</ns3:hr>
          </ns3:TrackPointExtension>
        </extensions>
      </trkpt>
      <trkpt lat="36.68626718223094940185546875" lon="117.28229912929236888885498046875">
        <ele>94.40000152587890625</ele>
        <time>2026-08-16T07:14:13.000Z</time>
        <extensions>
          <ns3:TrackPointExtension>
            <ns3:hr>140</ns3:hr>
          </ns3:TrackPointExtension>
        </extensions>
      </trkpt>
      <trkpt lat="36.68626408092677593231201171875" lon="117.28261546231806278228759765625">
        <ele>94.40000152587890625</ele>
        <time>2026-08-16T07:14:18.000Z</time>
        <extensions>
          <ns3:TrackPointExtension>
            <ns3:hr>140</ns3:hr>
          </ns3:TrackPointExtension>
        </extensions>
      </trkpt>
      <trkpt lat="36.686264164745807647705078125" lon="117.28267841041088104248046875">
        <ele>94.40000152587890625</ele>
        <time>2026-08-16T07:14:19.000Z</time>
        <extensions>
          <ns3:TrackPointExtension>
            <ns3:hr>140</ns3:hr>
          </ns3:TrackPointExtension>
        </extensions>
      </trkpt>
      <trkpt lat="36.68627548031508922576904296875" lon="117.282802797853946685791015625">
        <ele>94.40000152587890625</ele>
        <time>2026-08-16T07:14:21.000Z</time>
        <extensions>
          <ns3:TrackPointExtension>
            <ns3:hr>140</ns3:hr>
          </ns3:TrackPointExtension>
        </extensions>
      </trkpt>
      <trkpt lat="36.68626994825899600982666015625" lon="117.28294118307530879974365234375">
        <ele>94.59999847412109375</ele>
        <time>2026-08-16T07:14:23.000Z</time>
        <extensions>
          <ns3:TrackPointExtension>
            <ns3:hr>140</ns3:hr>
          </ns3:TrackPointExtension>
        </extensions>
      </trkpt>
      <trkpt lat="36.6862784139811992645263671875" lon="117.28335759602487087249755859375">
        <ele>94.59999847412109375</ele>
        <time>2026-08-16T07:14:29.000Z</time>
        <extensions>
          <ns3:TrackPointExtension>
            <ns3:hr>141</ns3:hr>
          </ns3:TrackPointExtension>
        </extensions>
      </trkpt>
      <trkpt lat="36.68629400432109832763671875" lon="117.28366169147193431854248046875">
        <ele>94.59999847412109375</ele>
        <time>2026-08-16T07:14:34.000Z</time>
        <extensions>
          <ns3:TrackPointExtension>
            <ns3:hr>143</ns3:hr>
          </ns3:TrackPointExtension>
        </extensions>
      </trkpt>
      <trkpt lat="36.68629827909171581268310546875" lon="117.2838681377470493316650390625">
        <ele>95</ele>
        <time>2026-08-16T07:14:37.000Z</time>
        <extensions>
          <ns3:TrackPointExtension>
            <ns3:hr>144</ns3:hr>
          </ns3:TrackPointExtension>
        </extensions>
      </trkpt>
      <trkpt lat="36.6862988658249378204345703125" lon="117.28401054628193378448486328125">
        <ele>95</ele>
        <time>2026-08-16T07:14:39.000Z</time>
        <extensions>
          <ns3:TrackPointExtension>
            <ns3:hr>144</ns3:hr>
          </ns3:TrackPointExtension>
        </extensions>
      </trkpt>
      <trkpt lat="36.68629526160657405853271484375" lon="117.28413292206823825836181640625">
        <ele>95</ele>
        <time>2026-08-16T07:14:41.000Z</time>
        <extensions>
          <ns3:TrackPointExtension>
            <ns3:hr>144</ns3:hr>
          </ns3:TrackPointExtension>
        </extensions>
      </trkpt>
      <trkpt lat="36.6862851195037364959716796875" lon="117.2843174077570438385009765625">
        <ele>94.8000030517578125</ele>
        <time>2026-08-16T07:14:44.000Z</time>
        <extensions>
          <ns3:TrackPointExtension>
            <ns3:hr>144</ns3:hr>
          </ns3:TrackPointExtension>
        </extensions>
      </trkpt>
      <trkpt lat="36.68628872372210025787353515625" lon="117.2844280488789081573486328125">
        <ele>94.8000030517578125</ele>
        <time>2026-08-16T07:14:46.000Z</time>
        <extensions>
          <ns3:TrackPointExtension>
            <ns3:hr>144</ns3:hr>
          </ns3:TrackPointExtension>
        </extensions>
      </trkpt>
      <trkpt lat="36.68628838844597339630126953125" lon="117.284485884010791778564453125">
        <ele>94.8000030517578125</ele>
        <time>2026-08-16T07:14:47.000Z</time>
        <extensions>
          <ns3:TrackPointExtension>
            <ns3:hr>144</ns3:hr>
          </ns3:TrackPointExtension>
        </extensions>
      </trkpt>
      <trkpt lat="36.6862780787050724029541015625" lon="117.28463969193398952484130859375">
        <ele>94.8000030517578125</ele>
        <time>2026-08-16T07:14:50.000Z</time>
        <extensions>
          <ns3:TrackPointExtension>
            <ns3:hr>144</ns3:hr>
          </ns3:TrackPointExtension>
        </extensions>
      </trkpt>
      <trkpt lat="36.68627866543829441070556640625" lon="117.28472921065986156463623046875">
        <ele>95</ele>
        <time>2026-08-16T07:14:52.000Z</time>
        <extensions>
          <ns3:TrackPointExtension>
            <ns3:hr>144</ns3:hr>
          </ns3:TrackPointExtension>
        </extensions>
      </trkpt>
      <trkpt lat="36.6862673498690128326416015625" lon="117.28492635302245616912841796875">
        <ele>95.1999969482421875</ele>
        <time>2026-08-16T07:14:56.000Z</time>
        <extensions>
          <ns3:TrackPointExtension>
            <ns3:hr>143</ns3:hr>
          </ns3:TrackPointExtension>
        </extensions>
      </trkpt>
      <trkpt lat="36.68627581559121608734130859375" lon="117.28508896194398403167724609375">
        <ele>95.40000152587890625</ele>
        <time>2026-08-16T07:14:59.000Z</time>
        <extensions>
          <ns3:TrackPointExtension>
            <ns3:hr>141</ns3:hr>
          </ns3:TrackPointExtension>
        </extensions>
      </trkpt>
      <trkpt lat="36.68627749197185039520263671875" lon="117.28524955920875072479248046875">
        <ele>95.59999847412109375</ele>
        <time>2026-08-16T07:15:02.000Z</time>
        <extensions>
          <ns3:TrackPointExtension>
            <ns3:hr>139</ns3:hr>
          </ns3:TrackPointExtension>
        </extensions>
      </trkpt>
      <trkpt lat="36.6862489096820354461669921875" lon="117.28539959527552127838134765625">
        <ele>95.8000030517578125</ele>
        <time>2026-08-16T07:15:05.000Z</time>
        <extensions>
          <ns3:TrackPointExtension>
            <ns3:hr>138</ns3:hr>
          </ns3:TrackPointExtension>
        </extensions>
      </trkpt>
      <trkpt lat="36.68624010868370532989501953125" lon="117.28545240126550197601318359375">
        <ele>96</ele>
        <time>2026-08-16T07:15:06.000Z</time>
        <extensions>
          <ns3:TrackPointExtension>
            <ns3:hr>138</ns3:hr>
          </ns3:TrackPointExtension>
        </extensions>
      </trkpt>
      <trkpt lat="36.68621957302093505859375" lon="117.2856724262237548828125">
        <ele>96</ele>
        <time>2026-08-16T07:15:10.000Z</time>
        <extensions>
          <ns3:TrackPointExtension>
            <ns3:hr>141</ns3:hr>
          </ns3:TrackPointExtension>
        </extensions>
      </trkpt>
      <trkpt lat="36.68621865101158618927001953125" lon="117.28572816587984561920166015625">
        <ele>96.1999969482421875</ele>
        <time>2026-08-16T07:15:11.000Z</time>
        <extensions>
          <ns3:TrackPointExtension>
            <ns3:hr>142</ns3:hr>
          </ns3:TrackPointExtension>
        </extensions>
      </trkpt>
      <trkpt lat="36.6862224228680133819580078125" lon="117.28608213365077972412109375">
        <ele>96.1999969482421875</ele>
        <time>2026-08-16T07:15:18.000Z</time>
        <extensions>
          <ns3:TrackPointExtension>
            <ns3:hr>144</ns3:hr>
          </ns3:TrackPointExtension>
        </extensions>
      </trkpt>
      <trkpt lat="36.6862401925027370452880859375" lon="117.28633250109851360321044921875">
        <ele>96.1999969482421875</ele>
        <time>2026-08-16T07:15:24.000Z</time>
        <extensions>
          <ns3:TrackPointExtension>
            <ns3:hr>144</ns3:hr>
          </ns3:TrackPointExtension>
        </extensions>
      </trkpt>
      <trkpt lat="36.68624631129205226898193359375" lon="117.28641883470118045806884765625">
        <ele>95.8000030517578125</ele>
        <time>2026-08-16T07:15:28.000Z</time>
        <extensions>
          <ns3:TrackPointExtension>
            <ns3:hr>143</ns3:hr>
          </ns3:TrackPointExtension>
        </extensions>
      </trkpt>
      <trkpt lat="36.6862492449581623077392578125" lon="117.28640668094158172607421875">
        <ele>96</ele>
        <time>2026-08-16T07:15:35.000Z</time>
        <extensions>
          <ns3:TrackPointExtension>
            <ns3:hr>141</ns3:hr>
          </ns3:TrackPointExtension>
        </extensions>
      </trkpt>
      <trkpt lat="36.6862532682716846466064453125" lon="117.28640441782772541046142578125">
        <ele>96</ele>
        <time>2026-08-16T07:15:51.000Z</time>
        <extensions>
          <ns3:TrackPointExtension>
            <ns3:hr>140</ns3:hr>
          </ns3:TrackPointExtension>
        </extensions>
      </trkpt>
      <trkpt lat="36.686250083148479461669921875" lon="117.286405675113201141357421875">
        <ele>95.59999847412109375</ele>
        <time>2026-08-16T07:15:56.000Z</time>
        <extensions>
          <ns3:TrackPointExtension>
            <ns3:hr>138</ns3:hr>
          </ns3:TrackPointExtension>
        </extensions>
      </trkpt>
      <trkpt lat="36.6862477362155914306640625" lon="117.28640290908515453338623046875">
        <ele>95.40000152587890625</ele>
        <time>2026-08-16T07:16:03.000Z</time>
        <extensions>
          <ns3:TrackPointExtension>
            <ns3:hr>138</ns3:hr>
          </ns3:TrackPointExtension>
        </extensions>
      </trkpt>
      <trkpt lat="36.68623206205666065216064453125" lon="117.286485135555267333984375">
        <ele>95.40000152587890625</ele>
        <time>2026-08-16T07:16:08.000Z</time>
        <extensions>
          <ns3:TrackPointExtension>
            <ns3:hr>136</ns3:hr>
          </ns3:TrackPointExtension>
        </extensions>
      </trkpt>
      <trkpt lat="36.68619954027235507965087890625" lon="117.28669141419231891632080078125">
        <ele>95.59999847412109375</ele>
        <time>2026-08-16T07:16:14.000Z</time>
        <extensions>
          <ns3:TrackPointExtension>
            <ns3:hr>136</ns3:hr>
          </ns3:TrackPointExtension>
        </extensions>
      </trkpt>
      <trkpt lat="36.68621798045933246612548828125" lon="117.2869637422263622283935546875">
        <ele>95.59999847412109375</ele>
        <time>2026-08-16T07:16:21.000Z</time>
        <extensions>
          <ns3:TrackPointExtension>
            <ns3:hr>135</ns3:hr>
          </ns3:TrackPointExtension>
        </extensions>
      </trkpt>
      <trkpt lat="36.68621965683996677398681640625" lon="117.287137918174266815185546875">
        <ele>95.1999969482421875</ele>
        <time>2026-08-16T07:16:25.000Z</time>
        <extensions>
          <ns3:TrackPointExtension>
            <ns3:hr>132</ns3:hr>
          </ns3:TrackPointExtension>
        </extensions>
      </trkpt>
      <trkpt lat="36.68621898628771305084228515625" lon="117.287230789661407470703125">
        <ele>95.1999969482421875</ele>
        <time>2026-08-16T07:16:27.000Z</time>
        <extensions>
          <ns3:TrackPointExtension>
            <ns3:hr>130</ns3:hr>
          </ns3:TrackPointExtension>
        </extensions>
      </trkpt>
      <trkpt lat="36.686219237744808197021484375" lon="117.28755961172282695770263671875">
        <ele>95</ele>
        <time>2026-08-16T07:16:34.000Z</time>
        <extensions>
          <ns3:TrackPointExtension>
            <ns3:hr>129</ns3:hr>
          </ns3:TrackPointExtension>
        </extensions>
      </trkpt>
      <trkpt lat="36.68621278367936611175537109375" lon="117.287966050207614898681640625">
        <ele>95</ele>
        <time>2026-08-16T07:16:41.000Z</time>
        <extensions>
          <ns3:TrackPointExtension>
            <ns3:hr>131</ns3:hr>
          </ns3:TrackPointExtension>
        </extensions>
      </trkpt>
      <trkpt lat="36.68621948920190334320068359375" lon="117.2881931997835636138916015625">
        <ele>95</ele>
        <time>2026-08-16T07:16:45.000Z</time>
        <extensions>
          <ns3:TrackPointExtension>
            <ns3:hr>133</ns3:hr>
          </ns3:TrackPointExtension>
        </extensions>
      </trkpt>
      <trkpt lat="36.6862217523157596588134765625" lon="117.28824994526803493499755859375">
        <ele>95</ele>
        <time>2026-08-16T07:16:46.000Z</time>
        <extensions>
          <ns3:TrackPointExtension>
            <ns3:hr>133</ns3:hr>
          </ns3:TrackPointExtension>
        </extensions>
      </trkpt>
      <trkpt lat="36.6862287931144237518310546875" lon="117.28855135850608348846435546875">
        <ele>95.40000152587890625</ele>
        <time>2026-08-16T07:16:52.000Z</time>
        <extensions>
          <ns3:TrackPointExtension>
            <ns3:hr>134</ns3:hr>
          </ns3:TrackPointExtension>
        </extensions>
      </trkpt>
      <trkpt lat="36.6862230934202671051025390625" lon="117.288840115070343017578125">
        <ele>95.40000152587890625</ele>
        <time>2026-08-16T07:16:58.000Z</time>
        <extensions>
          <ns3:TrackPointExtension>
            <ns3:hr>134</ns3:hr>
          </ns3:TrackPointExtension>
        </extensions>
      </trkpt>
      <trkpt lat="36.68621194548904895782470703125" lon="117.28929734788835048675537109375">
        <ele>95.40000152587890625</ele>
        <time>2026-08-16T07:17:07.000Z</time>
        <extensions>
          <ns3:TrackPointExtension>
            <ns3:hr>134</ns3:hr>
          </ns3:TrackPointExtension>
        </extensions>
      </trkpt>
      <trkpt lat="36.6861386038362979888916015625" lon="117.28932651691138744354248046875">
        <ele>95.40000152587890625</ele>
        <time>2026-08-16T07:17:10.000Z</time>
        <extensions>
          <ns3:TrackPointExtension>
            <ns3:hr>134</ns3:hr>
          </ns3:TrackPointExtension>
        </extensions>
      </trkpt>
      <trkpt lat="36.6860869713127613067626953125" lon="117.2893032990396022796630859375">
        <ele>95.8000030517578125</ele>
        <time>2026-08-16T07:17:15.000Z</time>
        <extensions>
          <ns3:TrackPointExtension>
            <ns3:hr>132</ns3:hr>
          </ns3:TrackPointExtension>
        </extensions>
      </trkpt>
      <trkpt lat="36.68607464991509914398193359375" lon="117.28929047472774982452392578125">
        <ele>96.40000152587890625</ele>
        <time>2026-08-16T07:17:22.000Z</time>
        <extensions>
          <ns3:TrackPointExtension>
            <ns3:hr>134</ns3:hr>
          </ns3:TrackPointExtension>
        </extensions>
      </trkpt>
      <trkpt lat="36.68604313395917415618896484375" lon="117.28926599957048892974853515625">
        <ele>97.1999969482421875</ele>
        <time>2026-08-16T07:17:26.000Z</time>
        <extensions>
          <ns3:TrackPointExtension>
            <ns3:hr>135</ns3:hr>
          </ns3:TrackPointExtension>
        </extensions>
      </trkpt>
      <trkpt lat="36.68601295910775661468505859375" lon="117.2892625629901885986328125">
        <ele>97</ele>
        <time>2026-08-16T07:17:30.000Z</time>
        <extensions>
          <ns3:TrackPointExtension>
            <ns3:hr>134</ns3:hr>
          </ns3:TrackPointExtension>
        </extensions>
      </trkpt>
      <trkpt lat="36.68600357137620449066162109375" lon="117.28927169926464557647705078125">
        <ele>97</ele>
        <time>2026-08-16T07:17:31.000Z</time>
        <extensions>
          <ns3:TrackPointExtension>
            <ns3:hr>133</ns3:hr>
          </ns3:TrackPointExtension>
        </extensions>
      </trkpt>
      <trkpt lat="36.68598513118922710418701171875" lon="117.28927991352975368499755859375">
        <ele>97.1999969482421875</ele>
        <time>2026-08-16T07:17:34.000Z</time>
        <extensions>
          <ns3:TrackPointExtension>
            <ns3:hr>134</ns3:hr>
          </ns3:TrackPointExtension>
        </extensions>
      </trkpt>
      <trkpt lat="36.68598094023764133453369140625" lon="117.28927320800721645355224609375">
        <ele>97.40000152587890625</ele>
        <time>2026-08-16T07:17:35.000Z</time>
        <extensions>
          <ns3:TrackPointExtension>
            <ns3:hr>134</ns3:hr>
          </ns3:TrackPointExtension>
        </extensions>
      </trkpt>
      <trkpt lat="36.68598898686468601226806640625" lon="117.289226688444614410400390625">
        <ele>98.40000152587890625</ele>
        <time>2026-08-16T07:17:40.000Z</time>
        <extensions>
          <ns3:TrackPointExtension>
            <ns3:hr>132</ns3:hr>
          </ns3:TrackPointExtension>
        </extensions>
      </trkpt>
      <trkpt lat="36.68598898686468601226806640625" lon="117.28921822272241115570068359375">
        <ele>98.59999847412109375</ele>
        <time>2026-08-16T07:17:41.000Z</time>
        <extensions>
          <ns3:TrackPointExtension>
            <ns3:hr>131</ns3:hr>
          </ns3:TrackPointExtension>
        </extensions>
      </trkpt>
      <trkpt lat="36.68598580174148082733154296875" lon="117.28920028544962406158447265625">
        <ele>99.1999969482421875</ele>
        <time>2026-08-16T07:17:44.000Z</time>
        <extensions>
          <ns3:TrackPointExtension>
            <ns3:hr>130</ns3:hr>
          </ns3:TrackPointExtension>
        </extensions>
      </trkpt>
      <trkpt lat="36.685976497828960418701171875" lon="117.289199866354465484619140625">
        <ele>99.40000152587890625</ele>
        <time>2026-08-16T07:17:45.000Z</time>
        <extensions>
          <ns3:TrackPointExtension>
            <ns3:hr>131</ns3:hr>
          </ns3:TrackPointExtension>
        </extensions>
      </trkpt>
      <trkpt lat="36.68597272597253322601318359375" lon="117.28922031819820404052734375">
        <ele>99.59999847412109375</ele>
        <time>2026-08-16T07:17:48.000Z</time>
        <extensions>
          <ns3:TrackPointExtension>
            <ns3:hr>134</ns3:hr>
          </ns3:TrackPointExtension>
        </extensions>
      </trkpt>
      <trkpt lat="36.68596811592578887939453125" lon="117.28925049304962158203125">
        <ele>100.1999969482421875</ele>
        <time>2026-08-16T07:17:51.000Z</time>
        <extensions>
          <ns3:TrackPointExtension>
            <ns3:hr>136</ns3:hr>
          </ns3:TrackPointExtension>
        </extensions>
      </trkpt>
      <trkpt lat="36.68596283532679080963134765625" lon="117.2892620600759983062744140625">
        <ele>100.59999847412109375</ele>
        <time>2026-08-16T07:17:54.000Z</time>
        <extensions>
          <ns3:TrackPointExtension>
            <ns3:hr>136</ns3:hr>
          </ns3:TrackPointExtension>
        </extensions>
      </trkpt>
      <trkpt lat="36.68595068156719207763671875" lon="117.28928494267165660858154296875">
        <ele>101</ele>
        <time>2026-08-16T07:17:56.000Z</time>
        <extensions>
          <ns3:TrackPointExtension>
            <ns3:hr>131</ns3:hr>
          </ns3:TrackPointExtension>
        </extensions>
      </trkpt>
      <trkpt lat="36.685943305492401123046875" lon="117.28929433040320873260498046875">
        <ele>101</ele>
        <time>2026-08-16T07:17:57.000Z</time>
        <extensions>
          <ns3:TrackPointExtension>
            <ns3:hr>128</ns3:hr>
          </ns3:TrackPointExtension>
        </extensions>
      </trkpt>
      <trkpt lat="36.68592679314315319061279296875" lon="117.2893012873828411102294921875">
        <ele>101</ele>
        <time>2026-08-16T07:17:59.000Z</time>
        <extensions>
          <ns3:TrackPointExtension>
            <ns3:hr>125</ns3:hr>
          </ns3:TrackPointExtension>
        </extensions>
      </trkpt>
      <trkpt lat="36.6859203390777111053466796875" lon="117.28930137120187282562255859375">
        <ele>100.8000030517578125</ele>
        <time>2026-08-16T07:18:00.000Z</time>
        <extensions>
          <ns3:TrackPointExtension>
            <ns3:hr>124</ns3:hr>
          </ns3:TrackPointExtension>
        </extensions>
      </trkpt>
      <trkpt lat="36.6859097778797149658203125" lon="117.2893029637634754180908203125">
        <ele>100.59999847412109375</ele>
        <time>2026-08-16T07:18:01.000Z</time>
        <extensions>
          <ns3:TrackPointExtension>
            <ns3:hr>124</ns3:hr>
          </ns3:TrackPointExtension>
        </extensions>
      </trkpt>
      <trkpt lat="36.6858921758830547332763671875" lon="117.28930346667766571044921875">
        <ele>100.59999847412109375</ele>
        <time>2026-08-16T07:18:03.000Z</time>
        <extensions>
          <ns3:TrackPointExtension>
            <ns3:hr>127</ns3:hr>
          </ns3:TrackPointExtension>
        </extensions>
      </trkpt>
      <trkpt lat="36.6858650185167789459228515625" lon="117.289302460849285125732421875">
        <ele>100.8000030517578125</ele>
        <time>2026-08-16T07:18:05.000Z</time>
        <extensions>
          <ns3:TrackPointExtension>
            <ns3:hr>128</ns3:hr>
          </ns3:TrackPointExtension>
        </extensions>
      </trkpt>
      <trkpt lat="36.6857500188052654266357421875" lon="117.2893190570175647735595703125">
        <ele>100.8000030517578125</ele>
        <time>2026-08-16T07:18:13.000Z</time>
        <extensions>
          <ns3:TrackPointExtension>
            <ns3:hr>126</ns3:hr>
          </ns3:TrackPointExtension>
        </extensions>
      </trkpt>
      <trkpt lat="36.68574440293014049530029296875" lon="117.28932618163526058197021484375">
        <ele>100.59999847412109375</ele>
        <time>2026-08-16T07:18:14.000Z</time>
        <extensions>
          <ns3:TrackPointExtension>
            <ns3:hr>126</ns3:hr>
          </ns3:TrackPointExtension>
        </extensions>
      </trkpt>
      <trkpt lat="36.685750186443328857421875" lon="117.28938393294811248779296875">
        <ele>100.59999847412109375</ele>
        <time>2026-08-16T07:18:17.000Z</time>
        <extensions>
          <ns3:TrackPointExtension>
            <ns3:hr>127</ns3:hr>
          </ns3:TrackPointExtension>
        </extensions>
      </trkpt>
      <trkpt lat="36.68576301075518131256103515625" lon="117.2894404269754886627197265625">
        <ele>100.59999847412109375</ele>
        <time>2026-08-16T07:18:20.000Z</time>
        <extensions>
          <ns3:TrackPointExtension>
            <ns3:hr>129</ns3:hr>
          </ns3:TrackPointExtension>
        </extensions>
      </trkpt>
      <trkpt lat="36.68577692471444606781005859375" lon="117.28944235481321811676025390625">
        <ele>100.59999847412109375</ele>
        <time>2026-08-16T07:18:21.000Z</time>
        <extensions>
          <ns3:TrackPointExtension>
            <ns3:hr>134</ns3:hr>
          </ns3:TrackPointExtension>
        </extensions>
      </trkpt>
      <trkpt lat="36.685793437063694000244140625" lon="117.289438582956790924072265625">
        <ele>100.59999847412109375</ele>
        <time>2026-08-16T07:18:22.000Z</time>
        <extensions>
          <ns3:TrackPointExtension>
            <ns3:hr>138</ns3:hr>
          </ns3:TrackPointExtension>
        </extensions>
      </trkpt>
      <trkpt lat="36.6858264617621898651123046875" lon="117.2894350625574588775634765625">
        <ele>100.59999847412109375</ele>
        <time>2026-08-16T07:18:24.000Z</time>
        <extensions>
          <ns3:TrackPointExtension>
            <ns3:hr>144</ns3:hr>
          </ns3:TrackPointExtension>
        </extensions>
      </trkpt>
      <trkpt lat="36.68583945371210575103759765625" lon="117.28943715803325176239013671875">
        <ele>100.59999847412109375</ele>
        <time>2026-08-16T07:18:25.000Z</time>
        <extensions>
          <ns3:TrackPointExtension>
            <ns3:hr>147</ns3:hr>
          </ns3:TrackPointExtension>
        </extensions>
      </trkpt>
      <trkpt lat="36.68583828024566173553466796875" lon="117.289447300136089324951171875">
        <ele>100.59999847412109375</ele>
        <time>2026-08-16T07:18:27.000Z</time>
        <extensions>
          <ns3:TrackPointExtension>
            <ns3:hr>149</ns3:hr>
          </ns3:TrackPointExtension>
        </extensions>
      </trkpt>
      <trkpt lat="36.68583643622696399688720703125" lon="117.289457358419895172119140625">
        <ele>100.59999847412109375</ele>
        <time>2026-08-16T07:18:29.000Z</time>
        <extensions>
          <ns3:TrackPointExtension>
            <ns3:hr>149</ns3:hr>
          </ns3:TrackPointExtension>
        </extensions>
      </trkpt>
      <trkpt lat="36.68584096245467662811279296875" lon="117.28947336785495281219482421875">
        <ele>100.59999847412109375</ele>
        <time>2026-08-16T07:18:32.000Z</time>
        <extensions>
          <ns3:TrackPointExtension>
            <ns3:hr>150</ns3:hr>
          </ns3:TrackPointExtension>
        </extensions>
      </trkpt>
      <trkpt lat="36.6858237795531749725341796875" lon="117.2894799895584583282470703125">
        <ele>100.8000030517578125</ele>
        <time>2026-08-16T07:18:36.000Z</time>
        <extensions>
          <ns3:TrackPointExtension>
            <ns3:hr>150</ns3:hr>
          </ns3:TrackPointExtension>
        </extensions>
      </trkpt>
      <trkpt lat="36.6858132183551788330078125" lon="117.2894806601107120513916015625">
        <ele>101</ele>
        <time>2026-08-16T07:18:38.000Z</time>
        <extensions>
          <ns3:TrackPointExtension>
            <ns3:hr>150</ns3:hr>
          </ns3:TrackPointExtension>
        </extensions>
      </trkpt>
      <trkpt lat="36.68581346981227397918701171875" lon="117.28948183357715606689453125">
        <ele>101.1999969482421875</ele>
        <time>2026-08-16T07:18:40.000Z</time>
        <extensions>
          <ns3:TrackPointExtension>
            <ns3:hr>150</ns3:hr>
          </ns3:TrackPointExtension>
        </extensions>
      </trkpt>
      <trkpt lat="36.68581581674516201019287109375" lon="117.28949432261288166046142578125">
        <ele>100.59999847412109375</ele>
        <time>2026-08-16T07:18:44.000Z</time>
        <extensions>
          <ns3:TrackPointExtension>
            <ns3:hr>150</ns3:hr>
          </ns3:TrackPointExtension>
        </extensions>
      </trkpt>
      <trkpt lat="36.68578865937888622283935546875" lon="117.28949532844126224517822265625">
        <ele>100.40000152587890625</ele>
        <time>2026-08-16T07:18:50.000Z</time>
        <extensions>
          <ns3:TrackPointExtension>
            <ns3:hr>146</ns3:hr>
          </ns3:TrackPointExtension>
        </extensions>
      </trkpt>
      <trkpt lat="36.6857322491705417633056640625" lon="117.28948728181421756744384765625">
        <ele>100.40000152587890625</ele>
        <time>2026-08-16T07:18:55.000Z</time>
        <extensions>
          <ns3:TrackPointExtension>
            <ns3:hr>144</ns3:hr>
          </ns3:TrackPointExtension>
        </extensions>
      </trkpt>
      <trkpt lat="36.68572604656219482421875" lon="117.289520390331745147705078125">
        <ele>100.40000152587890625</ele>
        <time>2026-08-16T07:18:57.000Z</time>
        <extensions>
          <ns3:TrackPointExtension>
            <ns3:hr>144</ns3:hr>
          </ns3:TrackPointExtension>
        </extensions>
      </trkpt>
      <trkpt lat="36.6857325844466686248779296875" lon="117.289570681750774383544921875">
        <ele>100.40000152587890625</ele>
        <time>2026-08-16T07:19:00.000Z</time>
        <extensions>
          <ns3:TrackPointExtension>
            <ns3:hr>144</ns3:hr>
          </ns3:TrackPointExtension>
        </extensions>
      </trkpt>
      <trkpt lat="36.6857376135885715484619140625" lon="117.28964217938482761383056640625">
        <ele>100.40000152587890625</ele>
        <time>2026-08-16T07:19:04.000Z</time>
        <extensions>
          <ns3:TrackPointExtension>
            <ns3:hr>142</ns3:hr>
          </ns3:TrackPointExtension>
        </extensions>
      </trkpt>
      <trkpt lat="36.6857356019318103790283203125" lon="117.2896932251751422882080078125">
        <ele>100.1999969482421875</ele>
        <time>2026-08-16T07:19:08.000Z</time>
        <extensions>
          <ns3:TrackPointExtension>
            <ns3:hr>140</ns3:hr>
          </ns3:TrackPointExtension>
        </extensions>
      </trkpt>
      <trkpt lat="36.6857381165027618408203125" lon="117.28972549550235271453857421875">
        <ele>100.1999969482421875</ele>
        <time>2026-08-16T07:19:10.000Z</time>
        <extensions>
          <ns3:TrackPointExtension>
            <ns3:hr>140</ns3:hr>
          </ns3:TrackPointExtension>
        </extensions>
      </trkpt>
      <trkpt lat="36.6857322491705417633056640625" lon="117.28974871337413787841796875">
        <ele>100.1999969482421875</ele>
        <time>2026-08-16T07:19:13.000Z</time>
        <extensions>
          <ns3:TrackPointExtension>
            <ns3:hr>138</ns3:hr>
          </ns3:TrackPointExtension>
        </extensions>
      </trkpt>
      <trkpt lat="36.68573769740760326385498046875" lon="117.28974661789834499359130859375">
        <ele>100.40000152587890625</ele>
        <time>2026-08-16T07:19:14.000Z</time>
        <extensions>
          <ns3:TrackPointExtension>
            <ns3:hr>138</ns3:hr>
          </ns3:TrackPointExtension>
        </extensions>
      </trkpt>
      <trkpt lat="36.685747839510440826416015625" lon="117.28975868783891201019287109375">
        <ele>100.59999847412109375</ele>
        <time>2026-08-16T07:19:16.000Z</time>
        <extensions>
          <ns3:TrackPointExtension>
            <ns3:hr>138</ns3:hr>
          </ns3:TrackPointExtension>
        </extensions>
      </trkpt>
    </trkseg>
  </trk>
</gpx>
