<gpx xmlns:ns3="http://www.garmin.com/xmlschemas/TrackPointExtension/v1" xmlns="http://www.topografix.com/GPX/1/1" xmlns:xsi="http://www.w3.org/2001/XMLSchema-instance" xmlns:ns2="http://www.garmin.com/xmlschemas/GpxExtensions/v3" creator="Garmin Connect" version="1.1" xsi:schemaLocation="http://www.topografix.com/GPX/1/1 http://www.topografix.com/GPX/11.xsd">
  <extensions>
<distance>2915.95</distance>
<average_hr>111.0</average_hr>
<average_speed>1.2920000553131101</average_speed>
<start_time>2026-08-23T10:55:59+00:00</start_time>
<end_time>2026-08-23T11:33:36.450000+00:00</end_time>
<moving_time>2198.0</moving_time>
<elapsed_time>2257.45</elapsed_time>
</extensions>
<metadata>
    <link href="connect.garmin.com">
      <text>Garmin Connect</text>
    </link>
    <time>2026-08-23T10:55:59.000Z</time>
  </metadata>
  <trk>
    <name>济南市 追踪活动</name>
    <type>other</type>
    <trkseg>
      <trkpt lat="36.68276027776300907135009765625" lon="117.29122568853199481964111328125">
        <ele>104.40000152587890625</ele>
        <time>2026-08-23T10:56:34.000Z</time>
        <extensions>
          <ns3:TrackPointExtension>
            <ns3:hr>106</ns3:hr>
          </ns3:TrackPointExtension>
        </extensions>
      </trkpt>
      <trkpt lat="36.682757847011089324951171875" lon="117.29121361859142780303955078125">
        <ele>104.1999969482421875</ele>
        <time>2026-08-23T10:56:35.000Z</time>
        <extensions>
          <ns3:TrackPointExtension>
            <ns3:hr>104</ns3:hr>
          </ns3:TrackPointExtension>
        </extensions>
      </trkpt>
      <trkpt lat="36.682763881981372833251953125" lon="117.2912002913653850555419921875">
        <ele>104.1999969482421875</ele>
        <time>2026-08-23T10:56:36.000Z</time>
        <extensions>
          <ns3:TrackPointExtension>
            <ns3:hr>103</ns3:hr>
          </ns3:TrackPointExtension>
        </extensions>
      </trkpt>
      <trkpt lat="36.6827690787613391876220703125" lon="117.2911402769386768341064453125">
        <ele>104.1999969482421875</ele>
        <time>2026-08-23T10:56:40.000Z</time>
        <extensions>
          <ns3:TrackPointExtension>
            <ns3:hr>103</ns3:hr>
          </ns3:TrackPointExtension>
        </extensions>
      </trkpt>
      <trkpt lat="36.68278156779706478118896484375" lon="117.291061319410800933837890625">
        <ele>104.1999969482421875</ele>
        <time>2026-08-23T10:56:45.000Z</time>
        <extensions>
          <ns3:TrackPointExtension>
            <ns3:hr>103</ns3:hr>
          </ns3:TrackPointExtension>
        </extensions>
      </trkpt>
      <trkpt lat="36.68278165161609649658203125" lon="117.29104598052799701690673828125">
        <ele>104.1999969482421875</ele>
        <time>2026-08-23T10:56:46.000Z</time>
        <extensions>
          <ns3:TrackPointExtension>
            <ns3:hr>104</ns3:hr>
          </ns3:TrackPointExtension>
        </extensions>
      </trkpt>
      <trkpt lat="36.68276421725749969482421875" lon="117.2909979522228240966796875">
        <ele>104.1999969482421875</ele>
        <time>2026-08-23T10:56:50.000Z</time>
        <extensions>
          <ns3:TrackPointExtension>
            <ns3:hr>107</ns3:hr>
          </ns3:TrackPointExtension>
        </extensions>
      </trkpt>
      <trkpt lat="36.68276413343846797943115234375" lon="117.2909364290535449981689453125">
        <ele>104.40000152587890625</ele>
        <time>2026-08-23T10:56:55.000Z</time>
        <extensions>
          <ns3:TrackPointExtension>
            <ns3:hr>104</ns3:hr>
          </ns3:TrackPointExtension>
        </extensions>
      </trkpt>
      <trkpt lat="36.68275340460240840911865234375" lon="117.290874235332012176513671875">
        <ele>104.40000152587890625</ele>
        <time>2026-08-23T10:57:01.000Z</time>
        <extensions>
          <ns3:TrackPointExtension>
            <ns3:hr>106</ns3:hr>
          </ns3:TrackPointExtension>
        </extensions>
      </trkpt>
      <trkpt lat="36.6827536560595035552978515625" lon="117.29084598831832408905029296875">
        <ele>104.40000152587890625</ele>
        <time>2026-08-23T10:57:05.000Z</time>
        <extensions>
          <ns3:TrackPointExtension>
            <ns3:hr>106</ns3:hr>
          </ns3:TrackPointExtension>
        </extensions>
      </trkpt>
      <trkpt lat="36.6827422566711902618408203125" lon="117.29082939215004444122314453125">
        <ele>104.40000152587890625</ele>
        <time>2026-08-23T10:57:07.000Z</time>
        <extensions>
          <ns3:TrackPointExtension>
            <ns3:hr>106</ns3:hr>
          </ns3:TrackPointExtension>
        </extensions>
      </trkpt>
      <trkpt lat="36.6827335394918918609619140625" lon="117.29083743877708911895751953125">
        <ele>104.40000152587890625</ele>
        <time>2026-08-23T10:57:08.000Z</time>
        <extensions>
          <ns3:TrackPointExtension>
            <ns3:hr>106</ns3:hr>
          </ns3:TrackPointExtension>
        </extensions>
      </trkpt>
      <trkpt lat="36.6827251575887203216552734375" lon="117.29091019369661808013916015625">
        <ele>104.40000152587890625</ele>
        <time>2026-08-23T10:57:12.000Z</time>
        <extensions>
          <ns3:TrackPointExtension>
            <ns3:hr>106</ns3:hr>
          </ns3:TrackPointExtension>
        </extensions>
      </trkpt>
      <trkpt lat="36.682718284428119659423828125" lon="117.29100935161113739013671875">
        <ele>104.40000152587890625</ele>
        <time>2026-08-23T10:57:17.000Z</time>
        <extensions>
          <ns3:TrackPointExtension>
            <ns3:hr>107</ns3:hr>
          </ns3:TrackPointExtension>
        </extensions>
      </trkpt>
      <trkpt lat="36.6826912946999073028564453125" lon="117.29104195721447467803955078125">
        <ele>104.40000152587890625</ele>
        <time>2026-08-23T10:57:20.000Z</time>
        <extensions>
          <ns3:TrackPointExtension>
            <ns3:hr>111</ns3:hr>
          </ns3:TrackPointExtension>
        </extensions>
      </trkpt>
      <trkpt lat="36.6826508939266204833984375" lon="117.29104363359510898590087890625">
        <ele>104.40000152587890625</ele>
        <time>2026-08-23T10:57:23.000Z</time>
        <extensions>
          <ns3:TrackPointExtension>
            <ns3:hr>112</ns3:hr>
          </ns3:TrackPointExtension>
        </extensions>
      </trkpt>
      <trkpt lat="36.68256950564682483673095703125" lon="117.291047237813472747802734375">
        <ele>104.40000152587890625</ele>
        <time>2026-08-23T10:57:29.000Z</time>
        <extensions>
          <ns3:TrackPointExtension>
            <ns3:hr>110</ns3:hr>
          </ns3:TrackPointExtension>
        </extensions>
      </trkpt>
      <trkpt lat="36.682498343288898468017578125" lon="117.29103944264352321624755859375">
        <ele>104.40000152587890625</ele>
        <time>2026-08-23T10:57:34.000Z</time>
        <extensions>
          <ns3:TrackPointExtension>
            <ns3:hr>110</ns3:hr>
          </ns3:TrackPointExtension>
        </extensions>
      </trkpt>
      <trkpt lat="36.68245869688689708709716796875" lon="117.291047237813472747802734375">
        <ele>104.59999847412109375</ele>
        <time>2026-08-23T10:57:37.000Z</time>
        <extensions>
          <ns3:TrackPointExtension>
            <ns3:hr>110</ns3:hr>
          </ns3:TrackPointExtension>
        </extensions>
      </trkpt>
      <trkpt lat="36.68242349289357662200927734375" lon="117.29105587117373943328857421875">
        <ele>104.59999847412109375</ele>
        <time>2026-08-23T10:57:40.000Z</time>
        <extensions>
          <ns3:TrackPointExtension>
            <ns3:hr>111</ns3:hr>
          </ns3:TrackPointExtension>
        </extensions>
      </trkpt>
      <trkpt lat="36.6823905520141124725341796875" lon="117.2910648398101329803466796875">
        <ele>104.59999847412109375</ele>
        <time>2026-08-23T10:57:42.000Z</time>
        <extensions>
          <ns3:TrackPointExtension>
            <ns3:hr>115</ns3:hr>
          </ns3:TrackPointExtension>
        </extensions>
      </trkpt>
      <trkpt lat="36.682344116270542144775390625" lon="117.29106257669627666473388671875">
        <ele>104.59999847412109375</ele>
        <time>2026-08-23T10:57:46.000Z</time>
        <extensions>
          <ns3:TrackPointExtension>
            <ns3:hr>115</ns3:hr>
          </ns3:TrackPointExtension>
        </extensions>
      </trkpt>
      <trkpt lat="36.682267002761363983154296875" lon="117.29106341488659381866455078125">
        <ele>105</ele>
        <time>2026-08-23T10:57:51.000Z</time>
        <extensions>
          <ns3:TrackPointExtension>
            <ns3:hr>111</ns3:hr>
          </ns3:TrackPointExtension>
        </extensions>
      </trkpt>
      <trkpt lat="36.6822530888020992279052734375" lon="117.29106056503951549530029296875">
        <ele>105</ele>
        <time>2026-08-23T10:57:52.000Z</time>
        <extensions>
          <ns3:TrackPointExtension>
            <ns3:hr>110</ns3:hr>
          </ns3:TrackPointExtension>
        </extensions>
      </trkpt>
      <trkpt lat="36.68222333304584026336669921875" lon="117.29105520062148571014404296875">
        <ele>105</ele>
        <time>2026-08-23T10:57:54.000Z</time>
        <extensions>
          <ns3:TrackPointExtension>
            <ns3:hr>109</ns3:hr>
          </ns3:TrackPointExtension>
        </extensions>
      </trkpt>
      <trkpt lat="36.6821635700762271881103515625" lon="117.291041873395442962646484375">
        <ele>105</ele>
        <time>2026-08-23T10:57:58.000Z</time>
        <extensions>
          <ns3:TrackPointExtension>
            <ns3:hr>108</ns3:hr>
          </ns3:TrackPointExtension>
        </extensions>
      </trkpt>
      <trkpt lat="36.682086288928985595703125" lon="117.29102150537073612213134765625">
        <ele>105</ele>
        <time>2026-08-23T10:58:04.000Z</time>
        <extensions>
          <ns3:TrackPointExtension>
            <ns3:hr>108</ns3:hr>
          </ns3:TrackPointExtension>
        </extensions>
      </trkpt>
      <trkpt lat="36.682059131562709808349609375" lon="117.29102368466556072235107421875">
        <ele>105.1999969482421875</ele>
        <time>2026-08-23T10:58:06.000Z</time>
        <extensions>
          <ns3:TrackPointExtension>
            <ns3:hr>111</ns3:hr>
          </ns3:TrackPointExtension>
        </extensions>
      </trkpt>
      <trkpt lat="36.68203423731029033660888671875" lon="117.2910360060632228851318359375">
        <ele>105.1999969482421875</ele>
        <time>2026-08-23T10:58:08.000Z</time>
        <extensions>
          <ns3:TrackPointExtension>
            <ns3:hr>114</ns3:hr>
          </ns3:TrackPointExtension>
        </extensions>
      </trkpt>
      <trkpt lat="36.68200858868658542633056640625" lon="117.29103944264352321624755859375">
        <ele>105.1999969482421875</ele>
        <time>2026-08-23T10:58:10.000Z</time>
        <extensions>
          <ns3:TrackPointExtension>
            <ns3:hr>118</ns3:hr>
          </ns3:TrackPointExtension>
        </extensions>
      </trkpt>
      <trkpt lat="36.6819603927433490753173828125" lon="117.29102686978876590728759765625">
        <ele>105.1999969482421875</ele>
        <time>2026-08-23T10:58:14.000Z</time>
        <extensions>
          <ns3:TrackPointExtension>
            <ns3:hr>118</ns3:hr>
          </ns3:TrackPointExtension>
        </extensions>
      </trkpt>
      <trkpt lat="36.68194673024117946624755859375" lon="117.29102678596973419189453125">
        <ele>105.40000152587890625</ele>
        <time>2026-08-23T10:58:15.000Z</time>
        <extensions>
          <ns3:TrackPointExtension>
            <ns3:hr>118</ns3:hr>
          </ns3:TrackPointExtension>
        </extensions>
      </trkpt>
      <trkpt lat="36.6819017194211483001708984375" lon="117.29102854616940021514892578125">
        <ele>105.1999969482421875</ele>
        <time>2026-08-23T10:58:18.000Z</time>
        <extensions>
          <ns3:TrackPointExtension>
            <ns3:hr>115</ns3:hr>
          </ns3:TrackPointExtension>
        </extensions>
      </trkpt>
      <trkpt lat="36.6818588040769100189208984375" lon="117.2910309769213199615478515625">
        <ele>105.1999969482421875</ele>
        <time>2026-08-23T10:58:21.000Z</time>
        <extensions>
          <ns3:TrackPointExtension>
            <ns3:hr>113</ns3:hr>
          </ns3:TrackPointExtension>
        </extensions>
      </trkpt>
      <trkpt lat="36.681813709437847137451171875" lon="117.2910202480852603912353515625">
        <ele>105.40000152587890625</ele>
        <time>2026-08-23T10:58:25.000Z</time>
        <extensions>
          <ns3:TrackPointExtension>
            <ns3:hr>114</ns3:hr>
          </ns3:TrackPointExtension>
        </extensions>
      </trkpt>
      <trkpt lat="36.6817833669483661651611328125" lon="117.2910225950181484222412109375">
        <ele>105.40000152587890625</ele>
        <time>2026-08-23T10:58:28.000Z</time>
        <extensions>
          <ns3:TrackPointExtension>
            <ns3:hr>117</ns3:hr>
          </ns3:TrackPointExtension>
        </extensions>
      </trkpt>
      <trkpt lat="36.6817458160221576690673828125" lon="117.29102016426622867584228515625">
        <ele>105.40000152587890625</ele>
        <time>2026-08-23T10:58:31.000Z</time>
        <extensions>
          <ns3:TrackPointExtension>
            <ns3:hr>120</ns3:hr>
          </ns3:TrackPointExtension>
        </extensions>
      </trkpt>
      <trkpt lat="36.68170633725821971893310546875" lon="117.291022427380084991455078125">
        <ele>105.40000152587890625</ele>
        <time>2026-08-23T10:58:34.000Z</time>
        <extensions>
          <ns3:TrackPointExtension>
            <ns3:hr>122</ns3:hr>
          </ns3:TrackPointExtension>
        </extensions>
      </trkpt>
      <trkpt lat="36.6816128790378570556640625" lon="117.29100960306823253631591796875">
        <ele>105.59999847412109375</ele>
        <time>2026-08-23T10:58:41.000Z</time>
        <extensions>
          <ns3:TrackPointExtension>
            <ns3:hr>122</ns3:hr>
          </ns3:TrackPointExtension>
        </extensions>
      </trkpt>
      <trkpt lat="36.68155982159078121185302734375" lon="117.29101027362048625946044921875">
        <ele>105.59999847412109375</ele>
        <time>2026-08-23T10:58:45.000Z</time>
        <extensions>
          <ns3:TrackPointExtension>
            <ns3:hr>118</ns3:hr>
          </ns3:TrackPointExtension>
        </extensions>
      </trkpt>
      <trkpt lat="36.68154825456440448760986328125" lon="117.29101739823818206787109375">
        <ele>105.59999847412109375</ele>
        <time>2026-08-23T10:58:46.000Z</time>
        <extensions>
          <ns3:TrackPointExtension>
            <ns3:hr>117</ns3:hr>
          </ns3:TrackPointExtension>
        </extensions>
      </trkpt>
      <trkpt lat="36.6815355978906154632568359375" lon="117.29102234356105327606201171875">
        <ele>105.59999847412109375</ele>
        <time>2026-08-23T10:58:47.000Z</time>
        <extensions>
          <ns3:TrackPointExtension>
            <ns3:hr>116</ns3:hr>
          </ns3:TrackPointExtension>
        </extensions>
      </trkpt>
      <trkpt lat="36.68150466866791248321533203125" lon="117.29101228527724742889404296875">
        <ele>105.59999847412109375</ele>
        <time>2026-08-23T10:58:50.000Z</time>
        <extensions>
          <ns3:TrackPointExtension>
            <ns3:hr>113</ns3:hr>
          </ns3:TrackPointExtension>
        </extensions>
      </trkpt>
      <trkpt lat="36.68147633783519268035888671875" lon="117.2910108603537082672119140625">
        <ele>105.59999847412109375</ele>
        <time>2026-08-23T10:58:52.000Z</time>
        <extensions>
          <ns3:TrackPointExtension>
            <ns3:hr>112</ns3:hr>
          </ns3:TrackPointExtension>
        </extensions>
      </trkpt>
      <trkpt lat="36.6814055107533931732177734375" lon="117.2910212539136409759521484375">
        <ele>105.8000030517578125</ele>
        <time>2026-08-23T10:58:57.000Z</time>
        <extensions>
          <ns3:TrackPointExtension>
            <ns3:hr>112</ns3:hr>
          </ns3:TrackPointExtension>
        </extensions>
      </trkpt>
      <trkpt lat="36.681363098323345184326171875" lon="117.2910222597420215606689453125">
        <ele>105.8000030517578125</ele>
        <time>2026-08-23T10:59:00.000Z</time>
        <extensions>
          <ns3:TrackPointExtension>
            <ns3:hr>109</ns3:hr>
          </ns3:TrackPointExtension>
        </extensions>
      </trkpt>
      <trkpt lat="36.68133032508194446563720703125" lon="117.29101731441915035247802734375">
        <ele>105.8000030517578125</ele>
        <time>2026-08-23T10:59:03.000Z</time>
        <extensions>
          <ns3:TrackPointExtension>
            <ns3:hr>109</ns3:hr>
          </ns3:TrackPointExtension>
        </extensions>
      </trkpt>
      <trkpt lat="36.6812653653323650360107421875" lon="117.29102184064686298370361328125">
        <ele>106</ele>
        <time>2026-08-23T10:59:09.000Z</time>
        <extensions>
          <ns3:TrackPointExtension>
            <ns3:hr>110</ns3:hr>
          </ns3:TrackPointExtension>
        </extensions>
      </trkpt>
      <trkpt lat="36.6812110505998134613037109375" lon="117.291018068790435791015625">
        <ele>106</ele>
        <time>2026-08-23T10:59:14.000Z</time>
        <extensions>
          <ns3:TrackPointExtension>
            <ns3:hr>112</ns3:hr>
          </ns3:TrackPointExtension>
        </extensions>
      </trkpt>
      <trkpt lat="36.68114139698445796966552734375" lon="117.29101278819143772125244140625">
        <ele>106</ele>
        <time>2026-08-23T10:59:20.000Z</time>
        <extensions>
          <ns3:TrackPointExtension>
            <ns3:hr>113</ns3:hr>
          </ns3:TrackPointExtension>
        </extensions>
      </trkpt>
      <trkpt lat="36.6811272315680980682373046875" lon="117.2910259477794170379638671875">
        <ele>106</ele>
        <time>2026-08-23T10:59:22.000Z</time>
        <extensions>
          <ns3:TrackPointExtension>
            <ns3:hr>114</ns3:hr>
          </ns3:TrackPointExtension>
        </extensions>
      </trkpt>
      <trkpt lat="36.68107635341584682464599609375" lon="117.29103491641581058502197265625">
        <ele>106</ele>
        <time>2026-08-23T10:59:27.000Z</time>
        <extensions>
          <ns3:TrackPointExtension>
            <ns3:hr>115</ns3:hr>
          </ns3:TrackPointExtension>
        </extensions>
      </trkpt>
      <trkpt lat="36.68103955686092376708984375" lon="117.2910390235483646392822265625">
        <ele>106</ele>
        <time>2026-08-23T10:59:30.000Z</time>
        <extensions>
          <ns3:TrackPointExtension>
            <ns3:hr>116</ns3:hr>
          </ns3:TrackPointExtension>
        </extensions>
      </trkpt>
      <trkpt lat="36.6810028441250324249267578125" lon="117.29105536825954914093017578125">
        <ele>106</ele>
        <time>2026-08-23T10:59:33.000Z</time>
        <extensions>
          <ns3:TrackPointExtension>
            <ns3:hr>118</ns3:hr>
          </ns3:TrackPointExtension>
        </extensions>
      </trkpt>
      <trkpt lat="36.68093553744256496429443359375" lon="117.2910447232425212860107421875">
        <ele>106.1999969482421875</ele>
        <time>2026-08-23T10:59:38.000Z</time>
        <extensions>
          <ns3:TrackPointExtension>
            <ns3:hr>121</ns3:hr>
          </ns3:TrackPointExtension>
        </extensions>
      </trkpt>
      <trkpt lat="36.68090938590466976165771484375" lon="117.29103080928325653076171875">
        <ele>106.1999969482421875</ele>
        <time>2026-08-23T10:59:40.000Z</time>
        <extensions>
          <ns3:TrackPointExtension>
            <ns3:hr>124</ns3:hr>
          </ns3:TrackPointExtension>
        </extensions>
      </trkpt>
      <trkpt lat="36.68087870813906192779541015625" lon="117.291029803454875946044921875">
        <ele>106.1999969482421875</ele>
        <time>2026-08-23T10:59:42.000Z</time>
        <extensions>
          <ns3:TrackPointExtension>
            <ns3:hr>127</ns3:hr>
          </ns3:TrackPointExtension>
        </extensions>
      </trkpt>
      <trkpt lat="36.68086512945592403411865234375" lon="117.2910360060632228851318359375">
        <ele>106.1999969482421875</ele>
        <time>2026-08-23T10:59:43.000Z</time>
        <extensions>
          <ns3:TrackPointExtension>
            <ns3:hr>127</ns3:hr>
          </ns3:TrackPointExtension>
        </extensions>
      </trkpt>
      <trkpt lat="36.68081098236143589019775390625" lon="117.29106961749494075775146484375">
        <ele>106.1999969482421875</ele>
        <time>2026-08-23T10:59:49.000Z</time>
        <extensions>
          <ns3:TrackPointExtension>
            <ns3:hr>124</ns3:hr>
          </ns3:TrackPointExtension>
        </extensions>
      </trkpt>
      <trkpt lat="36.68079958297312259674072265625" lon="117.2910703718662261962890625">
        <ele>106.1999969482421875</ele>
        <time>2026-08-23T10:59:50.000Z</time>
        <extensions>
          <ns3:TrackPointExtension>
            <ns3:hr>124</ns3:hr>
          </ns3:TrackPointExtension>
        </extensions>
      </trkpt>
      <trkpt lat="36.680742166936397552490234375" lon="117.29106827639043331146240234375">
        <ele>106.40000152587890625</ele>
        <time>2026-08-23T10:59:56.000Z</time>
        <extensions>
          <ns3:TrackPointExtension>
            <ns3:hr>121</ns3:hr>
          </ns3:TrackPointExtension>
        </extensions>
      </trkpt>
      <trkpt lat="36.6807309351861476898193359375" lon="117.29106978513300418853759765625">
        <ele>106.40000152587890625</ele>
        <time>2026-08-23T10:59:57.000Z</time>
        <extensions>
          <ns3:TrackPointExtension>
            <ns3:hr>120</ns3:hr>
          </ns3:TrackPointExtension>
        </extensions>
      </trkpt>
      <trkpt lat="36.680689193308353424072265625" lon="117.29106777347624301910400390625">
        <ele>106.40000152587890625</ele>
        <time>2026-08-23T11:00:01.000Z</time>
        <extensions>
          <ns3:TrackPointExtension>
            <ns3:hr>117</ns3:hr>
          </ns3:TrackPointExtension>
        </extensions>
      </trkpt>
      <trkpt lat="36.68067720718681812286376953125" lon="117.291068695485591888427734375">
        <ele>106.40000152587890625</ele>
        <time>2026-08-23T11:00:02.000Z</time>
        <extensions>
          <ns3:TrackPointExtension>
            <ns3:hr>115</ns3:hr>
          </ns3:TrackPointExtension>
        </extensions>
      </trkpt>
      <trkpt lat="36.68064594268798828125" lon="117.29107439517974853515625">
        <ele>106.59999847412109375</ele>
        <time>2026-08-23T11:00:04.000Z</time>
        <extensions>
          <ns3:TrackPointExtension>
            <ns3:hr>115</ns3:hr>
          </ns3:TrackPointExtension>
        </extensions>
      </trkpt>
      <trkpt lat="36.68061870150268077850341796875" lon="117.29107372462749481201171875">
        <ele>106.59999847412109375</ele>
        <time>2026-08-23T11:00:06.000Z</time>
        <extensions>
          <ns3:TrackPointExtension>
            <ns3:hr>114</ns3:hr>
          </ns3:TrackPointExtension>
        </extensions>
      </trkpt>
      <trkpt lat="36.68058450333774089813232421875" lon="117.29106140322983264923095703125">
        <ele>106.40000152587890625</ele>
        <time>2026-08-23T11:00:09.000Z</time>
        <extensions>
          <ns3:TrackPointExtension>
            <ns3:hr>117</ns3:hr>
          </ns3:TrackPointExtension>
        </extensions>
      </trkpt>
      <trkpt lat="36.68055466376245021820068359375" lon="117.29106291197240352630615234375">
        <ele>106.40000152587890625</ele>
        <time>2026-08-23T11:00:11.000Z</time>
        <extensions>
          <ns3:TrackPointExtension>
            <ns3:hr>117</ns3:hr>
          </ns3:TrackPointExtension>
        </extensions>
      </trkpt>
      <trkpt lat="36.68047788552939891815185546875" lon="117.2910551168024539947509765625">
        <ele>106.8000030517578125</ele>
        <time>2026-08-23T11:00:16.000Z</time>
        <extensions>
          <ns3:TrackPointExtension>
            <ns3:hr>118</ns3:hr>
          </ns3:TrackPointExtension>
        </extensions>
      </trkpt>
      <trkpt lat="36.68044871650636196136474609375" lon="117.29104011319577693939208984375">
        <ele>106.59999847412109375</ele>
        <time>2026-08-23T11:00:19.000Z</time>
        <extensions>
          <ns3:TrackPointExtension>
            <ns3:hr>115</ns3:hr>
          </ns3:TrackPointExtension>
        </extensions>
      </trkpt>
      <trkpt lat="36.680435054004192352294921875" lon="117.29104430414736270904541015625">
        <ele>106.59999847412109375</ele>
        <time>2026-08-23T11:00:21.000Z</time>
        <extensions>
          <ns3:TrackPointExtension>
            <ns3:hr>111</ns3:hr>
          </ns3:TrackPointExtension>
        </extensions>
      </trkpt>
      <trkpt lat="36.68042340315878391265869140625" lon="117.291042543947696685791015625">
        <ele>106.59999847412109375</ele>
        <time>2026-08-23T11:00:22.000Z</time>
        <extensions>
          <ns3:TrackPointExtension>
            <ns3:hr>110</ns3:hr>
          </ns3:TrackPointExtension>
        </extensions>
      </trkpt>
      <trkpt lat="36.6803822480142116546630859375" lon="117.2910437174141407012939453125">
        <ele>106.8000030517578125</ele>
        <time>2026-08-23T11:00:25.000Z</time>
        <extensions>
          <ns3:TrackPointExtension>
            <ns3:hr>114</ns3:hr>
          </ns3:TrackPointExtension>
        </extensions>
      </trkpt>
      <trkpt lat="36.680358611047267913818359375" lon="117.2910376824438571929931640625">
        <ele>106.8000030517578125</ele>
        <time>2026-08-23T11:00:27.000Z</time>
        <extensions>
          <ns3:TrackPointExtension>
            <ns3:hr>115</ns3:hr>
          </ns3:TrackPointExtension>
        </extensions>
      </trkpt>
      <trkpt lat="36.6803227365016937255859375" lon="117.2910259477794170379638671875">
        <ele>106.8000030517578125</ele>
        <time>2026-08-23T11:00:31.000Z</time>
        <extensions>
          <ns3:TrackPointExtension>
            <ns3:hr>112</ns3:hr>
          </ns3:TrackPointExtension>
        </extensions>
      </trkpt>
      <trkpt lat="36.68029918335378170013427734375" lon="117.29103215038776397705078125">
        <ele>106.8000030517578125</ele>
        <time>2026-08-23T11:00:33.000Z</time>
        <extensions>
          <ns3:TrackPointExtension>
            <ns3:hr>112</ns3:hr>
          </ns3:TrackPointExtension>
        </extensions>
      </trkpt>
      <trkpt lat="36.68024771846830844879150390625" lon="117.2910339944064617156982421875">
        <ele>106.8000030517578125</ele>
        <time>2026-08-23T11:00:38.000Z</time>
        <extensions>
          <ns3:TrackPointExtension>
            <ns3:hr>112</ns3:hr>
          </ns3:TrackPointExtension>
        </extensions>
      </trkpt>
      <trkpt lat="36.68016113340854644775390625" lon="117.29104145430028438568115234375">
        <ele>106.8000030517578125</ele>
        <time>2026-08-23T11:00:45.000Z</time>
        <extensions>
          <ns3:TrackPointExtension>
            <ns3:hr>111</ns3:hr>
          </ns3:TrackPointExtension>
        </extensions>
      </trkpt>
      <trkpt lat="36.6800929047167301177978515625" lon="117.2910537756979465484619140625">
        <ele>107</ele>
        <time>2026-08-23T11:00:50.000Z</time>
        <extensions>
          <ns3:TrackPointExtension>
            <ns3:hr>110</ns3:hr>
          </ns3:TrackPointExtension>
        </extensions>
      </trkpt>
      <trkpt lat="36.68002970516681671142578125" lon="117.29106190614402294158935546875">
        <ele>107</ele>
        <time>2026-08-23T11:00:55.000Z</time>
        <extensions>
          <ns3:TrackPointExtension>
            <ns3:hr>111</ns3:hr>
          </ns3:TrackPointExtension>
        </extensions>
      </trkpt>
      <trkpt lat="36.67996658943593502044677734375" lon="117.29104329831898212432861328125">
        <ele>107</ele>
        <time>2026-08-23T11:01:00.000Z</time>
        <extensions>
          <ns3:TrackPointExtension>
            <ns3:hr>112</ns3:hr>
          </ns3:TrackPointExtension>
        </extensions>
      </trkpt>
      <trkpt lat="36.6799105145037174224853515625" lon="117.2910460643470287322998046875">
        <ele>107.1999969482421875</ele>
        <time>2026-08-23T11:01:05.000Z</time>
        <extensions>
          <ns3:TrackPointExtension>
            <ns3:hr>115</ns3:hr>
          </ns3:TrackPointExtension>
        </extensions>
      </trkpt>
      <trkpt lat="36.67984639294445514678955078125" lon="117.29105235077440738677978515625">
        <ele>107.40000152587890625</ele>
        <time>2026-08-23T11:01:10.000Z</time>
        <extensions>
          <ns3:TrackPointExtension>
            <ns3:hr>113</ns3:hr>
          </ns3:TrackPointExtension>
        </extensions>
      </trkpt>
      <trkpt lat="36.67981353588402271270751953125" lon="117.2910515964031219482421875">
        <ele>107.59999847412109375</ele>
        <time>2026-08-23T11:01:13.000Z</time>
        <extensions>
          <ns3:TrackPointExtension>
            <ns3:hr>111</ns3:hr>
          </ns3:TrackPointExtension>
        </extensions>
      </trkpt>
      <trkpt lat="36.6797277890145778656005859375" lon="117.29103692807257175445556640625">
        <ele>107.59999847412109375</ele>
        <time>2026-08-23T11:01:20.000Z</time>
        <extensions>
          <ns3:TrackPointExtension>
            <ns3:hr>110</ns3:hr>
          </ns3:TrackPointExtension>
        </extensions>
      </trkpt>
      <trkpt lat="36.67965495027601718902587890625" lon="117.291035167872905731201171875">
        <ele>107.40000152587890625</ele>
        <time>2026-08-23T11:01:25.000Z</time>
        <extensions>
          <ns3:TrackPointExtension>
            <ns3:hr>111</ns3:hr>
          </ns3:TrackPointExtension>
        </extensions>
      </trkpt>
      <trkpt lat="36.67961169965565204620361328125" lon="117.29103558696806430816650390625">
        <ele>107.40000152587890625</ele>
        <time>2026-08-23T11:01:28.000Z</time>
        <extensions>
          <ns3:TrackPointExtension>
            <ns3:hr>114</ns3:hr>
          </ns3:TrackPointExtension>
        </extensions>
      </trkpt>
      <trkpt lat="36.67957699857652187347412109375" lon="117.291034497320652008056640625">
        <ele>107.40000152587890625</ele>
        <time>2026-08-23T11:01:31.000Z</time>
        <extensions>
          <ns3:TrackPointExtension>
            <ns3:hr>115</ns3:hr>
          </ns3:TrackPointExtension>
        </extensions>
      </trkpt>
      <trkpt lat="36.67953961528837680816650390625" lon="117.2910460643470287322998046875">
        <ele>107.40000152587890625</ele>
        <time>2026-08-23T11:01:34.000Z</time>
        <extensions>
          <ns3:TrackPointExtension>
            <ns3:hr>118</ns3:hr>
          </ns3:TrackPointExtension>
        </extensions>
      </trkpt>
      <trkpt lat="36.679532490670680999755859375" lon="117.29104631580412387847900390625">
        <ele>107.40000152587890625</ele>
        <time>2026-08-23T11:01:35.000Z</time>
        <extensions>
          <ns3:TrackPointExtension>
            <ns3:hr>118</ns3:hr>
          </ns3:TrackPointExtension>
        </extensions>
      </trkpt>
      <trkpt lat="36.67951765470206737518310546875" lon="117.29103324003517627716064453125">
        <ele>107.40000152587890625</ele>
        <time>2026-08-23T11:01:37.000Z</time>
        <extensions>
          <ns3:TrackPointExtension>
            <ns3:hr>115</ns3:hr>
          </ns3:TrackPointExtension>
        </extensions>
      </trkpt>
      <trkpt lat="36.67947641573846340179443359375" lon="117.29103676043450832366943359375">
        <ele>107.40000152587890625</ele>
        <time>2026-08-23T11:01:41.000Z</time>
        <extensions>
          <ns3:TrackPointExtension>
            <ns3:hr>113</ns3:hr>
          </ns3:TrackPointExtension>
        </extensions>
      </trkpt>
      <trkpt lat="36.679402403533458709716796875" lon="117.291050255298614501953125">
        <ele>107.40000152587890625</ele>
        <time>2026-08-23T11:01:46.000Z</time>
        <extensions>
          <ns3:TrackPointExtension>
            <ns3:hr>112</ns3:hr>
          </ns3:TrackPointExtension>
        </extensions>
      </trkpt>
      <trkpt lat="36.67933593504130840301513671875" lon="117.2910319827497005462646484375">
        <ele>107.59999847412109375</ele>
        <time>2026-08-23T11:01:51.000Z</time>
        <extensions>
          <ns3:TrackPointExtension>
            <ns3:hr>111</ns3:hr>
          </ns3:TrackPointExtension>
        </extensions>
      </trkpt>
      <trkpt lat="36.67926083318889141082763671875" lon="117.291027121245861053466796875">
        <ele>108</ele>
        <time>2026-08-23T11:01:58.000Z</time>
        <extensions>
          <ns3:TrackPointExtension>
            <ns3:hr>113</ns3:hr>
          </ns3:TrackPointExtension>
        </extensions>
      </trkpt>
      <trkpt lat="36.67921976186335086822509765625" lon="117.29101915843784809112548828125">
        <ele>108.1999969482421875</ele>
        <time>2026-08-23T11:02:02.000Z</time>
        <extensions>
          <ns3:TrackPointExtension>
            <ns3:hr>116</ns3:hr>
          </ns3:TrackPointExtension>
        </extensions>
      </trkpt>
      <trkpt lat="36.67920115403831005096435546875" lon="117.29102452285587787628173828125">
        <ele>108.1999969482421875</ele>
        <time>2026-08-23T11:02:04.000Z</time>
        <extensions>
          <ns3:TrackPointExtension>
            <ns3:hr>117</ns3:hr>
          </ns3:TrackPointExtension>
        </extensions>
      </trkpt>
      <trkpt lat="36.67913309298455715179443359375" lon="117.291025780141353607177734375">
        <ele>108.1999969482421875</ele>
        <time>2026-08-23T11:02:10.000Z</time>
        <extensions>
          <ns3:TrackPointExtension>
            <ns3:hr>113</ns3:hr>
          </ns3:TrackPointExtension>
        </extensions>
      </trkpt>
      <trkpt lat="36.679059080779552459716796875" lon="117.291011698544025421142578125">
        <ele>108.1999969482421875</ele>
        <time>2026-08-23T11:02:17.000Z</time>
        <extensions>
          <ns3:TrackPointExtension>
            <ns3:hr>113</ns3:hr>
          </ns3:TrackPointExtension>
        </extensions>
      </trkpt>
      <trkpt lat="36.67901574634015560150146484375" lon="117.291012369096279144287109375">
        <ele>108</ele>
        <time>2026-08-23T11:02:21.000Z</time>
        <extensions>
          <ns3:TrackPointExtension>
            <ns3:hr>113</ns3:hr>
          </ns3:TrackPointExtension>
        </extensions>
      </trkpt>
      <trkpt lat="36.6789978928864002227783203125" lon="117.29102150537073612213134765625">
        <ele>108</ele>
        <time>2026-08-23T11:02:22.000Z</time>
        <extensions>
          <ns3:TrackPointExtension>
            <ns3:hr>113</ns3:hr>
          </ns3:TrackPointExtension>
        </extensions>
      </trkpt>
      <trkpt lat="36.67898632586002349853515625" lon="117.29101764969527721405029296875">
        <ele>108.1999969482421875</ele>
        <time>2026-08-23T11:02:23.000Z</time>
        <extensions>
          <ns3:TrackPointExtension>
            <ns3:hr>112</ns3:hr>
          </ns3:TrackPointExtension>
        </extensions>
      </trkpt>
      <trkpt lat="36.67893779464066028594970703125" lon="117.2910138778388500213623046875">
        <ele>108.1999969482421875</ele>
        <time>2026-08-23T11:02:27.000Z</time>
        <extensions>
          <ns3:TrackPointExtension>
            <ns3:hr>113</ns3:hr>
          </ns3:TrackPointExtension>
        </extensions>
      </trkpt>
      <trkpt lat="36.67885682545602321624755859375" lon="117.29100507684051990509033203125">
        <ele>108</ele>
        <time>2026-08-23T11:02:33.000Z</time>
        <extensions>
          <ns3:TrackPointExtension>
            <ns3:hr>110</ns3:hr>
          </ns3:TrackPointExtension>
        </extensions>
      </trkpt>
      <trkpt lat="36.67879111133515834808349609375" lon="117.29100122116506099700927734375">
        <ele>108</ele>
        <time>2026-08-23T11:02:39.000Z</time>
        <extensions>
          <ns3:TrackPointExtension>
            <ns3:hr>110</ns3:hr>
          </ns3:TrackPointExtension>
        </extensions>
      </trkpt>
      <trkpt lat="36.67875540442764759063720703125" lon="117.29100172407925128936767578125">
        <ele>108.1999969482421875</ele>
        <time>2026-08-23T11:02:42.000Z</time>
        <extensions>
          <ns3:TrackPointExtension>
            <ns3:hr>110</ns3:hr>
          </ns3:TrackPointExtension>
        </extensions>
      </trkpt>
      <trkpt lat="36.67872791178524494171142578125" lon="117.29100625030696392059326171875">
        <ele>108.1999969482421875</ele>
        <time>2026-08-23T11:02:45.000Z</time>
        <extensions>
          <ns3:TrackPointExtension>
            <ns3:hr>111</ns3:hr>
          </ns3:TrackPointExtension>
        </extensions>
      </trkpt>
      <trkpt lat="36.67870360426604747772216796875" lon="117.2909984551370143890380859375">
        <ele>108.1999969482421875</ele>
        <time>2026-08-23T11:02:47.000Z</time>
        <extensions>
          <ns3:TrackPointExtension>
            <ns3:hr>110</ns3:hr>
          </ns3:TrackPointExtension>
        </extensions>
      </trkpt>
      <trkpt lat="36.678666137158870697021484375" lon="117.2910034842789173126220703125">
        <ele>108.1999969482421875</ele>
        <time>2026-08-23T11:02:50.000Z</time>
        <extensions>
          <ns3:TrackPointExtension>
            <ns3:hr>110</ns3:hr>
          </ns3:TrackPointExtension>
        </extensions>
      </trkpt>
      <trkpt lat="36.6785972379148006439208984375" lon="117.29101513512432575225830078125">
        <ele>108.1999969482421875</ele>
        <time>2026-08-23T11:02:57.000Z</time>
        <extensions>
          <ns3:TrackPointExtension>
            <ns3:hr>112</ns3:hr>
          </ns3:TrackPointExtension>
        </extensions>
      </trkpt>
      <trkpt lat="36.6785422526299953460693359375" lon="117.29103147983551025390625">
        <ele>108.1999969482421875</ele>
        <time>2026-08-23T11:03:01.000Z</time>
        <extensions>
          <ns3:TrackPointExtension>
            <ns3:hr>111</ns3:hr>
          </ns3:TrackPointExtension>
        </extensions>
      </trkpt>
      <trkpt lat="36.67847125791013240814208984375" lon="117.2910353355109691619873046875">
        <ele>108.1999969482421875</ele>
        <time>2026-08-23T11:03:07.000Z</time>
        <extensions>
          <ns3:TrackPointExtension>
            <ns3:hr>109</ns3:hr>
          </ns3:TrackPointExtension>
        </extensions>
      </trkpt>
      <trkpt lat="36.67840420268476009368896484375" lon="117.29104715399444103240966796875">
        <ele>108.1999969482421875</ele>
        <time>2026-08-23T11:03:12.000Z</time>
        <extensions>
          <ns3:TrackPointExtension>
            <ns3:hr>117</ns3:hr>
          </ns3:TrackPointExtension>
        </extensions>
      </trkpt>
      <trkpt lat="36.67837386019527912139892578125" lon="117.2910569608211517333984375">
        <ele>108</ele>
        <time>2026-08-23T11:03:16.000Z</time>
        <extensions>
          <ns3:TrackPointExtension>
            <ns3:hr>116</ns3:hr>
          </ns3:TrackPointExtension>
        </extensions>
      </trkpt>
      <trkpt lat="36.6783705912530422210693359375" lon="117.29107280261814594268798828125">
        <ele>108</ele>
        <time>2026-08-23T11:03:17.000Z</time>
        <extensions>
          <ns3:TrackPointExtension>
            <ns3:hr>115</ns3:hr>
          </ns3:TrackPointExtension>
        </extensions>
      </trkpt>
      <trkpt lat="36.6783674061298370361328125" lon="117.29107783176004886627197265625">
        <ele>108</ele>
        <time>2026-08-23T11:03:19.000Z</time>
        <extensions>
          <ns3:TrackPointExtension>
            <ns3:hr>114</ns3:hr>
          </ns3:TrackPointExtension>
        </extensions>
      </trkpt>
      <trkpt lat="36.67836396954953670501708984375" lon="117.29107665829360485076904296875">
        <ele>108</ele>
        <time>2026-08-23T11:03:20.000Z</time>
        <extensions>
          <ns3:TrackPointExtension>
            <ns3:hr>113</ns3:hr>
          </ns3:TrackPointExtension>
        </extensions>
      </trkpt>
      <trkpt lat="36.67834670282900333404541015625" lon="117.29107716120779514312744140625">
        <ele>108</ele>
        <time>2026-08-23T11:03:26.000Z</time>
        <extensions>
          <ns3:TrackPointExtension>
            <ns3:hr>110</ns3:hr>
          </ns3:TrackPointExtension>
        </extensions>
      </trkpt>
      <trkpt lat="36.67833211831748485565185546875" lon="117.2910730540752410888671875">
        <ele>108</ele>
        <time>2026-08-23T11:03:27.000Z</time>
        <extensions>
          <ns3:TrackPointExtension>
            <ns3:hr>110</ns3:hr>
          </ns3:TrackPointExtension>
        </extensions>
      </trkpt>
      <trkpt lat="36.6782679967582225799560546875" lon="117.29107414372265338897705078125">
        <ele>108</ele>
        <time>2026-08-23T11:03:32.000Z</time>
        <extensions>
          <ns3:TrackPointExtension>
            <ns3:hr>109</ns3:hr>
          </ns3:TrackPointExtension>
        </extensions>
      </trkpt>
      <trkpt lat="36.678241007030010223388671875" lon="117.29107514955103397369384765625">
        <ele>108.1999969482421875</ele>
        <time>2026-08-23T11:03:35.000Z</time>
        <extensions>
          <ns3:TrackPointExtension>
            <ns3:hr>112</ns3:hr>
          </ns3:TrackPointExtension>
        </extensions>
      </trkpt>
      <trkpt lat="36.67824192903935909271240234375" lon="117.29106836020946502685546875">
        <ele>108</ele>
        <time>2026-08-23T11:03:38.000Z</time>
        <extensions>
          <ns3:TrackPointExtension>
            <ns3:hr>114</ns3:hr>
          </ns3:TrackPointExtension>
        </extensions>
      </trkpt>
      <trkpt lat="36.67819817550480365753173828125" lon="117.2910712100565433502197265625">
        <ele>108</ele>
        <time>2026-08-23T11:03:42.000Z</time>
        <extensions>
          <ns3:TrackPointExtension>
            <ns3:hr>111</ns3:hr>
          </ns3:TrackPointExtension>
        </extensions>
      </trkpt>
      <trkpt lat="36.6781855188310146331787109375" lon="117.2910725511610507965087890625">
        <ele>108</ele>
        <time>2026-08-23T11:03:43.000Z</time>
        <extensions>
          <ns3:TrackPointExtension>
            <ns3:hr>108</ns3:hr>
          </ns3:TrackPointExtension>
        </extensions>
      </trkpt>
      <trkpt lat="36.67817093431949615478515625" lon="117.291078753769397735595703125">
        <ele>108</ele>
        <time>2026-08-23T11:03:44.000Z</time>
        <extensions>
          <ns3:TrackPointExtension>
            <ns3:hr>106</ns3:hr>
          </ns3:TrackPointExtension>
        </extensions>
      </trkpt>
      <trkpt lat="36.67814143002033233642578125" lon="117.291074730455875396728515625">
        <ele>108</ele>
        <time>2026-08-23T11:03:46.000Z</time>
        <extensions>
          <ns3:TrackPointExtension>
            <ns3:hr>106</ns3:hr>
          </ns3:TrackPointExtension>
        </extensions>
      </trkpt>
      <trkpt lat="36.67810496874153614044189453125" lon="117.29105494916439056396484375">
        <ele>108.1999969482421875</ele>
        <time>2026-08-23T11:03:49.000Z</time>
        <extensions>
          <ns3:TrackPointExtension>
            <ns3:hr>106</ns3:hr>
          </ns3:TrackPointExtension>
        </extensions>
      </trkpt>
      <trkpt lat="36.678059287369251251220703125" lon="117.291042543947696685791015625">
        <ele>108.1999969482421875</ele>
        <time>2026-08-23T11:03:53.000Z</time>
        <extensions>
          <ns3:TrackPointExtension>
            <ns3:hr>106</ns3:hr>
          </ns3:TrackPointExtension>
        </extensions>
      </trkpt>
      <trkpt lat="36.67804897762835025787353515625" lon="117.29103340767323970794677734375">
        <ele>108</ele>
        <time>2026-08-23T11:03:54.000Z</time>
        <extensions>
          <ns3:TrackPointExtension>
            <ns3:hr>106</ns3:hr>
          </ns3:TrackPointExtension>
        </extensions>
      </trkpt>
      <trkpt lat="36.67803456075489521026611328125" lon="117.2910185717046260833740234375">
        <ele>108.1999969482421875</ele>
        <time>2026-08-23T11:03:56.000Z</time>
        <extensions>
          <ns3:TrackPointExtension>
            <ns3:hr>107</ns3:hr>
          </ns3:TrackPointExtension>
        </extensions>
      </trkpt>
      <trkpt lat="36.6780172102153301239013671875" lon="117.29100809432566165924072265625">
        <ele>108.1999969482421875</ele>
        <time>2026-08-23T11:03:58.000Z</time>
        <extensions>
          <ns3:TrackPointExtension>
            <ns3:hr>107</ns3:hr>
          </ns3:TrackPointExtension>
        </extensions>
      </trkpt>
      <trkpt lat="36.6779893822968006134033203125" lon="117.29097473435103893280029296875">
        <ele>108.40000152587890625</ele>
        <time>2026-08-23T11:04:01.000Z</time>
        <extensions>
          <ns3:TrackPointExtension>
            <ns3:hr>109</ns3:hr>
          </ns3:TrackPointExtension>
        </extensions>
      </trkpt>
      <trkpt lat="36.67795979417860507965087890625" lon="117.2909699566662311553955078125">
        <ele>108.59999847412109375</ele>
        <time>2026-08-23T11:04:03.000Z</time>
        <extensions>
          <ns3:TrackPointExtension>
            <ns3:hr>110</ns3:hr>
          </ns3:TrackPointExtension>
        </extensions>
      </trkpt>
      <trkpt lat="36.67789600789546966552734375" lon="117.29099501855671405792236328125">
        <ele>109</ele>
        <time>2026-08-23T11:04:08.000Z</time>
        <extensions>
          <ns3:TrackPointExtension>
            <ns3:hr>104</ns3:hr>
          </ns3:TrackPointExtension>
        </extensions>
      </trkpt>
      <trkpt lat="36.6778844408690929412841796875" lon="117.29100926779210567474365234375">
        <ele>109</ele>
        <time>2026-08-23T11:04:09.000Z</time>
        <extensions>
          <ns3:TrackPointExtension>
            <ns3:hr>100</ns3:hr>
          </ns3:TrackPointExtension>
        </extensions>
      </trkpt>
      <trkpt lat="36.67787723243236541748046875" lon="117.2910239361226558685302734375">
        <ele>109.1999969482421875</ele>
        <time>2026-08-23T11:04:10.000Z</time>
        <extensions>
          <ns3:TrackPointExtension>
            <ns3:hr>93</ns3:hr>
          </ns3:TrackPointExtension>
        </extensions>
      </trkpt>
      <trkpt lat="36.67786424048244953155517578125" lon="117.29103927500545978546142578125">
        <ele>109.1999969482421875</ele>
        <time>2026-08-23T11:04:11.000Z</time>
        <extensions>
          <ns3:TrackPointExtension>
            <ns3:hr>90</ns3:hr>
          </ns3:TrackPointExtension>
        </extensions>
      </trkpt>
      <trkpt lat="36.67783699929714202880859375" lon="117.29105184786021709442138671875">
        <ele>109.1999969482421875</ele>
        <time>2026-08-23T11:04:13.000Z</time>
        <extensions>
          <ns3:TrackPointExtension>
            <ns3:hr>89</ns3:hr>
          </ns3:TrackPointExtension>
        </extensions>
      </trkpt>
      <trkpt lat="36.67780322022736072540283203125" lon="117.2910383529961109161376953125">
        <ele>109.1999969482421875</ele>
        <time>2026-08-23T11:04:16.000Z</time>
        <extensions>
          <ns3:TrackPointExtension>
            <ns3:hr>94</ns3:hr>
          </ns3:TrackPointExtension>
        </extensions>
      </trkpt>
      <trkpt lat="36.6777882166206836700439453125" lon="117.291039191186428070068359375">
        <ele>109.1999969482421875</ele>
        <time>2026-08-23T11:04:17.000Z</time>
        <extensions>
          <ns3:TrackPointExtension>
            <ns3:hr>97</ns3:hr>
          </ns3:TrackPointExtension>
        </extensions>
      </trkpt>
      <trkpt lat="36.67775653302669525146484375" lon="117.2910440526902675628662109375">
        <ele>109.40000152587890625</ele>
        <time>2026-08-23T11:04:19.000Z</time>
        <extensions>
          <ns3:TrackPointExtension>
            <ns3:hr>101</ns3:hr>
          </ns3:TrackPointExtension>
        </extensions>
      </trkpt>
      <trkpt lat="36.67774504981935024261474609375" lon="117.2910524345934391021728515625">
        <ele>109.40000152587890625</ele>
        <time>2026-08-23T11:04:20.000Z</time>
        <extensions>
          <ns3:TrackPointExtension>
            <ns3:hr>104</ns3:hr>
          </ns3:TrackPointExtension>
        </extensions>
      </trkpt>
      <trkpt lat="36.67772233486175537109375" lon="117.2910557873547077178955078125">
        <ele>109.59999847412109375</ele>
        <time>2026-08-23T11:04:22.000Z</time>
        <extensions>
          <ns3:TrackPointExtension>
            <ns3:hr>108</ns3:hr>
          </ns3:TrackPointExtension>
        </extensions>
      </trkpt>
      <trkpt lat="36.677702553570270538330078125" lon="117.2910507582128047943115234375">
        <ele>109.8000030517578125</ele>
        <time>2026-08-23T11:04:24.000Z</time>
        <extensions>
          <ns3:TrackPointExtension>
            <ns3:hr>112</ns3:hr>
          </ns3:TrackPointExtension>
        </extensions>
      </trkpt>
      <trkpt lat="36.6776899807155132293701171875" lon="117.2910423763096332550048828125">
        <ele>109.8000030517578125</ele>
        <time>2026-08-23T11:04:26.000Z</time>
        <extensions>
          <ns3:TrackPointExtension>
            <ns3:hr>115</ns3:hr>
          </ns3:TrackPointExtension>
        </extensions>
      </trkpt>
      <trkpt lat="36.67768620885908603668212890625" lon="117.29103189893066883087158203125">
        <ele>109.8000030517578125</ele>
        <time>2026-08-23T11:04:27.000Z</time>
        <extensions>
          <ns3:TrackPointExtension>
            <ns3:hr>116</ns3:hr>
          </ns3:TrackPointExtension>
        </extensions>
      </trkpt>
      <trkpt lat="36.677649915218353271484375" lon="117.29099820367991924285888671875">
        <ele>109.8000030517578125</ele>
        <time>2026-08-23T11:04:31.000Z</time>
        <extensions>
          <ns3:TrackPointExtension>
            <ns3:hr>116</ns3:hr>
          </ns3:TrackPointExtension>
        </extensions>
      </trkpt>
      <trkpt lat="36.67762988246977329254150390625" lon="117.29099300689995288848876953125">
        <ele>110</ele>
        <time>2026-08-23T11:04:33.000Z</time>
        <extensions>
          <ns3:TrackPointExtension>
            <ns3:hr>116</ns3:hr>
          </ns3:TrackPointExtension>
        </extensions>
      </trkpt>
      <trkpt lat="36.67756467126309871673583984375" lon="117.2909488342702388763427734375">
        <ele>110.1999969482421875</ele>
        <time>2026-08-23T11:04:39.000Z</time>
        <extensions>
          <ns3:TrackPointExtension>
            <ns3:hr>115</ns3:hr>
          </ns3:TrackPointExtension>
        </extensions>
      </trkpt>
      <trkpt lat="36.677499711513519287109375" lon="117.2908925078809261322021484375">
        <ele>110.1999969482421875</ele>
        <time>2026-08-23T11:04:46.000Z</time>
        <extensions>
          <ns3:TrackPointExtension>
            <ns3:hr>114</ns3:hr>
          </ns3:TrackPointExtension>
        </extensions>
      </trkpt>
      <trkpt lat="36.67746459133923053741455078125" lon="117.2908462397754192352294921875">
        <ele>110.1999969482421875</ele>
        <time>2026-08-23T11:04:51.000Z</time>
        <extensions>
          <ns3:TrackPointExtension>
            <ns3:hr>113</ns3:hr>
          </ns3:TrackPointExtension>
        </extensions>
      </trkpt>
      <trkpt lat="36.6774398647248744964599609375" lon="117.2907570563256740570068359375">
        <ele>110.1999969482421875</ele>
        <time>2026-08-23T11:04:57.000Z</time>
        <extensions>
          <ns3:TrackPointExtension>
            <ns3:hr>112</ns3:hr>
          </ns3:TrackPointExtension>
        </extensions>
      </trkpt>
      <trkpt lat="36.67742050252854824066162109375" lon="117.290696203708648681640625">
        <ele>110.1999969482421875</ele>
        <time>2026-08-23T11:05:02.000Z</time>
        <extensions>
          <ns3:TrackPointExtension>
            <ns3:hr>113</ns3:hr>
          </ns3:TrackPointExtension>
        </extensions>
      </trkpt>
      <trkpt lat="36.6774160601198673248291015625" lon="117.29067935608327388763427734375">
        <ele>110.1999969482421875</ele>
        <time>2026-08-23T11:05:03.000Z</time>
        <extensions>
          <ns3:TrackPointExtension>
            <ns3:hr>114</ns3:hr>
          </ns3:TrackPointExtension>
        </extensions>
      </trkpt>
      <trkpt lat="36.6773781739175319671630859375" lon="117.2906078584492206573486328125">
        <ele>110.1999969482421875</ele>
        <time>2026-08-23T11:05:08.000Z</time>
        <extensions>
          <ns3:TrackPointExtension>
            <ns3:hr>115</ns3:hr>
          </ns3:TrackPointExtension>
        </extensions>
      </trkpt>
      <trkpt lat="36.67734573595225811004638671875" lon="117.29054591618478298187255859375">
        <ele>110.40000152587890625</ele>
        <time>2026-08-23T11:05:13.000Z</time>
        <extensions>
          <ns3:TrackPointExtension>
            <ns3:hr>115</ns3:hr>
          </ns3:TrackPointExtension>
        </extensions>
      </trkpt>
      <trkpt lat="36.6773352585732936859130859375" lon="117.290502749383449554443359375">
        <ele>110.40000152587890625</ele>
        <time>2026-08-23T11:05:16.000Z</time>
        <extensions>
          <ns3:TrackPointExtension>
            <ns3:hr>115</ns3:hr>
          </ns3:TrackPointExtension>
        </extensions>
      </trkpt>
      <trkpt lat="36.677341461181640625" lon="117.29047517292201519012451171875">
        <ele>110.40000152587890625</ele>
        <time>2026-08-23T11:05:18.000Z</time>
        <extensions>
          <ns3:TrackPointExtension>
            <ns3:hr>115</ns3:hr>
          </ns3:TrackPointExtension>
        </extensions>
      </trkpt>
      <trkpt lat="36.67734623886644840240478515625" lon="117.29046377353370189666748046875">
        <ele>110.40000152587890625</ele>
        <time>2026-08-23T11:05:19.000Z</time>
        <extensions>
          <ns3:TrackPointExtension>
            <ns3:hr>115</ns3:hr>
          </ns3:TrackPointExtension>
        </extensions>
      </trkpt>
      <trkpt lat="36.67735763825476169586181640625" lon="117.2904254682362079620361328125">
        <ele>110.8000030517578125</ele>
        <time>2026-08-23T11:05:22.000Z</time>
        <extensions>
          <ns3:TrackPointExtension>
            <ns3:hr>114</ns3:hr>
          </ns3:TrackPointExtension>
        </extensions>
      </trkpt>
      <trkpt lat="36.67736358940601348876953125" lon="117.290407530963420867919921875">
        <ele>110.8000030517578125</ele>
        <time>2026-08-23T11:05:23.000Z</time>
        <extensions>
          <ns3:TrackPointExtension>
            <ns3:hr>115</ns3:hr>
          </ns3:TrackPointExtension>
        </extensions>
      </trkpt>
      <trkpt lat="36.677349172532558441162109375" lon="117.29036268778145313262939453125">
        <ele>111</ele>
        <time>2026-08-23T11:05:26.000Z</time>
        <extensions>
          <ns3:TrackPointExtension>
            <ns3:hr>118</ns3:hr>
          </ns3:TrackPointExtension>
        </extensions>
      </trkpt>
      <trkpt lat="36.6773047484457492828369140625" lon="117.290316335856914520263671875">
        <ele>111.1999969482421875</ele>
        <time>2026-08-23T11:05:31.000Z</time>
        <extensions>
          <ns3:TrackPointExtension>
            <ns3:hr>121</ns3:hr>
          </ns3:TrackPointExtension>
        </extensions>
      </trkpt>
      <trkpt lat="36.67729879729449748992919921875" lon="117.29030636139214038848876953125">
        <ele>111.40000152587890625</ele>
        <time>2026-08-23T11:05:32.000Z</time>
        <extensions>
          <ns3:TrackPointExtension>
            <ns3:hr>121</ns3:hr>
          </ns3:TrackPointExtension>
        </extensions>
      </trkpt>
      <trkpt lat="36.6772873140871524810791015625" lon="117.290300242602825164794921875">
        <ele>111.59999847412109375</ele>
        <time>2026-08-23T11:05:33.000Z</time>
        <extensions>
          <ns3:TrackPointExtension>
            <ns3:hr>121</ns3:hr>
          </ns3:TrackPointExtension>
        </extensions>
      </trkpt>
      <trkpt lat="36.67726426385343074798583984375" lon="117.29028658010065555572509765625">
        <ele>112</ele>
        <time>2026-08-23T11:05:36.000Z</time>
        <extensions>
          <ns3:TrackPointExtension>
            <ns3:hr>123</ns3:hr>
          </ns3:TrackPointExtension>
        </extensions>
      </trkpt>
      <trkpt lat="36.67725487612187862396240234375" lon="117.29027987457811832427978515625">
        <ele>112.1999969482421875</ele>
        <time>2026-08-23T11:05:37.000Z</time>
        <extensions>
          <ns3:TrackPointExtension>
            <ns3:hr>124</ns3:hr>
          </ns3:TrackPointExtension>
        </extensions>
      </trkpt>
      <trkpt lat="36.67723895050585269927978515625" lon="117.29028071276843547821044921875">
        <ele>111.8000030517578125</ele>
        <time>2026-08-23T11:05:39.000Z</time>
        <extensions>
          <ns3:TrackPointExtension>
            <ns3:hr>123</ns3:hr>
          </ns3:TrackPointExtension>
        </extensions>
      </trkpt>
      <trkpt lat="36.677219085395336151123046875" lon="117.290304936468601226806640625">
        <ele>111.40000152587890625</ele>
        <time>2026-08-23T11:05:41.000Z</time>
        <extensions>
          <ns3:TrackPointExtension>
            <ns3:hr>121</ns3:hr>
          </ns3:TrackPointExtension>
        </extensions>
      </trkpt>
      <trkpt lat="36.67720265686511993408203125" lon="117.2903376258909702301025390625">
        <ele>111.1999969482421875</ele>
        <time>2026-08-23T11:05:43.000Z</time>
        <extensions>
          <ns3:TrackPointExtension>
            <ns3:hr>118</ns3:hr>
          </ns3:TrackPointExtension>
        </extensions>
      </trkpt>
      <trkpt lat="36.67718178592622280120849609375" lon="117.2903869114816188812255859375">
        <ele>111.1999969482421875</ele>
        <time>2026-08-23T11:05:46.000Z</time>
        <extensions>
          <ns3:TrackPointExtension>
            <ns3:hr>114</ns3:hr>
          </ns3:TrackPointExtension>
        </extensions>
      </trkpt>
      <trkpt lat="36.67716787196695804595947265625" lon="117.29041733779013156890869140625">
        <ele>111.1999969482421875</ele>
        <time>2026-08-23T11:05:48.000Z</time>
        <extensions>
          <ns3:TrackPointExtension>
            <ns3:hr>111</ns3:hr>
          </ns3:TrackPointExtension>
        </extensions>
      </trkpt>
      <trkpt lat="36.6771619208157062530517578125" lon="117.29043401777744293212890625">
        <ele>111</ele>
        <time>2026-08-23T11:05:49.000Z</time>
        <extensions>
          <ns3:TrackPointExtension>
            <ns3:hr>110</ns3:hr>
          </ns3:TrackPointExtension>
        </extensions>
      </trkpt>
      <trkpt lat="36.67716049589216709136962890625" lon="117.29046754539012908935546875">
        <ele>111</ele>
        <time>2026-08-23T11:05:51.000Z</time>
        <extensions>
          <ns3:TrackPointExtension>
            <ns3:hr>110</ns3:hr>
          </ns3:TrackPointExtension>
        </extensions>
      </trkpt>
      <trkpt lat="36.677132584154605865478515625" lon="117.29055446572601795196533203125">
        <ele>110.8000030517578125</ele>
        <time>2026-08-23T11:05:57.000Z</time>
        <extensions>
          <ns3:TrackPointExtension>
            <ns3:hr>110</ns3:hr>
          </ns3:TrackPointExtension>
        </extensions>
      </trkpt>
      <trkpt lat="36.67712680064141750335693359375" lon="117.29058950208127498626708984375">
        <ele>110.8000030517578125</ele>
        <time>2026-08-23T11:05:59.000Z</time>
        <extensions>
          <ns3:TrackPointExtension>
            <ns3:hr>110</ns3:hr>
          </ns3:TrackPointExtension>
        </extensions>
      </trkpt>
      <trkpt lat="36.6771243698894977569580078125" lon="117.29064499028027057647705078125">
        <ele>110.8000030517578125</ele>
        <time>2026-08-23T11:06:02.000Z</time>
        <extensions>
          <ns3:TrackPointExtension>
            <ns3:hr>110</ns3:hr>
          </ns3:TrackPointExtension>
        </extensions>
      </trkpt>
      <trkpt lat="36.67711758054792881011962890625" lon="117.2906564734876155853271484375">
        <ele>110.8000030517578125</ele>
        <time>2026-08-23T11:06:03.000Z</time>
        <extensions>
          <ns3:TrackPointExtension>
            <ns3:hr>110</ns3:hr>
          </ns3:TrackPointExtension>
        </extensions>
      </trkpt>
      <trkpt lat="36.67710601352155208587646484375" lon="117.2907060943543910980224609375">
        <ele>110.8000030517578125</ele>
        <time>2026-08-23T11:06:06.000Z</time>
        <extensions>
          <ns3:TrackPointExtension>
            <ns3:hr>109</ns3:hr>
          </ns3:TrackPointExtension>
        </extensions>
      </trkpt>
      <trkpt lat="36.67707927525043487548828125" lon="117.2907744906842708587646484375">
        <ele>110.8000030517578125</ele>
        <time>2026-08-23T11:06:11.000Z</time>
        <extensions>
          <ns3:TrackPointExtension>
            <ns3:hr>109</ns3:hr>
          </ns3:TrackPointExtension>
        </extensions>
      </trkpt>
      <trkpt lat="36.67706795968115329742431640625" lon="117.2908479161560535430908203125">
        <ele>110.8000030517578125</ele>
        <time>2026-08-23T11:06:16.000Z</time>
        <extensions>
          <ns3:TrackPointExtension>
            <ns3:hr>111</ns3:hr>
          </ns3:TrackPointExtension>
        </extensions>
      </trkpt>
      <trkpt lat="36.6770596615970134735107421875" lon="117.29088152758777141571044921875">
        <ele>111</ele>
        <time>2026-08-23T11:06:18.000Z</time>
        <extensions>
          <ns3:TrackPointExtension>
            <ns3:hr>110</ns3:hr>
          </ns3:TrackPointExtension>
        </extensions>
      </trkpt>
      <trkpt lat="36.67704641819000244140625" lon="117.2909106127917766571044921875">
        <ele>110.8000030517578125</ele>
        <time>2026-08-23T11:06:20.000Z</time>
        <extensions>
          <ns3:TrackPointExtension>
            <ns3:hr>110</ns3:hr>
          </ns3:TrackPointExtension>
        </extensions>
      </trkpt>
      <trkpt lat="36.677023284137248992919921875" lon="117.2909847088158130645751953125">
        <ele>110.59999847412109375</ele>
        <time>2026-08-23T11:06:26.000Z</time>
        <extensions>
          <ns3:TrackPointExtension>
            <ns3:hr>110</ns3:hr>
          </ns3:TrackPointExtension>
        </extensions>
      </trkpt>
      <trkpt lat="36.6770040057599544525146484375" lon="117.291055284440517425537109375">
        <ele>110.59999847412109375</ele>
        <time>2026-08-23T11:06:31.000Z</time>
        <extensions>
          <ns3:TrackPointExtension>
            <ns3:hr>110</ns3:hr>
          </ns3:TrackPointExtension>
        </extensions>
      </trkpt>
      <trkpt lat="36.677002497017383575439453125" lon="117.29106995277106761932373046875">
        <ele>110.59999847412109375</ele>
        <time>2026-08-23T11:06:32.000Z</time>
        <extensions>
          <ns3:TrackPointExtension>
            <ns3:hr>109</ns3:hr>
          </ns3:TrackPointExtension>
        </extensions>
      </trkpt>
      <trkpt lat="36.67698028497397899627685546875" lon="117.2911186516284942626953125">
        <ele>110.59999847412109375</ele>
        <time>2026-08-23T11:06:36.000Z</time>
        <extensions>
          <ns3:TrackPointExtension>
            <ns3:hr>108</ns3:hr>
          </ns3:TrackPointExtension>
        </extensions>
      </trkpt>
      <trkpt lat="36.6769533790647983551025390625" lon="117.2912006266415119171142578125">
        <ele>110.59999847412109375</ele>
        <time>2026-08-23T11:06:42.000Z</time>
        <extensions>
          <ns3:TrackPointExtension>
            <ns3:hr>111</ns3:hr>
          </ns3:TrackPointExtension>
        </extensions>
      </trkpt>
      <trkpt lat="36.67694759555160999298095703125" lon="117.29121361859142780303955078125">
        <ele>110.59999847412109375</ele>
        <time>2026-08-23T11:06:43.000Z</time>
        <extensions>
          <ns3:TrackPointExtension>
            <ns3:hr>111</ns3:hr>
          </ns3:TrackPointExtension>
        </extensions>
      </trkpt>
      <trkpt lat="36.67692144401371479034423828125" lon="117.29127648286521434783935546875">
        <ele>110.59999847412109375</ele>
        <time>2026-08-23T11:06:47.000Z</time>
        <extensions>
          <ns3:TrackPointExtension>
            <ns3:hr>110</ns3:hr>
          </ns3:TrackPointExtension>
        </extensions>
      </trkpt>
      <trkpt lat="36.676893197000026702880859375" lon="117.2913478128612041473388671875">
        <ele>110.59999847412109375</ele>
        <time>2026-08-23T11:06:52.000Z</time>
        <extensions>
          <ns3:TrackPointExtension>
            <ns3:hr>111</ns3:hr>
          </ns3:TrackPointExtension>
        </extensions>
      </trkpt>
      <trkpt lat="36.6768584959208965301513671875" lon="117.291424758732318878173828125">
        <ele>110.59999847412109375</ele>
        <time>2026-08-23T11:06:58.000Z</time>
        <extensions>
          <ns3:TrackPointExtension>
            <ns3:hr>111</ns3:hr>
          </ns3:TrackPointExtension>
        </extensions>
      </trkpt>
      <trkpt lat="36.6768356971442699432373046875" lon="117.2914701886475086212158203125">
        <ele>110.8000030517578125</ele>
        <time>2026-08-23T11:07:01.000Z</time>
        <extensions>
          <ns3:TrackPointExtension>
            <ns3:hr>110</ns3:hr>
          </ns3:TrackPointExtension>
        </extensions>
      </trkpt>
      <trkpt lat="36.676822789013385772705078125" lon="117.29150061495602130889892578125">
        <ele>110.8000030517578125</ele>
        <time>2026-08-23T11:07:03.000Z</time>
        <extensions>
          <ns3:TrackPointExtension>
            <ns3:hr>111</ns3:hr>
          </ns3:TrackPointExtension>
        </extensions>
      </trkpt>
      <trkpt lat="36.67680376209318637847900390625" lon="117.2915429435670375823974609375">
        <ele>111.40000152587890625</ele>
        <time>2026-08-23T11:07:07.000Z</time>
        <extensions>
          <ns3:TrackPointExtension>
            <ns3:hr>111</ns3:hr>
          </ns3:TrackPointExtension>
        </extensions>
      </trkpt>
      <trkpt lat="36.67679739184677600860595703125" lon="117.29155249893665313720703125">
        <ele>111.59999847412109375</ele>
        <time>2026-08-23T11:07:08.000Z</time>
        <extensions>
          <ns3:TrackPointExtension>
            <ns3:hr>112</ns3:hr>
          </ns3:TrackPointExtension>
        </extensions>
      </trkpt>
      <trkpt lat="36.67676679790019989013671875" lon="117.29163673706352710723876953125">
        <ele>110.8000030517578125</ele>
        <time>2026-08-23T11:07:14.000Z</time>
        <extensions>
          <ns3:TrackPointExtension>
            <ns3:hr>116</ns3:hr>
          </ns3:TrackPointExtension>
        </extensions>
      </trkpt>
      <trkpt lat="36.6767468489706516265869140625" lon="117.29168669320642948150634765625">
        <ele>111</ele>
        <time>2026-08-23T11:07:18.000Z</time>
        <extensions>
          <ns3:TrackPointExtension>
            <ns3:hr>119</ns3:hr>
          </ns3:TrackPointExtension>
        </extensions>
      </trkpt>
      <trkpt lat="36.676731593906879425048828125" lon="117.2917058877646923065185546875">
        <ele>111</ele>
        <time>2026-08-23T11:07:20.000Z</time>
        <extensions>
          <ns3:TrackPointExtension>
            <ns3:hr>119</ns3:hr>
          </ns3:TrackPointExtension>
        </extensions>
      </trkpt>
      <trkpt lat="36.676700413227081298828125" lon="117.29177420027554035186767578125">
        <ele>110.8000030517578125</ele>
        <time>2026-08-23T11:07:25.000Z</time>
        <extensions>
          <ns3:TrackPointExtension>
            <ns3:hr>117</ns3:hr>
          </ns3:TrackPointExtension>
        </extensions>
      </trkpt>
      <trkpt lat="36.67667551897466182708740234375" lon="117.2918299399316310882568359375">
        <ele>111</ele>
        <time>2026-08-23T11:07:30.000Z</time>
        <extensions>
          <ns3:TrackPointExtension>
            <ns3:hr>117</ns3:hr>
          </ns3:TrackPointExtension>
        </extensions>
      </trkpt>
      <trkpt lat="36.676633022725582122802734375" lon="117.29189448058605194091796875">
        <ele>111.1999969482421875</ele>
        <time>2026-08-23T11:07:35.000Z</time>
        <extensions>
          <ns3:TrackPointExtension>
            <ns3:hr>117</ns3:hr>
          </ns3:TrackPointExtension>
        </extensions>
      </trkpt>
      <trkpt lat="36.676596142351627349853515625" lon="117.29193211533129215240478515625">
        <ele>111.1999969482421875</ele>
        <time>2026-08-23T11:07:39.000Z</time>
        <extensions>
          <ns3:TrackPointExtension>
            <ns3:hr>113</ns3:hr>
          </ns3:TrackPointExtension>
        </extensions>
      </trkpt>
      <trkpt lat="36.6765783727169036865234375" lon="117.29195474646985530853271484375">
        <ele>111.1999969482421875</ele>
        <time>2026-08-23T11:07:41.000Z</time>
        <extensions>
          <ns3:TrackPointExtension>
            <ns3:hr>111</ns3:hr>
          </ns3:TrackPointExtension>
        </extensions>
      </trkpt>
      <trkpt lat="36.6765426658093929290771484375" lon="117.29198911227285861968994140625">
        <ele>111.1999969482421875</ele>
        <time>2026-08-23T11:07:44.000Z</time>
        <extensions>
          <ns3:TrackPointExtension>
            <ns3:hr>107</ns3:hr>
          </ns3:TrackPointExtension>
        </extensions>
      </trkpt>
      <trkpt lat="36.67652405798435211181640625" lon="117.2920049540698528289794921875">
        <ele>111.1999969482421875</ele>
        <time>2026-08-23T11:07:46.000Z</time>
        <extensions>
          <ns3:TrackPointExtension>
            <ns3:hr>106</ns3:hr>
          </ns3:TrackPointExtension>
        </extensions>
      </trkpt>
      <trkpt lat="36.6764725930988788604736328125" lon="117.29207016527652740478515625">
        <ele>111.1999969482421875</ele>
        <time>2026-08-23T11:07:52.000Z</time>
        <extensions>
          <ns3:TrackPointExtension>
            <ns3:hr>108</ns3:hr>
          </ns3:TrackPointExtension>
        </extensions>
      </trkpt>
      <trkpt lat="36.67643462307751178741455078125" lon="117.2921139188110828399658203125">
        <ele>111.1999969482421875</ele>
        <time>2026-08-23T11:07:57.000Z</time>
        <extensions>
          <ns3:TrackPointExtension>
            <ns3:hr>106</ns3:hr>
          </ns3:TrackPointExtension>
        </extensions>
      </trkpt>
      <trkpt lat="36.6763703338801860809326171875" lon="117.292159013450145721435546875">
        <ele>111.40000152587890625</ele>
        <time>2026-08-23T11:08:03.000Z</time>
        <extensions>
          <ns3:TrackPointExtension>
            <ns3:hr>107</ns3:hr>
          </ns3:TrackPointExtension>
        </extensions>
      </trkpt>
      <trkpt lat="36.6763344593346118927001953125" lon="117.292188517749309539794921875">
        <ele>111.8000030517578125</ele>
        <time>2026-08-23T11:08:07.000Z</time>
        <extensions>
          <ns3:TrackPointExtension>
            <ns3:hr>110</ns3:hr>
          </ns3:TrackPointExtension>
        </extensions>
      </trkpt>
      <trkpt lat="36.676326580345630645751953125" lon="117.29219346307218074798583984375">
        <ele>112.1999969482421875</ele>
        <time>2026-08-23T11:08:08.000Z</time>
        <extensions>
          <ns3:TrackPointExtension>
            <ns3:hr>110</ns3:hr>
          </ns3:TrackPointExtension>
        </extensions>
      </trkpt>
      <trkpt lat="36.6762578487396240234375" lon="117.292244173586368560791015625">
        <ele>111.40000152587890625</ele>
        <time>2026-08-23T11:08:15.000Z</time>
        <extensions>
          <ns3:TrackPointExtension>
            <ns3:hr>111</ns3:hr>
          </ns3:TrackPointExtension>
        </extensions>
      </trkpt>
      <trkpt lat="36.676203869283199310302734375" lon="117.29227543808519840240478515625">
        <ele>111.59999847412109375</ele>
        <time>2026-08-23T11:08:20.000Z</time>
        <extensions>
          <ns3:TrackPointExtension>
            <ns3:hr>109</ns3:hr>
          </ns3:TrackPointExtension>
        </extensions>
      </trkpt>
      <trkpt lat="36.67618953622877597808837890625" lon="117.29228968732059001922607421875">
        <ele>111.59999847412109375</ele>
        <time>2026-08-23T11:08:22.000Z</time>
        <extensions>
          <ns3:TrackPointExtension>
            <ns3:hr>108</ns3:hr>
          </ns3:TrackPointExtension>
        </extensions>
      </trkpt>
      <trkpt lat="36.67615567333996295928955078125" lon="117.292313911020755767822265625">
        <ele>112.40000152587890625</ele>
        <time>2026-08-23T11:08:25.000Z</time>
        <extensions>
          <ns3:TrackPointExtension>
            <ns3:hr>105</ns3:hr>
          </ns3:TrackPointExtension>
        </extensions>
      </trkpt>
      <trkpt lat="36.67614628560841083526611328125" lon="117.2923181019723415374755859375">
        <ele>112.59999847412109375</ele>
        <time>2026-08-23T11:08:26.000Z</time>
        <extensions>
          <ns3:TrackPointExtension>
            <ns3:hr>99</ns3:hr>
          </ns3:TrackPointExtension>
        </extensions>
      </trkpt>
      <trkpt lat="36.67613572441041469573974609375" lon="117.29232304729521274566650390625">
        <ele>112.59999847412109375</ele>
        <time>2026-08-23T11:08:27.000Z</time>
        <extensions>
          <ns3:TrackPointExtension>
            <ns3:hr>94</ns3:hr>
          </ns3:TrackPointExtension>
        </extensions>
      </trkpt>
      <trkpt lat="36.676125414669513702392578125" lon="117.29233033955097198486328125">
        <ele>112.59999847412109375</ele>
        <time>2026-08-23T11:08:28.000Z</time>
        <extensions>
          <ns3:TrackPointExtension>
            <ns3:hr>88</ns3:hr>
          </ns3:TrackPointExtension>
        </extensions>
      </trkpt>
      <trkpt lat="36.6761121712625026702880859375" lon="117.29233696125447750091552734375">
        <ele>112.59999847412109375</ele>
        <time>2026-08-23T11:08:29.000Z</time>
        <extensions>
          <ns3:TrackPointExtension>
            <ns3:hr>84</ns3:hr>
          </ns3:TrackPointExtension>
        </extensions>
      </trkpt>
      <trkpt lat="36.6761011071503162384033203125" lon="117.292343415319919586181640625">
        <ele>112.59999847412109375</ele>
        <time>2026-08-23T11:08:30.000Z</time>
        <extensions>
          <ns3:TrackPointExtension>
            <ns3:hr>86</ns3:hr>
          </ns3:TrackPointExtension>
        </extensions>
      </trkpt>
      <trkpt lat="36.67608006857335567474365234375" lon="117.292356155812740325927734375">
        <ele>112.59999847412109375</ele>
        <time>2026-08-23T11:08:32.000Z</time>
        <extensions>
          <ns3:TrackPointExtension>
            <ns3:hr>91</ns3:hr>
          </ns3:TrackPointExtension>
        </extensions>
      </trkpt>
      <trkpt lat="36.67606933973729610443115234375" lon="117.29236227460205554962158203125">
        <ele>112.59999847412109375</ele>
        <time>2026-08-23T11:08:33.000Z</time>
        <extensions>
          <ns3:TrackPointExtension>
            <ns3:hr>91</ns3:hr>
          </ns3:TrackPointExtension>
        </extensions>
      </trkpt>
      <trkpt lat="36.67604000307619571685791015625" lon="117.2923878394067287445068359375">
        <ele>112.59999847412109375</ele>
        <time>2026-08-23T11:08:36.000Z</time>
        <extensions>
          <ns3:TrackPointExtension>
            <ns3:hr>98</ns3:hr>
          </ns3:TrackPointExtension>
        </extensions>
      </trkpt>
      <trkpt lat="36.676023490726947784423828125" lon="117.2924019210040569305419921875">
        <ele>112.59999847412109375</ele>
        <time>2026-08-23T11:08:38.000Z</time>
        <extensions>
          <ns3:TrackPointExtension>
            <ns3:hr>103</ns3:hr>
          </ns3:TrackPointExtension>
        </extensions>
      </trkpt>
      <trkpt lat="36.67600479908287525177001953125" lon="117.2924141585826873779296875">
        <ele>112.59999847412109375</ele>
        <time>2026-08-23T11:08:40.000Z</time>
        <extensions>
          <ns3:TrackPointExtension>
            <ns3:hr>106</ns3:hr>
          </ns3:TrackPointExtension>
        </extensions>
      </trkpt>
      <trkpt lat="36.67599507607519626617431640625" lon="117.29241994209587574005126953125">
        <ele>112.59999847412109375</ele>
        <time>2026-08-23T11:08:41.000Z</time>
        <extensions>
          <ns3:TrackPointExtension>
            <ns3:hr>109</ns3:hr>
          </ns3:TrackPointExtension>
        </extensions>
      </trkpt>
      <trkpt lat="36.67598552070558071136474609375" lon="117.29242480359971523284912109375">
        <ele>112.59999847412109375</ele>
        <time>2026-08-23T11:08:42.000Z</time>
        <extensions>
          <ns3:TrackPointExtension>
            <ns3:hr>109</ns3:hr>
          </ns3:TrackPointExtension>
        </extensions>
      </trkpt>
      <trkpt lat="36.67597428895533084869384765625" lon="117.292429916560649871826171875">
        <ele>112.59999847412109375</ele>
        <time>2026-08-23T11:08:43.000Z</time>
        <extensions>
          <ns3:TrackPointExtension>
            <ns3:hr>109</ns3:hr>
          </ns3:TrackPointExtension>
        </extensions>
      </trkpt>
      <trkpt lat="36.675889380276203155517578125" lon="117.29246688075363636016845703125">
        <ele>112.59999847412109375</ele>
        <time>2026-08-23T11:08:51.000Z</time>
        <extensions>
          <ns3:TrackPointExtension>
            <ns3:hr>110</ns3:hr>
          </ns3:TrackPointExtension>
        </extensions>
      </trkpt>
      <trkpt lat="36.67582626454532146453857421875" lon="117.2925162501633167266845703125">
        <ele>112</ele>
        <time>2026-08-23T11:08:56.000Z</time>
        <extensions>
          <ns3:TrackPointExtension>
            <ns3:hr>111</ns3:hr>
          </ns3:TrackPointExtension>
        </extensions>
      </trkpt>
      <trkpt lat="36.67577798478305339813232421875" lon="117.2925313375890254974365234375">
        <ele>112.1999969482421875</ele>
        <time>2026-08-23T11:09:01.000Z</time>
        <extensions>
          <ns3:TrackPointExtension>
            <ns3:hr>116</ns3:hr>
          </ns3:TrackPointExtension>
        </extensions>
      </trkpt>
      <trkpt lat="36.675755940377712249755859375" lon="117.292536199092864990234375">
        <ele>112.40000152587890625</ele>
        <time>2026-08-23T11:09:03.000Z</time>
        <extensions>
          <ns3:TrackPointExtension>
            <ns3:hr>120</ns3:hr>
          </ns3:TrackPointExtension>
        </extensions>
      </trkpt>
      <trkpt lat="36.67572702281177043914794921875" lon="117.29253678582608699798583984375">
        <ele>113.1999969482421875</ele>
        <time>2026-08-23T11:09:06.000Z</time>
        <extensions>
          <ns3:TrackPointExtension>
            <ns3:hr>120</ns3:hr>
          </ns3:TrackPointExtension>
        </extensions>
      </trkpt>
      <trkpt lat="36.67569768615067005157470703125" lon="117.29254097677767276763916015625">
        <ele>113.59999847412109375</ele>
        <time>2026-08-23T11:09:09.000Z</time>
        <extensions>
          <ns3:TrackPointExtension>
            <ns3:hr>117</ns3:hr>
          </ns3:TrackPointExtension>
        </extensions>
      </trkpt>
      <trkpt lat="36.67568813078105449676513671875" lon="117.29254357516765594482421875">
        <ele>113.1999969482421875</ele>
        <time>2026-08-23T11:09:10.000Z</time>
        <extensions>
          <ns3:TrackPointExtension>
            <ns3:hr>116</ns3:hr>
          </ns3:TrackPointExtension>
        </extensions>
      </trkpt>
      <trkpt lat="36.67565225623548030853271484375" lon="117.2925551421940326690673828125">
        <ele>112.59999847412109375</ele>
        <time>2026-08-23T11:09:13.000Z</time>
        <extensions>
          <ns3:TrackPointExtension>
            <ns3:hr>113</ns3:hr>
          </ns3:TrackPointExtension>
        </extensions>
      </trkpt>
      <trkpt lat="36.67561336420476436614990234375" lon="117.2925531305372714996337890625">
        <ele>112.59999847412109375</ele>
        <time>2026-08-23T11:09:16.000Z</time>
        <extensions>
          <ns3:TrackPointExtension>
            <ns3:hr>112</ns3:hr>
          </ns3:TrackPointExtension>
        </extensions>
      </trkpt>
      <trkpt lat="36.675554104149341583251953125" lon="117.29256830178201198577880859375">
        <ele>112.8000030517578125</ele>
        <time>2026-08-23T11:09:22.000Z</time>
        <extensions>
          <ns3:TrackPointExtension>
            <ns3:hr>112</ns3:hr>
          </ns3:TrackPointExtension>
        </extensions>
      </trkpt>
      <trkpt lat="36.67548109777271747589111328125" lon="117.29257953353226184844970703125">
        <ele>113.1999969482421875</ele>
        <time>2026-08-23T11:09:29.000Z</time>
        <extensions>
          <ns3:TrackPointExtension>
            <ns3:hr>110</ns3:hr>
          </ns3:TrackPointExtension>
        </extensions>
      </trkpt>
      <trkpt lat="36.6754201613366603851318359375" lon="117.292573414742946624755859375">
        <ele>113.1999969482421875</ele>
        <time>2026-08-23T11:09:34.000Z</time>
        <extensions>
          <ns3:TrackPointExtension>
            <ns3:hr>108</ns3:hr>
          </ns3:TrackPointExtension>
        </extensions>
      </trkpt>
      <trkpt lat="36.67540146969258785247802734375" lon="117.2925662063062191009521484375">
        <ele>113.40000152587890625</ele>
        <time>2026-08-23T11:09:36.000Z</time>
        <extensions>
          <ns3:TrackPointExtension>
            <ns3:hr>108</ns3:hr>
          </ns3:TrackPointExtension>
        </extensions>
      </trkpt>
      <trkpt lat="36.675364337861537933349609375" lon="117.29256260208785533905029296875">
        <ele>113.40000152587890625</ele>
        <time>2026-08-23T11:09:39.000Z</time>
        <extensions>
          <ns3:TrackPointExtension>
            <ns3:hr>109</ns3:hr>
          </ns3:TrackPointExtension>
        </extensions>
      </trkpt>
      <trkpt lat="36.6753008030354976654052734375" lon="117.29256679303944110870361328125">
        <ele>113.59999847412109375</ele>
        <time>2026-08-23T11:09:45.000Z</time>
        <extensions>
          <ns3:TrackPointExtension>
            <ns3:hr>109</ns3:hr>
          </ns3:TrackPointExtension>
        </extensions>
      </trkpt>
      <trkpt lat="36.6752575524151325225830078125" lon="117.2925605066120624542236328125">
        <ele>114.1999969482421875</ele>
        <time>2026-08-23T11:09:49.000Z</time>
        <extensions>
          <ns3:TrackPointExtension>
            <ns3:hr>111</ns3:hr>
          </ns3:TrackPointExtension>
        </extensions>
      </trkpt>
      <trkpt lat="36.67523198761045932769775390625" lon="117.29256059043109416961669921875">
        <ele>114.8000030517578125</ele>
        <time>2026-08-23T11:09:51.000Z</time>
        <extensions>
          <ns3:TrackPointExtension>
            <ns3:hr>110</ns3:hr>
          </ns3:TrackPointExtension>
        </extensions>
      </trkpt>
      <trkpt lat="36.6751951910555362701416015625" lon="117.2925561480224132537841796875">
        <ele>114.8000030517578125</ele>
        <time>2026-08-23T11:09:54.000Z</time>
        <extensions>
          <ns3:TrackPointExtension>
            <ns3:hr>107</ns3:hr>
          </ns3:TrackPointExtension>
        </extensions>
      </trkpt>
      <trkpt lat="36.67516610585153102874755859375" lon="117.29255371727049350738525390625">
        <ele>114.1999969482421875</ele>
        <time>2026-08-23T11:09:57.000Z</time>
        <extensions>
          <ns3:TrackPointExtension>
            <ns3:hr>106</ns3:hr>
          </ns3:TrackPointExtension>
        </extensions>
      </trkpt>
      <trkpt lat="36.67509972117841243743896484375" lon="117.29254013858735561370849609375">
        <ele>114.1999969482421875</ele>
        <time>2026-08-23T11:10:03.000Z</time>
        <extensions>
          <ns3:TrackPointExtension>
            <ns3:hr>109</ns3:hr>
          </ns3:TrackPointExtension>
        </extensions>
      </trkpt>
      <trkpt lat="36.67505529709160327911376953125" lon="117.29252505116164684295654296875">
        <ele>114.1999969482421875</ele>
        <time>2026-08-23T11:10:06.000Z</time>
        <extensions>
          <ns3:TrackPointExtension>
            <ns3:hr>112</ns3:hr>
          </ns3:TrackPointExtension>
        </extensions>
      </trkpt>
      <trkpt lat="36.675004921853542327880859375" lon="117.29251029901206493377685546875">
        <ele>114.1999969482421875</ele>
        <time>2026-08-23T11:10:10.000Z</time>
        <extensions>
          <ns3:TrackPointExtension>
            <ns3:hr>112</ns3:hr>
          </ns3:TrackPointExtension>
        </extensions>
      </trkpt>
      <trkpt lat="36.67493057437241077423095703125" lon="117.292494289577007293701171875">
        <ele>114.59999847412109375</ele>
        <time>2026-08-23T11:10:16.000Z</time>
        <extensions>
          <ns3:TrackPointExtension>
            <ns3:hr>112</ns3:hr>
          </ns3:TrackPointExtension>
        </extensions>
      </trkpt>
      <trkpt lat="36.67486670427024364471435546875" lon="117.29246755130589008331298828125">
        <ele>114.59999847412109375</ele>
        <time>2026-08-23T11:10:21.000Z</time>
        <extensions>
          <ns3:TrackPointExtension>
            <ns3:hr>112</ns3:hr>
          </ns3:TrackPointExtension>
        </extensions>
      </trkpt>
      <trkpt lat="36.6747938655316829681396484375" lon="117.29242262430489063262939453125">
        <ele>114.8000030517578125</ele>
        <time>2026-08-23T11:10:27.000Z</time>
        <extensions>
          <ns3:TrackPointExtension>
            <ns3:hr>112</ns3:hr>
          </ns3:TrackPointExtension>
        </extensions>
      </trkpt>
      <trkpt lat="36.6747196018695831298828125" lon="117.29238172061741352081298828125">
        <ele>115</ele>
        <time>2026-08-23T11:10:34.000Z</time>
        <extensions>
          <ns3:TrackPointExtension>
            <ns3:hr>111</ns3:hr>
          </ns3:TrackPointExtension>
        </extensions>
      </trkpt>
      <trkpt lat="36.67467794381082057952880859375" lon="117.29236210696399211883544921875">
        <ele>115</ele>
        <time>2026-08-23T11:10:38.000Z</time>
        <extensions>
          <ns3:TrackPointExtension>
            <ns3:hr>114</ns3:hr>
          </ns3:TrackPointExtension>
        </extensions>
      </trkpt>
      <trkpt lat="36.67464961297810077667236328125" lon="117.29233863763511180877685546875">
        <ele>115.1999969482421875</ele>
        <time>2026-08-23T11:10:41.000Z</time>
        <extensions>
          <ns3:TrackPointExtension>
            <ns3:hr>113</ns3:hr>
          </ns3:TrackPointExtension>
        </extensions>
      </trkpt>
      <trkpt lat="36.67462580837309360504150390625" lon="117.29233176447451114654541015625">
        <ele>115.1999969482421875</ele>
        <time>2026-08-23T11:10:43.000Z</time>
        <extensions>
          <ns3:TrackPointExtension>
            <ns3:hr>114</ns3:hr>
          </ns3:TrackPointExtension>
        </extensions>
      </trkpt>
      <trkpt lat="36.6745541431009769439697265625" lon="117.2923124022781848907470703125">
        <ele>115.1999969482421875</ele>
        <time>2026-08-23T11:10:49.000Z</time>
        <extensions>
          <ns3:TrackPointExtension>
            <ns3:hr>116</ns3:hr>
          </ns3:TrackPointExtension>
        </extensions>
      </trkpt>
      <trkpt lat="36.674480549991130828857421875" lon="117.29233209975063800811767578125">
        <ele>115.40000152587890625</ele>
        <time>2026-08-23T11:10:54.000Z</time>
        <extensions>
          <ns3:TrackPointExtension>
            <ns3:hr>116</ns3:hr>
          </ns3:TrackPointExtension>
        </extensions>
      </trkpt>
      <trkpt lat="36.6744113154709339141845703125" lon="117.2923341952264308929443359375">
        <ele>115.59999847412109375</ele>
        <time>2026-08-23T11:11:00.000Z</time>
        <extensions>
          <ns3:TrackPointExtension>
            <ns3:hr>118</ns3:hr>
          </ns3:TrackPointExtension>
        </extensions>
      </trkpt>
      <trkpt lat="36.674369238317012786865234375" lon="117.2923405654728412628173828125">
        <ele>115.59999847412109375</ele>
        <time>2026-08-23T11:11:05.000Z</time>
        <extensions>
          <ns3:TrackPointExtension>
            <ns3:hr>117</ns3:hr>
          </ns3:TrackPointExtension>
        </extensions>
      </trkpt>
      <trkpt lat="36.67436529882252216339111328125" lon="117.2923398949205875396728515625">
        <ele>115.59999847412109375</ele>
        <time>2026-08-23T11:11:06.000Z</time>
        <extensions>
          <ns3:TrackPointExtension>
            <ns3:hr>116</ns3:hr>
          </ns3:TrackPointExtension>
        </extensions>
      </trkpt>
      <trkpt lat="36.67432322166860103607177734375" lon="117.2923539765179157257080078125">
        <ele>115.59999847412109375</ele>
        <time>2026-08-23T11:11:09.000Z</time>
        <extensions>
          <ns3:TrackPointExtension>
            <ns3:hr>116</ns3:hr>
          </ns3:TrackPointExtension>
        </extensions>
      </trkpt>
      <trkpt lat="36.6742426715791225433349609375" lon="117.29239244945347309112548828125">
        <ele>116</ele>
        <time>2026-08-23T11:11:15.000Z</time>
        <extensions>
          <ns3:TrackPointExtension>
            <ns3:hr>114</ns3:hr>
          </ns3:TrackPointExtension>
        </extensions>
      </trkpt>
      <trkpt lat="36.6741618700325489044189453125" lon="117.2924408130347728729248046875">
        <ele>116</ele>
        <time>2026-08-23T11:11:22.000Z</time>
        <extensions>
          <ns3:TrackPointExtension>
            <ns3:hr>112</ns3:hr>
          </ns3:TrackPointExtension>
        </extensions>
      </trkpt>
      <trkpt lat="36.67409707792103290557861328125" lon="117.29249806143343448638916015625">
        <ele>116.1999969482421875</ele>
        <time>2026-08-23T11:11:28.000Z</time>
        <extensions>
          <ns3:TrackPointExtension>
            <ns3:hr>113</ns3:hr>
          </ns3:TrackPointExtension>
        </extensions>
      </trkpt>
      <trkpt lat="36.67408769018948078155517578125" lon="117.2925107181072235107421875">
        <ele>116.40000152587890625</ele>
        <time>2026-08-23T11:11:29.000Z</time>
        <extensions>
          <ns3:TrackPointExtension>
            <ns3:hr>112</ns3:hr>
          </ns3:TrackPointExtension>
        </extensions>
      </trkpt>
      <trkpt lat="36.67407209984958171844482421875" lon="117.29252454824745655059814453125">
        <ele>116.40000152587890625</ele>
        <time>2026-08-23T11:11:31.000Z</time>
        <extensions>
          <ns3:TrackPointExtension>
            <ns3:hr>109</ns3:hr>
          </ns3:TrackPointExtension>
        </extensions>
      </trkpt>
      <trkpt lat="36.6740582697093486785888671875" lon="117.2925375401973724365234375">
        <ele>116.40000152587890625</ele>
        <time>2026-08-23T11:11:33.000Z</time>
        <extensions>
          <ns3:TrackPointExtension>
            <ns3:hr>108</ns3:hr>
          </ns3:TrackPointExtension>
        </extensions>
      </trkpt>
      <trkpt lat="36.674020551145076751708984375" lon="117.292564027011394500732421875">
        <ele>116.40000152587890625</ele>
        <time>2026-08-23T11:11:38.000Z</time>
        <extensions>
          <ns3:TrackPointExtension>
            <ns3:hr>108</ns3:hr>
          </ns3:TrackPointExtension>
        </extensions>
      </trkpt>
      <trkpt lat="36.67398668825626373291015625" lon="117.2925885021686553955078125">
        <ele>116.40000152587890625</ele>
        <time>2026-08-23T11:11:41.000Z</time>
        <extensions>
          <ns3:TrackPointExtension>
            <ns3:hr>105</ns3:hr>
          </ns3:TrackPointExtension>
        </extensions>
      </trkpt>
      <trkpt lat="36.67395651340484619140625" lon="117.29261641390621662139892578125">
        <ele>116.40000152587890625</ele>
        <time>2026-08-23T11:11:44.000Z</time>
        <extensions>
          <ns3:TrackPointExtension>
            <ns3:hr>105</ns3:hr>
          </ns3:TrackPointExtension>
        </extensions>
      </trkpt>
      <trkpt lat="36.6739147715270519256591796875" lon="117.29264558292925357818603515625">
        <ele>116.40000152587890625</ele>
        <time>2026-08-23T11:11:48.000Z</time>
        <extensions>
          <ns3:TrackPointExtension>
            <ns3:hr>108</ns3:hr>
          </ns3:TrackPointExtension>
        </extensions>
      </trkpt>
      <trkpt lat="36.67388317175209522247314453125" lon="117.29266838170588016510009765625">
        <ele>116.40000152587890625</ele>
        <time>2026-08-23T11:11:51.000Z</time>
        <extensions>
          <ns3:TrackPointExtension>
            <ns3:hr>109</ns3:hr>
          </ns3:TrackPointExtension>
        </extensions>
      </trkpt>
      <trkpt lat="36.67381460778415203094482421875" lon="117.29270274750888347625732421875">
        <ele>116.1999969482421875</ele>
        <time>2026-08-23T11:11:57.000Z</time>
        <extensions>
          <ns3:TrackPointExtension>
            <ns3:hr>110</ns3:hr>
          </ns3:TrackPointExtension>
        </extensions>
      </trkpt>
      <trkpt lat="36.673714779317378997802734375" lon="117.29273644275963306427001953125">
        <ele>116.1999969482421875</ele>
        <time>2026-08-23T11:12:04.000Z</time>
        <extensions>
          <ns3:TrackPointExtension>
            <ns3:hr>113</ns3:hr>
          </ns3:TrackPointExtension>
        </extensions>
      </trkpt>
      <trkpt lat="36.6736556030809879302978515625" lon="117.29276963509619235992431640625">
        <ele>116</ele>
        <time>2026-08-23T11:12:09.000Z</time>
        <extensions>
          <ns3:TrackPointExtension>
            <ns3:hr>113</ns3:hr>
          </ns3:TrackPointExtension>
        </extensions>
      </trkpt>
      <trkpt lat="36.67364512570202350616455078125" lon="117.292764522135257720947265625">
        <ele>116.1999969482421875</ele>
        <time>2026-08-23T11:12:10.000Z</time>
        <extensions>
          <ns3:TrackPointExtension>
            <ns3:hr>114</ns3:hr>
          </ns3:TrackPointExtension>
        </extensions>
      </trkpt>
      <trkpt lat="36.6736038029193878173828125" lon="117.29276041500270366668701171875">
        <ele>116.1999969482421875</ele>
        <time>2026-08-23T11:12:13.000Z</time>
        <extensions>
          <ns3:TrackPointExtension>
            <ns3:hr>111</ns3:hr>
          </ns3:TrackPointExtension>
        </extensions>
      </trkpt>
      <trkpt lat="36.67358930222690105438232421875" lon="117.2927579842507839202880859375">
        <ele>116.1999969482421875</ele>
        <time>2026-08-23T11:12:14.000Z</time>
        <extensions>
          <ns3:TrackPointExtension>
            <ns3:hr>109</ns3:hr>
          </ns3:TrackPointExtension>
        </extensions>
      </trkpt>
      <trkpt lat="36.67349810712039470672607421875" lon="117.292766869068145751953125">
        <ele>116.1999969482421875</ele>
        <time>2026-08-23T11:12:20.000Z</time>
        <extensions>
          <ns3:TrackPointExtension>
            <ns3:hr>107</ns3:hr>
          </ns3:TrackPointExtension>
        </extensions>
      </trkpt>
      <trkpt lat="36.6734772361814975738525390625" lon="117.29277147911489009857177734375">
        <ele>116.1999969482421875</ele>
        <time>2026-08-23T11:12:22.000Z</time>
        <extensions>
          <ns3:TrackPointExtension>
            <ns3:hr>107</ns3:hr>
          </ns3:TrackPointExtension>
        </extensions>
      </trkpt>
      <trkpt lat="36.67343817651271820068359375" lon="117.29277424514293670654296875">
        <ele>116.1999969482421875</ele>
        <time>2026-08-23T11:12:25.000Z</time>
        <extensions>
          <ns3:TrackPointExtension>
            <ns3:hr>107</ns3:hr>
          </ns3:TrackPointExtension>
        </extensions>
      </trkpt>
      <trkpt lat="36.67336232028901576995849609375" lon="117.292767874896526336669921875">
        <ele>116.40000152587890625</ele>
        <time>2026-08-23T11:12:31.000Z</time>
        <extensions>
          <ns3:TrackPointExtension>
            <ns3:hr>108</ns3:hr>
          </ns3:TrackPointExtension>
        </extensions>
      </trkpt>
      <trkpt lat="36.6732804290950298309326171875" lon="117.2927408851683139801025390625">
        <ele>116.1999969482421875</ele>
        <time>2026-08-23T11:12:37.000Z</time>
        <extensions>
          <ns3:TrackPointExtension>
            <ns3:hr>109</ns3:hr>
          </ns3:TrackPointExtension>
        </extensions>
      </trkpt>
      <trkpt lat="36.673220582306385040283203125" lon="117.29271012358367443084716796875">
        <ele>116.40000152587890625</ele>
        <time>2026-08-23T11:12:43.000Z</time>
        <extensions>
          <ns3:TrackPointExtension>
            <ns3:hr>109</ns3:hr>
          </ns3:TrackPointExtension>
        </extensions>
      </trkpt>
      <trkpt lat="36.6731687821447849273681640625" lon="117.29268296621739864349365234375">
        <ele>116.40000152587890625</ele>
        <time>2026-08-23T11:12:47.000Z</time>
        <extensions>
          <ns3:TrackPointExtension>
            <ns3:hr>111</ns3:hr>
          </ns3:TrackPointExtension>
        </extensions>
      </trkpt>
      <trkpt lat="36.67315788567066192626953125" lon="117.29267726652324199676513671875">
        <ele>116.40000152587890625</ele>
        <time>2026-08-23T11:12:48.000Z</time>
        <extensions>
          <ns3:TrackPointExtension>
            <ns3:hr>111</ns3:hr>
          </ns3:TrackPointExtension>
        </extensions>
      </trkpt>
      <trkpt lat="36.673119999468326568603515625" lon="117.2926617600023746490478515625">
        <ele>116.59999847412109375</ele>
        <time>2026-08-23T11:12:51.000Z</time>
        <extensions>
          <ns3:TrackPointExtension>
            <ns3:hr>107</ns3:hr>
          </ns3:TrackPointExtension>
        </extensions>
      </trkpt>
      <trkpt lat="36.67309896089136600494384765625" lon="117.29264306835830211639404296875">
        <ele>116.59999847412109375</ele>
        <time>2026-08-23T11:12:53.000Z</time>
        <extensions>
          <ns3:TrackPointExtension>
            <ns3:hr>107</ns3:hr>
          </ns3:TrackPointExtension>
        </extensions>
      </trkpt>
      <trkpt lat="36.6730319894850254058837890625" lon="117.29260082356631755828857421875">
        <ele>116.59999847412109375</ele>
        <time>2026-08-23T11:12:59.000Z</time>
        <extensions>
          <ns3:TrackPointExtension>
            <ns3:hr>109</ns3:hr>
          </ns3:TrackPointExtension>
        </extensions>
      </trkpt>
      <trkpt lat="36.67296451516449451446533203125" lon="117.2925501130521297454833984375">
        <ele>116.8000030517578125</ele>
        <time>2026-08-23T11:13:05.000Z</time>
        <extensions>
          <ns3:TrackPointExtension>
            <ns3:hr>107</ns3:hr>
          </ns3:TrackPointExtension>
        </extensions>
      </trkpt>
      <trkpt lat="36.672922857105731964111328125" lon="117.29252287186682224273681640625">
        <ele>117</ele>
        <time>2026-08-23T11:13:10.000Z</time>
        <extensions>
          <ns3:TrackPointExtension>
            <ns3:hr>108</ns3:hr>
          </ns3:TrackPointExtension>
        </extensions>
      </trkpt>
      <trkpt lat="36.67292444966733455657958984375" lon="117.29251784272491931915283203125">
        <ele>117</ele>
        <time>2026-08-23T11:13:12.000Z</time>
        <extensions>
          <ns3:TrackPointExtension>
            <ns3:hr>110</ns3:hr>
          </ns3:TrackPointExtension>
        </extensions>
      </trkpt>
      <trkpt lat="36.67292880825698375701904296875" lon="117.29252840392291545867919921875">
        <ele>117</ele>
        <time>2026-08-23T11:13:15.000Z</time>
        <extensions>
          <ns3:TrackPointExtension>
            <ns3:hr>110</ns3:hr>
          </ns3:TrackPointExtension>
        </extensions>
      </trkpt>
      <trkpt lat="36.67289100587368011474609375" lon="117.29251465760171413421630859375">
        <ele>117</ele>
        <time>2026-08-23T11:13:23.000Z</time>
        <extensions>
          <ns3:TrackPointExtension>
            <ns3:hr>112</ns3:hr>
          </ns3:TrackPointExtension>
        </extensions>
      </trkpt>
      <trkpt lat="36.67283090762794017791748046875" lon="117.29248699732124805450439453125">
        <ele>117.1999969482421875</ele>
        <time>2026-08-23T11:13:28.000Z</time>
        <extensions>
          <ns3:TrackPointExtension>
            <ns3:hr>114</ns3:hr>
          </ns3:TrackPointExtension>
        </extensions>
      </trkpt>
      <trkpt lat="36.6728066839277744293212890625" lon="117.2924736700952053070068359375">
        <ele>117</ele>
        <time>2026-08-23T11:13:30.000Z</time>
        <extensions>
          <ns3:TrackPointExtension>
            <ns3:hr>110</ns3:hr>
          </ns3:TrackPointExtension>
        </extensions>
      </trkpt>
      <trkpt lat="36.672758571803569793701171875" lon="117.29244039393961429595947265625">
        <ele>117.1999969482421875</ele>
        <time>2026-08-23T11:13:34.000Z</time>
        <extensions>
          <ns3:TrackPointExtension>
            <ns3:hr>111</ns3:hr>
          </ns3:TrackPointExtension>
        </extensions>
      </trkpt>
      <trkpt lat="36.67271607555449008941650390625" lon="117.292394377291202545166015625">
        <ele>117.1999969482421875</ele>
        <time>2026-08-23T11:13:39.000Z</time>
        <extensions>
          <ns3:TrackPointExtension>
            <ns3:hr>114</ns3:hr>
          </ns3:TrackPointExtension>
        </extensions>
      </trkpt>
      <trkpt lat="36.67269277386367321014404296875" lon="117.29235908947885036468505859375">
        <ele>117.40000152587890625</ele>
        <time>2026-08-23T11:13:42.000Z</time>
        <extensions>
          <ns3:TrackPointExtension>
            <ns3:hr>113</ns3:hr>
          </ns3:TrackPointExtension>
        </extensions>
      </trkpt>
      <trkpt lat="36.67268087156116962432861328125" lon="117.2923486120998859405517578125">
        <ele>117.59999847412109375</ele>
        <time>2026-08-23T11:13:44.000Z</time>
        <extensions>
          <ns3:TrackPointExtension>
            <ns3:hr>111</ns3:hr>
          </ns3:TrackPointExtension>
        </extensions>
      </trkpt>
      <trkpt lat="36.6726279817521572113037109375" lon="117.2922929562628269195556640625">
        <ele>117.40000152587890625</ele>
        <time>2026-08-23T11:13:49.000Z</time>
        <extensions>
          <ns3:TrackPointExtension>
            <ns3:hr>110</ns3:hr>
          </ns3:TrackPointExtension>
        </extensions>
      </trkpt>
      <trkpt lat="36.6725716553628444671630859375" lon="117.29220737703144550323486328125">
        <ele>117.8000030517578125</ele>
        <time>2026-08-23T11:13:54.000Z</time>
        <extensions>
          <ns3:TrackPointExtension>
            <ns3:hr>111</ns3:hr>
          </ns3:TrackPointExtension>
        </extensions>
      </trkpt>
      <trkpt lat="36.67252362705767154693603515625" lon="117.29214602150022983551025390625">
        <ele>117.59999847412109375</ele>
        <time>2026-08-23T11:13:59.000Z</time>
        <extensions>
          <ns3:TrackPointExtension>
            <ns3:hr>111</ns3:hr>
          </ns3:TrackPointExtension>
        </extensions>
      </trkpt>
      <trkpt lat="36.672493033111095428466796875" lon="117.29212246835231781005859375">
        <ele>117.59999847412109375</ele>
        <time>2026-08-23T11:14:02.000Z</time>
        <extensions>
          <ns3:TrackPointExtension>
            <ns3:hr>114</ns3:hr>
          </ns3:TrackPointExtension>
        </extensions>
      </trkpt>
      <trkpt lat="36.67246478609740734100341796875" lon="117.29208223521709442138671875">
        <ele>117.8000030517578125</ele>
        <time>2026-08-23T11:14:06.000Z</time>
        <extensions>
          <ns3:TrackPointExtension>
            <ns3:hr>116</ns3:hr>
          </ns3:TrackPointExtension>
        </extensions>
      </trkpt>
      <trkpt lat="36.67244668118655681610107421875" lon="117.29205365292727947235107421875">
        <ele>117.8000030517578125</ele>
        <time>2026-08-23T11:14:08.000Z</time>
        <extensions>
          <ns3:TrackPointExtension>
            <ns3:hr>116</ns3:hr>
          </ns3:TrackPointExtension>
        </extensions>
      </trkpt>
      <trkpt lat="36.67242120020091533660888671875" lon="117.29201341979205608367919921875">
        <ele>117.8000030517578125</ele>
        <time>2026-08-23T11:14:11.000Z</time>
        <extensions>
          <ns3:TrackPointExtension>
            <ns3:hr>111</ns3:hr>
          </ns3:TrackPointExtension>
        </extensions>
      </trkpt>
      <trkpt lat="36.67239856906235218048095703125" lon="117.2919798083603382110595703125">
        <ele>118</ele>
        <time>2026-08-23T11:14:14.000Z</time>
        <extensions>
          <ns3:TrackPointExtension>
            <ns3:hr>108</ns3:hr>
          </ns3:TrackPointExtension>
        </extensions>
      </trkpt>
      <trkpt lat="36.67237912304699420928955078125" lon="117.2919449396431446075439453125">
        <ele>118</ele>
        <time>2026-08-23T11:14:17.000Z</time>
        <extensions>
          <ns3:TrackPointExtension>
            <ns3:hr>109</ns3:hr>
          </ns3:TrackPointExtension>
        </extensions>
      </trkpt>
      <trkpt lat="36.67236864566802978515625" lon="117.2919338755309581756591796875">
        <ele>118</ele>
        <time>2026-08-23T11:14:18.000Z</time>
        <extensions>
          <ns3:TrackPointExtension>
            <ns3:hr>112</ns3:hr>
          </ns3:TrackPointExtension>
        </extensions>
      </trkpt>
      <trkpt lat="36.6723493672907352447509765625" lon="117.29189288802444934844970703125">
        <ele>118.1999969482421875</ele>
        <time>2026-08-23T11:14:21.000Z</time>
        <extensions>
          <ns3:TrackPointExtension>
            <ns3:hr>116</ns3:hr>
          </ns3:TrackPointExtension>
        </extensions>
      </trkpt>
      <trkpt lat="36.6723359562456607818603515625" lon="117.2918738611042499542236328125">
        <ele>118.1999969482421875</ele>
        <time>2026-08-23T11:14:23.000Z</time>
        <extensions>
          <ns3:TrackPointExtension>
            <ns3:hr>116</ns3:hr>
          </ns3:TrackPointExtension>
        </extensions>
      </trkpt>
      <trkpt lat="36.67230335064232349395751953125" lon="117.29182767681777477264404296875">
        <ele>118.1999969482421875</ele>
        <time>2026-08-23T11:14:27.000Z</time>
        <extensions>
          <ns3:TrackPointExtension>
            <ns3:hr>114</ns3:hr>
          </ns3:TrackPointExtension>
        </extensions>
      </trkpt>
      <trkpt lat="36.672292537987232208251953125" lon="117.29180957190692424774169921875">
        <ele>118.40000152587890625</ele>
        <time>2026-08-23T11:14:29.000Z</time>
        <extensions>
          <ns3:TrackPointExtension>
            <ns3:hr>112</ns3:hr>
          </ns3:TrackPointExtension>
        </extensions>
      </trkpt>
      <trkpt lat="36.67226227931678295135498046875" lon="117.291735224425792694091796875">
        <ele>118.40000152587890625</ele>
        <time>2026-08-23T11:14:35.000Z</time>
        <extensions>
          <ns3:TrackPointExtension>
            <ns3:hr>112</ns3:hr>
          </ns3:TrackPointExtension>
        </extensions>
      </trkpt>
      <trkpt lat="36.67221374809741973876953125" lon="117.29164713062345981597900390625">
        <ele>118.40000152587890625</ele>
        <time>2026-08-23T11:14:42.000Z</time>
        <extensions>
          <ns3:TrackPointExtension>
            <ns3:hr>112</ns3:hr>
          </ns3:TrackPointExtension>
        </extensions>
      </trkpt>
      <trkpt lat="36.67218415997922420501708984375" lon="117.29158426634967327117919921875">
        <ele>118.59999847412109375</ele>
        <time>2026-08-23T11:14:47.000Z</time>
        <extensions>
          <ns3:TrackPointExtension>
            <ns3:hr>112</ns3:hr>
          </ns3:TrackPointExtension>
        </extensions>
      </trkpt>
      <trkpt lat="36.6721594333648681640625" lon="117.2915365733206272125244140625">
        <ele>118.59999847412109375</ele>
        <time>2026-08-23T11:14:51.000Z</time>
        <extensions>
          <ns3:TrackPointExtension>
            <ns3:hr>112</ns3:hr>
          </ns3:TrackPointExtension>
        </extensions>
      </trkpt>
      <trkpt lat="36.6721528954803943634033203125" lon="117.29152475483715534210205078125">
        <ele>118.59999847412109375</ele>
        <time>2026-08-23T11:14:52.000Z</time>
        <extensions>
          <ns3:TrackPointExtension>
            <ns3:hr>112</ns3:hr>
          </ns3:TrackPointExtension>
        </extensions>
      </trkpt>
      <trkpt lat="36.67210738174617290496826171875" lon="117.2914571128785610198974609375">
        <ele>118.8000030517578125</ele>
        <time>2026-08-23T11:14:58.000Z</time>
        <extensions>
          <ns3:TrackPointExtension>
            <ns3:hr>112</ns3:hr>
          </ns3:TrackPointExtension>
        </extensions>
      </trkpt>
      <trkpt lat="36.6720499657094478607177734375" lon="117.29136281646788120269775390625">
        <ele>119</ele>
        <time>2026-08-23T11:15:06.000Z</time>
        <extensions>
          <ns3:TrackPointExtension>
            <ns3:hr>114</ns3:hr>
          </ns3:TrackPointExtension>
        </extensions>
      </trkpt>
      <trkpt lat="36.67202305980026721954345703125" lon="117.2913179732859134674072265625">
        <ele>119</ele>
        <time>2026-08-23T11:15:10.000Z</time>
        <extensions>
          <ns3:TrackPointExtension>
            <ns3:hr>114</ns3:hr>
          </ns3:TrackPointExtension>
        </extensions>
      </trkpt>
      <trkpt lat="36.67201585136353969573974609375" lon="117.29130565188825130462646484375">
        <ele>119</ele>
        <time>2026-08-23T11:15:11.000Z</time>
        <extensions>
          <ns3:TrackPointExtension>
            <ns3:hr>114</ns3:hr>
          </ns3:TrackPointExtension>
        </extensions>
      </trkpt>
      <trkpt lat="36.6719731874763965606689453125" lon="117.2912348248064517974853515625">
        <ele>119.1999969482421875</ele>
        <time>2026-08-23T11:15:17.000Z</time>
        <extensions>
          <ns3:TrackPointExtension>
            <ns3:hr>113</ns3:hr>
          </ns3:TrackPointExtension>
        </extensions>
      </trkpt>
      <trkpt lat="36.67195349000394344329833984375" lon="117.29119752533733844757080078125">
        <ele>119.1999969482421875</ele>
        <time>2026-08-23T11:15:20.000Z</time>
        <extensions>
          <ns3:TrackPointExtension>
            <ns3:hr>112</ns3:hr>
          </ns3:TrackPointExtension>
        </extensions>
      </trkpt>
      <trkpt lat="36.6719316132366657257080078125" lon="117.2911624051630496978759765625">
        <ele>119.1999969482421875</ele>
        <time>2026-08-23T11:15:23.000Z</time>
        <extensions>
          <ns3:TrackPointExtension>
            <ns3:hr>112</ns3:hr>
          </ns3:TrackPointExtension>
        </extensions>
      </trkpt>
      <trkpt lat="36.67189456522464752197265625" lon="117.29110247455537319183349609375">
        <ele>119.40000152587890625</ele>
        <time>2026-08-23T11:15:28.000Z</time>
        <extensions>
          <ns3:TrackPointExtension>
            <ns3:hr>112</ns3:hr>
          </ns3:TrackPointExtension>
        </extensions>
      </trkpt>
      <trkpt lat="36.67188542895019054412841796875" lon="117.2910919971764087677001953125">
        <ele>119.40000152587890625</ele>
        <time>2026-08-23T11:15:29.000Z</time>
        <extensions>
          <ns3:TrackPointExtension>
            <ns3:hr>112</ns3:hr>
          </ns3:TrackPointExtension>
        </extensions>
      </trkpt>
      <trkpt lat="36.6718380711972713470458984375" lon="117.29104111902415752410888671875">
        <ele>119.40000152587890625</ele>
        <time>2026-08-23T11:15:34.000Z</time>
        <extensions>
          <ns3:TrackPointExtension>
            <ns3:hr>112</ns3:hr>
          </ns3:TrackPointExtension>
        </extensions>
      </trkpt>
      <trkpt lat="36.67182616889476776123046875" lon="117.29102552868425846099853515625">
        <ele>119.40000152587890625</ele>
        <time>2026-08-23T11:15:35.000Z</time>
        <extensions>
          <ns3:TrackPointExtension>
            <ns3:hr>112</ns3:hr>
          </ns3:TrackPointExtension>
        </extensions>
      </trkpt>
      <trkpt lat="36.67182348668575286865234375" lon="117.29101329110562801361083984375">
        <ele>119.40000152587890625</ele>
        <time>2026-08-23T11:15:36.000Z</time>
        <extensions>
          <ns3:TrackPointExtension>
            <ns3:hr>112</ns3:hr>
          </ns3:TrackPointExtension>
        </extensions>
      </trkpt>
      <trkpt lat="36.6717971675097942352294921875" lon="117.2909753210842609405517578125">
        <ele>119.40000152587890625</ele>
        <time>2026-08-23T11:15:39.000Z</time>
        <extensions>
          <ns3:TrackPointExtension>
            <ns3:hr>112</ns3:hr>
          </ns3:TrackPointExtension>
        </extensions>
      </trkpt>
      <trkpt lat="36.6717914678156375885009765625" lon="117.29096232913434505462646484375">
        <ele>119.40000152587890625</ele>
        <time>2026-08-23T11:15:40.000Z</time>
        <extensions>
          <ns3:TrackPointExtension>
            <ns3:hr>112</ns3:hr>
          </ns3:TrackPointExtension>
        </extensions>
      </trkpt>
      <trkpt lat="36.67177009396255016326904296875" lon="117.29092947207391262054443359375">
        <ele>119.59999847412109375</ele>
        <time>2026-08-23T11:15:43.000Z</time>
        <extensions>
          <ns3:TrackPointExtension>
            <ns3:hr>111</ns3:hr>
          </ns3:TrackPointExtension>
        </extensions>
      </trkpt>
      <trkpt lat="36.67176288552582263946533203125" lon="117.2909203357994556427001953125">
        <ele>119.59999847412109375</ele>
        <time>2026-08-23T11:15:44.000Z</time>
        <extensions>
          <ns3:TrackPointExtension>
            <ns3:hr>111</ns3:hr>
          </ns3:TrackPointExtension>
        </extensions>
      </trkpt>
      <trkpt lat="36.67172064073383808135986328125" lon="117.29087884537875652313232421875">
        <ele>119.1999969482421875</ele>
        <time>2026-08-23T11:15:48.000Z</time>
        <extensions>
          <ns3:TrackPointExtension>
            <ns3:hr>111</ns3:hr>
          </ns3:TrackPointExtension>
        </extensions>
      </trkpt>
      <trkpt lat="36.67168644256889820098876953125" lon="117.2908445633947849273681640625">
        <ele>119.1999969482421875</ele>
        <time>2026-08-23T11:15:51.000Z</time>
        <extensions>
          <ns3:TrackPointExtension>
            <ns3:hr>112</ns3:hr>
          </ns3:TrackPointExtension>
        </extensions>
      </trkpt>
      <trkpt lat="36.67165853083133697509765625" lon="117.29081329889595508575439453125">
        <ele>119.1999969482421875</ele>
        <time>2026-08-23T11:15:54.000Z</time>
        <extensions>
          <ns3:TrackPointExtension>
            <ns3:hr>112</ns3:hr>
          </ns3:TrackPointExtension>
        </extensions>
      </trkpt>
      <trkpt lat="36.671632044017314910888671875" lon="117.29078513570129871368408203125">
        <ele>119.1999969482421875</ele>
        <time>2026-08-23T11:15:57.000Z</time>
        <extensions>
          <ns3:TrackPointExtension>
            <ns3:hr>108</ns3:hr>
          </ns3:TrackPointExtension>
        </extensions>
      </trkpt>
      <trkpt lat="36.67160932905972003936767578125" lon="117.29075579904019832611083984375">
        <ele>119.1999969482421875</ele>
        <time>2026-08-23T11:16:00.000Z</time>
        <extensions>
          <ns3:TrackPointExtension>
            <ns3:hr>109</ns3:hr>
          </ns3:TrackPointExtension>
        </extensions>
      </trkpt>
      <trkpt lat="36.67154990136623382568359375" lon="117.290636859834194183349609375">
        <ele>119.1999969482421875</ele>
        <time>2026-08-23T11:16:08.000Z</time>
        <extensions>
          <ns3:TrackPointExtension>
            <ns3:hr>108</ns3:hr>
          </ns3:TrackPointExtension>
        </extensions>
      </trkpt>
      <trkpt lat="36.67151360772550106048583984375" lon="117.2905585728585720062255859375">
        <ele>119.1999969482421875</ele>
        <time>2026-08-23T11:16:14.000Z</time>
        <extensions>
          <ns3:TrackPointExtension>
            <ns3:hr>108</ns3:hr>
          </ns3:TrackPointExtension>
        </extensions>
      </trkpt>
      <trkpt lat="36.6714843548834323883056640625" lon="117.2904948703944683074951171875">
        <ele>118.8000030517578125</ele>
        <time>2026-08-23T11:16:19.000Z</time>
        <extensions>
          <ns3:TrackPointExtension>
            <ns3:hr>111</ns3:hr>
          </ns3:TrackPointExtension>
        </extensions>
      </trkpt>
      <trkpt lat="36.6714810021221637725830078125" lon="117.2904861532151699066162109375">
        <ele>118.8000030517578125</ele>
        <time>2026-08-23T11:16:20.000Z</time>
        <extensions>
          <ns3:TrackPointExtension>
            <ns3:hr>111</ns3:hr>
          </ns3:TrackPointExtension>
        </extensions>
      </trkpt>
      <trkpt lat="36.671457700431346893310546875" lon="117.290416918694972991943359375">
        <ele>118.8000030517578125</ele>
        <time>2026-08-23T11:16:25.000Z</time>
        <extensions>
          <ns3:TrackPointExtension>
            <ns3:hr>112</ns3:hr>
          </ns3:TrackPointExtension>
        </extensions>
      </trkpt>
      <trkpt lat="36.6714374162256717681884765625" lon="117.29035816155374050140380859375">
        <ele>118.59999847412109375</ele>
        <time>2026-08-23T11:16:29.000Z</time>
        <extensions>
          <ns3:TrackPointExtension>
            <ns3:hr>115</ns3:hr>
          </ns3:TrackPointExtension>
        </extensions>
      </trkpt>
      <trkpt lat="36.671432219445705413818359375" lon="117.2903456725180149078369140625">
        <ele>118.59999847412109375</ele>
        <time>2026-08-23T11:16:30.000Z</time>
        <extensions>
          <ns3:TrackPointExtension>
            <ns3:hr>114</ns3:hr>
          </ns3:TrackPointExtension>
        </extensions>
      </trkpt>
      <trkpt lat="36.6714226640760898590087890625" lon="117.29027040302753448486328125">
        <ele>118.59999847412109375</ele>
        <time>2026-08-23T11:16:35.000Z</time>
        <extensions>
          <ns3:TrackPointExtension>
            <ns3:hr>111</ns3:hr>
          </ns3:TrackPointExtension>
        </extensions>
      </trkpt>
      <trkpt lat="36.67141470126807689666748046875" lon="117.29024098254740238189697265625">
        <ele>118.40000152587890625</ele>
        <time>2026-08-23T11:16:37.000Z</time>
        <extensions>
          <ns3:TrackPointExtension>
            <ns3:hr>111</ns3:hr>
          </ns3:TrackPointExtension>
        </extensions>
      </trkpt>
      <trkpt lat="36.67141017504036426544189453125" lon="117.29021198116242885589599609375">
        <ele>118.40000152587890625</ele>
        <time>2026-08-23T11:16:39.000Z</time>
        <extensions>
          <ns3:TrackPointExtension>
            <ns3:hr>110</ns3:hr>
          </ns3:TrackPointExtension>
        </extensions>
      </trkpt>
      <trkpt lat="36.6714085824787616729736328125" lon="117.29012061841785907745361328125">
        <ele>119</ele>
        <time>2026-08-23T11:16:45.000Z</time>
        <extensions>
          <ns3:TrackPointExtension>
            <ns3:hr>110</ns3:hr>
          </ns3:TrackPointExtension>
        </extensions>
      </trkpt>
      <trkpt lat="36.671400032937526702880859375" lon="117.290038727223873138427734375">
        <ele>118</ele>
        <time>2026-08-23T11:16:50.000Z</time>
        <extensions>
          <ns3:TrackPointExtension>
            <ns3:hr>111</ns3:hr>
          </ns3:TrackPointExtension>
        </extensions>
      </trkpt>
      <trkpt lat="36.671393327414989471435546875" lon="117.28998231701552867889404296875">
        <ele>118.1999969482421875</ele>
        <time>2026-08-23T11:16:54.000Z</time>
        <extensions>
          <ns3:TrackPointExtension>
            <ns3:hr>113</ns3:hr>
          </ns3:TrackPointExtension>
        </extensions>
      </trkpt>
      <trkpt lat="36.6713928245007991790771484375" lon="117.2898860089480876922607421875">
        <ele>118</ele>
        <time>2026-08-23T11:17:00.000Z</time>
        <extensions>
          <ns3:TrackPointExtension>
            <ns3:hr>111</ns3:hr>
          </ns3:TrackPointExtension>
        </extensions>
      </trkpt>
      <trkpt lat="36.6713924892246723175048828125" lon="117.28980143554508686065673828125">
        <ele>118.1999969482421875</ele>
        <time>2026-08-23T11:17:05.000Z</time>
        <extensions>
          <ns3:TrackPointExtension>
            <ns3:hr>110</ns3:hr>
          </ns3:TrackPointExtension>
        </extensions>
      </trkpt>
      <trkpt lat="36.6714085824787616729736328125" lon="117.289721556007862091064453125">
        <ele>118.1999969482421875</ele>
        <time>2026-08-23T11:17:11.000Z</time>
        <extensions>
          <ns3:TrackPointExtension>
            <ns3:hr>108</ns3:hr>
          </ns3:TrackPointExtension>
        </extensions>
      </trkpt>
      <trkpt lat="36.6714152880012989044189453125" lon="117.28967352770268917083740234375">
        <ele>118.1999969482421875</ele>
        <time>2026-08-23T11:17:14.000Z</time>
        <extensions>
          <ns3:TrackPointExtension>
            <ns3:hr>111</ns3:hr>
          </ns3:TrackPointExtension>
        </extensions>
      </trkpt>
      <trkpt lat="36.67141905985772609710693359375" lon="117.289636395871639251708984375">
        <ele>118.1999969482421875</ele>
        <time>2026-08-23T11:17:17.000Z</time>
        <extensions>
          <ns3:TrackPointExtension>
            <ns3:hr>111</ns3:hr>
          </ns3:TrackPointExtension>
        </extensions>
      </trkpt>
      <trkpt lat="36.6714360751211643218994140625" lon="117.28954914025962352752685546875">
        <ele>118.40000152587890625</ele>
        <time>2026-08-23T11:17:23.000Z</time>
        <extensions>
          <ns3:TrackPointExtension>
            <ns3:hr>110</ns3:hr>
          </ns3:TrackPointExtension>
        </extensions>
      </trkpt>
      <trkpt lat="36.67146298103034496307373046875" lon="117.2894729487597942352294921875">
        <ele>118.59999847412109375</ele>
        <time>2026-08-23T11:17:29.000Z</time>
        <extensions>
          <ns3:TrackPointExtension>
            <ns3:hr>112</ns3:hr>
          </ns3:TrackPointExtension>
        </extensions>
      </trkpt>
      <trkpt lat="36.67148326523602008819580078125" lon="117.28942274115979671478271484375">
        <ele>119</ele>
        <time>2026-08-23T11:17:33.000Z</time>
        <extensions>
          <ns3:TrackPointExtension>
            <ns3:hr>110</ns3:hr>
          </ns3:TrackPointExtension>
        </extensions>
      </trkpt>
      <trkpt lat="36.67148795910179615020751953125" lon="117.2893975116312503814697265625">
        <ele>119</ele>
        <time>2026-08-23T11:17:35.000Z</time>
        <extensions>
          <ns3:TrackPointExtension>
            <ns3:hr>110</ns3:hr>
          </ns3:TrackPointExtension>
        </extensions>
      </trkpt>
      <trkpt lat="36.6714960895478725433349609375" lon="117.2893572784960269927978515625">
        <ele>118.8000030517578125</ele>
        <time>2026-08-23T11:17:38.000Z</time>
        <extensions>
          <ns3:TrackPointExtension>
            <ns3:hr>110</ns3:hr>
          </ns3:TrackPointExtension>
        </extensions>
      </trkpt>
      <trkpt lat="36.67151025496423244476318359375" lon="117.289286367595195770263671875">
        <ele>118.59999847412109375</ele>
        <time>2026-08-23T11:17:43.000Z</time>
        <extensions>
          <ns3:TrackPointExtension>
            <ns3:hr>108</ns3:hr>
          </ns3:TrackPointExtension>
        </extensions>
      </trkpt>
      <trkpt lat="36.6715379990637302398681640625" lon="117.28922073729336261749267578125">
        <ele>118.59999847412109375</ele>
        <time>2026-08-23T11:17:48.000Z</time>
        <extensions>
          <ns3:TrackPointExtension>
            <ns3:hr>106</ns3:hr>
          </ns3:TrackPointExtension>
        </extensions>
      </trkpt>
      <trkpt lat="36.6715706884860992431640625" lon="117.28915988467633724212646484375">
        <ele>118.59999847412109375</ele>
        <time>2026-08-23T11:17:53.000Z</time>
        <extensions>
          <ns3:TrackPointExtension>
            <ns3:hr>109</ns3:hr>
          </ns3:TrackPointExtension>
        </extensions>
      </trkpt>
      <trkpt lat="36.67162106372416019439697265625" lon="117.28909199126064777374267578125">
        <ele>118.8000030517578125</ele>
        <time>2026-08-23T11:17:58.000Z</time>
        <extensions>
          <ns3:TrackPointExtension>
            <ns3:hr>112</ns3:hr>
          </ns3:TrackPointExtension>
        </extensions>
      </trkpt>
      <trkpt lat="36.67162961326539516448974609375" lon="117.28907958604395389556884765625">
        <ele>118.8000030517578125</ele>
        <time>2026-08-23T11:17:59.000Z</time>
        <extensions>
          <ns3:TrackPointExtension>
            <ns3:hr>112</ns3:hr>
          </ns3:TrackPointExtension>
        </extensions>
      </trkpt>
      <trkpt lat="36.67168267071247100830078125" lon="117.2890173085033893585205078125">
        <ele>119</ele>
        <time>2026-08-23T11:18:05.000Z</time>
        <extensions>
          <ns3:TrackPointExtension>
            <ns3:hr>110</ns3:hr>
          </ns3:TrackPointExtension>
        </extensions>
      </trkpt>
      <trkpt lat="36.6717418469488620758056640625" lon="117.2889375127851963043212890625">
        <ele>118.8000030517578125</ele>
        <time>2026-08-23T11:18:11.000Z</time>
        <extensions>
          <ns3:TrackPointExtension>
            <ns3:hr>109</ns3:hr>
          </ns3:TrackPointExtension>
        </extensions>
      </trkpt>
      <trkpt lat="36.67180378921329975128173828125" lon="117.28888194076716899871826171875">
        <ele>118.40000152587890625</ele>
        <time>2026-08-23T11:18:17.000Z</time>
        <extensions>
          <ns3:TrackPointExtension>
            <ns3:hr>108</ns3:hr>
          </ns3:TrackPointExtension>
        </extensions>
      </trkpt>
      <trkpt lat="36.67186179198324680328369140625" lon="117.28884422220289707183837890625">
        <ele>118.1999969482421875</ele>
        <time>2026-08-23T11:18:22.000Z</time>
        <extensions>
          <ns3:TrackPointExtension>
            <ns3:hr>108</ns3:hr>
          </ns3:TrackPointExtension>
        </extensions>
      </trkpt>
      <trkpt lat="36.671935804188251495361328125" lon="117.2887839563190937042236328125">
        <ele>117.8000030517578125</ele>
        <time>2026-08-23T11:18:29.000Z</time>
        <extensions>
          <ns3:TrackPointExtension>
            <ns3:hr>112</ns3:hr>
          </ns3:TrackPointExtension>
        </extensions>
      </trkpt>
      <trkpt lat="36.6719929687678813934326171875" lon="117.2887450642883777618408203125">
        <ele>117.40000152587890625</ele>
        <time>2026-08-23T11:18:34.000Z</time>
        <extensions>
          <ns3:TrackPointExtension>
            <ns3:hr>112</ns3:hr>
          </ns3:TrackPointExtension>
        </extensions>
      </trkpt>
      <trkpt lat="36.67200545780360698699951171875" lon="117.28873978368937969207763671875">
        <ele>117.40000152587890625</ele>
        <time>2026-08-23T11:18:35.000Z</time>
        <extensions>
          <ns3:TrackPointExtension>
            <ns3:hr>111</ns3:hr>
          </ns3:TrackPointExtension>
        </extensions>
      </trkpt>
      <trkpt lat="36.67204284109175205230712890625" lon="117.28872268460690975189208984375">
        <ele>117.1999969482421875</ele>
        <time>2026-08-23T11:18:38.000Z</time>
        <extensions>
          <ns3:TrackPointExtension>
            <ns3:hr>113</ns3:hr>
          </ns3:TrackPointExtension>
        </extensions>
      </trkpt>
      <trkpt lat="36.67209614999592304229736328125" lon="117.28870801627635955810546875">
        <ele>117.1999969482421875</ele>
        <time>2026-08-23T11:18:42.000Z</time>
        <extensions>
          <ns3:TrackPointExtension>
            <ns3:hr>116</ns3:hr>
          </ns3:TrackPointExtension>
        </extensions>
      </trkpt>
      <trkpt lat="36.6721069626510143280029296875" lon="117.288698963820934295654296875">
        <ele>117</ele>
        <time>2026-08-23T11:18:43.000Z</time>
        <extensions>
          <ns3:TrackPointExtension>
            <ns3:hr>116</ns3:hr>
          </ns3:TrackPointExtension>
        </extensions>
      </trkpt>
      <trkpt lat="36.672140993177890777587890625" lon="117.28868412785232067108154296875">
        <ele>117</ele>
        <time>2026-08-23T11:18:46.000Z</time>
        <extensions>
          <ns3:TrackPointExtension>
            <ns3:hr>115</ns3:hr>
          </ns3:TrackPointExtension>
        </extensions>
      </trkpt>
      <trkpt lat="36.67215851135551929473876953125" lon="117.28867306374013423919677734375">
        <ele>117.1999969482421875</ele>
        <time>2026-08-23T11:18:48.000Z</time>
        <extensions>
          <ns3:TrackPointExtension>
            <ns3:hr>112</ns3:hr>
          </ns3:TrackPointExtension>
        </extensions>
      </trkpt>
      <trkpt lat="36.67216823436319828033447265625" lon="117.28866870515048503875732421875">
        <ele>117.40000152587890625</ele>
        <time>2026-08-23T11:18:49.000Z</time>
        <extensions>
          <ns3:TrackPointExtension>
            <ns3:hr>108</ns3:hr>
          </ns3:TrackPointExtension>
        </extensions>
      </trkpt>
      <trkpt lat="36.67217762209475040435791015625" lon="117.2886615805327892303466796875">
        <ele>117.59999847412109375</ele>
        <time>2026-08-23T11:18:50.000Z</time>
        <extensions>
          <ns3:TrackPointExtension>
            <ns3:hr>103</ns3:hr>
          </ns3:TrackPointExtension>
        </extensions>
      </trkpt>
      <trkpt lat="36.67219363152980804443359375" lon="117.28865244425833225250244140625">
        <ele>117.1999969482421875</ele>
        <time>2026-08-23T11:18:52.000Z</time>
        <extensions>
          <ns3:TrackPointExtension>
            <ns3:hr>100</ns3:hr>
          </ns3:TrackPointExtension>
        </extensions>
      </trkpt>
      <trkpt lat="36.6722219623625278472900390625" lon="117.2886424697935581207275390625">
        <ele>116.8000030517578125</ele>
        <time>2026-08-23T11:18:54.000Z</time>
        <extensions>
          <ns3:TrackPointExtension>
            <ns3:hr>98</ns3:hr>
          </ns3:TrackPointExtension>
        </extensions>
      </trkpt>
      <trkpt lat="36.672242917120456695556640625" lon="117.28863718919456005096435546875">
        <ele>116.40000152587890625</ele>
        <time>2026-08-23T11:18:56.000Z</time>
        <extensions>
          <ns3:TrackPointExtension>
            <ns3:hr>99</ns3:hr>
          </ns3:TrackPointExtension>
        </extensions>
      </trkpt>
      <trkpt lat="36.672268398106098175048828125" lon="117.28863350115716457366943359375">
        <ele>116.1999969482421875</ele>
        <time>2026-08-23T11:18:58.000Z</time>
        <extensions>
          <ns3:TrackPointExtension>
            <ns3:hr>102</ns3:hr>
          </ns3:TrackPointExtension>
        </extensions>
      </trkpt>
      <trkpt lat="36.6722792945802211761474609375" lon="117.2886324115097522735595703125">
        <ele>116.1999969482421875</ele>
        <time>2026-08-23T11:18:59.000Z</time>
        <extensions>
          <ns3:TrackPointExtension>
            <ns3:hr>103</ns3:hr>
          </ns3:TrackPointExtension>
        </extensions>
      </trkpt>
      <trkpt lat="36.67230091989040374755859375" lon="117.288625203073024749755859375">
        <ele>116.1999969482421875</ele>
        <time>2026-08-23T11:19:01.000Z</time>
        <extensions>
          <ns3:TrackPointExtension>
            <ns3:hr>106</ns3:hr>
          </ns3:TrackPointExtension>
        </extensions>
      </trkpt>
      <trkpt lat="36.67232346720993518829345703125" lon="117.28861740790307521820068359375">
        <ele>116.1999969482421875</ele>
        <time>2026-08-23T11:19:03.000Z</time>
        <extensions>
          <ns3:TrackPointExtension>
            <ns3:hr>108</ns3:hr>
          </ns3:TrackPointExtension>
        </extensions>
      </trkpt>
      <trkpt lat="36.67233721353113651275634765625" lon="117.28862193413078784942626953125">
        <ele>116</ele>
        <time>2026-08-23T11:19:05.000Z</time>
        <extensions>
          <ns3:TrackPointExtension>
            <ns3:hr>112</ns3:hr>
          </ns3:TrackPointExtension>
        </extensions>
      </trkpt>
      <trkpt lat="36.67235196568071842193603515625" lon="117.28862092830240726470947265625">
        <ele>115.8000030517578125</ele>
        <time>2026-08-23T11:19:07.000Z</time>
        <extensions>
          <ns3:TrackPointExtension>
            <ns3:hr>116</ns3:hr>
          </ns3:TrackPointExtension>
        </extensions>
      </trkpt>
      <trkpt lat="36.6723634488880634307861328125" lon="117.288609445095062255859375">
        <ele>115.8000030517578125</ele>
        <time>2026-08-23T11:19:08.000Z</time>
        <extensions>
          <ns3:TrackPointExtension>
            <ns3:hr>116</ns3:hr>
          </ns3:TrackPointExtension>
        </extensions>
      </trkpt>
      <trkpt lat="36.67241667397320270538330078125" lon="117.2886045835912227630615234375">
        <ele>115.8000030517578125</ele>
        <time>2026-08-23T11:19:13.000Z</time>
        <extensions>
          <ns3:TrackPointExtension>
            <ns3:hr>113</ns3:hr>
          </ns3:TrackPointExtension>
        </extensions>
      </trkpt>
      <trkpt lat="36.67242991738021373748779296875" lon="117.28859863243997097015380859375">
        <ele>115.8000030517578125</ele>
        <time>2026-08-23T11:19:14.000Z</time>
        <extensions>
          <ns3:TrackPointExtension>
            <ns3:hr>110</ns3:hr>
          </ns3:TrackPointExtension>
        </extensions>
      </trkpt>
      <trkpt lat="36.67245305143296718597412109375" lon="117.28859142400324344635009765625">
        <ele>115.59999847412109375</ele>
        <time>2026-08-23T11:19:16.000Z</time>
        <extensions>
          <ns3:TrackPointExtension>
            <ns3:hr>105</ns3:hr>
          </ns3:TrackPointExtension>
        </extensions>
      </trkpt>
      <trkpt lat="36.6724777780473232269287109375" lon="117.28859041817486286163330078125">
        <ele>115.59999847412109375</ele>
        <time>2026-08-23T11:19:18.000Z</time>
        <extensions>
          <ns3:TrackPointExtension>
            <ns3:hr>102</ns3:hr>
          </ns3:TrackPointExtension>
        </extensions>
      </trkpt>
      <trkpt lat="36.67250686325132846832275390625" lon="117.28858354501426219940185546875">
        <ele>115.59999847412109375</ele>
        <time>2026-08-23T11:19:20.000Z</time>
        <extensions>
          <ns3:TrackPointExtension>
            <ns3:hr>101</ns3:hr>
          </ns3:TrackPointExtension>
        </extensions>
      </trkpt>
      <trkpt lat="36.6725773550570011138916015625" lon="117.2885598242282867431640625">
        <ele>115.59999847412109375</ele>
        <time>2026-08-23T11:19:26.000Z</time>
        <extensions>
          <ns3:TrackPointExtension>
            <ns3:hr>102</ns3:hr>
          </ns3:TrackPointExtension>
        </extensions>
      </trkpt>
      <trkpt lat="36.67264952324330806732177734375" lon="117.28854440152645111083984375">
        <ele>115.40000152587890625</ele>
        <time>2026-08-23T11:19:31.000Z</time>
        <extensions>
          <ns3:TrackPointExtension>
            <ns3:hr>103</ns3:hr>
          </ns3:TrackPointExtension>
        </extensions>
      </trkpt>
      <trkpt lat="36.67266980744898319244384765625" lon="117.288528643548488616943359375">
        <ele>115.40000152587890625</ele>
        <time>2026-08-23T11:19:33.000Z</time>
        <extensions>
          <ns3:TrackPointExtension>
            <ns3:hr>107</ns3:hr>
          </ns3:TrackPointExtension>
        </extensions>
      </trkpt>
      <trkpt lat="36.67268020100891590118408203125" lon="117.28852436877787113189697265625">
        <ele>115.40000152587890625</ele>
        <time>2026-08-23T11:19:34.000Z</time>
        <extensions>
          <ns3:TrackPointExtension>
            <ns3:hr>122</ns3:hr>
          </ns3:TrackPointExtension>
        </extensions>
      </trkpt>
      <trkpt lat="36.672690846025943756103515625" lon="117.28851766325533390045166015625">
        <ele>115.40000152587890625</ele>
        <time>2026-08-23T11:19:35.000Z</time>
        <extensions>
          <ns3:TrackPointExtension>
            <ns3:hr>125</ns3:hr>
          </ns3:TrackPointExtension>
        </extensions>
      </trkpt>
      <trkpt lat="36.67269964702427387237548828125" lon="117.28850911371409893035888671875">
        <ele>115.40000152587890625</ele>
        <time>2026-08-23T11:19:36.000Z</time>
        <extensions>
          <ns3:TrackPointExtension>
            <ns3:hr>123</ns3:hr>
          </ns3:TrackPointExtension>
        </extensions>
      </trkpt>
      <trkpt lat="36.6727252118289470672607421875" lon="117.288502492010593414306640625">
        <ele>115.59999847412109375</ele>
        <time>2026-08-23T11:19:38.000Z</time>
        <extensions>
          <ns3:TrackPointExtension>
            <ns3:hr>119</ns3:hr>
          </ns3:TrackPointExtension>
        </extensions>
      </trkpt>
      <trkpt lat="36.67278799228370189666748046875" lon="117.2884828783571720123291015625">
        <ele>115.59999847412109375</ele>
        <time>2026-08-23T11:19:43.000Z</time>
        <extensions>
          <ns3:TrackPointExtension>
            <ns3:hr>116</ns3:hr>
          </ns3:TrackPointExtension>
        </extensions>
      </trkpt>
      <trkpt lat="36.6728009842336177825927734375" lon="117.2884818725287914276123046875">
        <ele>115.8000030517578125</ele>
        <time>2026-08-23T11:19:44.000Z</time>
        <extensions>
          <ns3:TrackPointExtension>
            <ns3:hr>116</ns3:hr>
          </ns3:TrackPointExtension>
        </extensions>
      </trkpt>
      <trkpt lat="36.6728140600025653839111328125" lon="117.28847743012011051177978515625">
        <ele>115.8000030517578125</ele>
        <time>2026-08-23T11:19:45.000Z</time>
        <extensions>
          <ns3:TrackPointExtension>
            <ns3:hr>113</ns3:hr>
          </ns3:TrackPointExtension>
        </extensions>
      </trkpt>
      <trkpt lat="36.67282571084797382354736328125" lon="117.28847474791109561920166015625">
        <ele>115.8000030517578125</ele>
        <time>2026-08-23T11:19:46.000Z</time>
        <extensions>
          <ns3:TrackPointExtension>
            <ns3:hr>110</ns3:hr>
          </ns3:TrackPointExtension>
        </extensions>
      </trkpt>
      <trkpt lat="36.672854125499725341796875" lon="117.28847022168338298797607421875">
        <ele>115.8000030517578125</ele>
        <time>2026-08-23T11:19:48.000Z</time>
        <extensions>
          <ns3:TrackPointExtension>
            <ns3:hr>107</ns3:hr>
          </ns3:TrackPointExtension>
        </extensions>
      </trkpt>
      <trkpt lat="36.672885976731777191162109375" lon="117.28846100158989429473876953125">
        <ele>115.8000030517578125</ele>
        <time>2026-08-23T11:19:50.000Z</time>
        <extensions>
          <ns3:TrackPointExtension>
            <ns3:hr>105</ns3:hr>
          </ns3:TrackPointExtension>
        </extensions>
      </trkpt>
      <trkpt lat="36.6729340888559818267822265625" lon="117.2884483449161052703857421875">
        <ele>116.1999969482421875</ele>
        <time>2026-08-23T11:19:54.000Z</time>
        <extensions>
          <ns3:TrackPointExtension>
            <ns3:hr>109</ns3:hr>
          </ns3:TrackPointExtension>
        </extensions>
      </trkpt>
      <trkpt lat="36.6729438118636608123779296875" lon="117.28844759054481983184814453125">
        <ele>116.40000152587890625</ele>
        <time>2026-08-23T11:19:55.000Z</time>
        <extensions>
          <ns3:TrackPointExtension>
            <ns3:hr>112</ns3:hr>
          </ns3:TrackPointExtension>
        </extensions>
      </trkpt>
      <trkpt lat="36.67295428924262523651123046875" lon="117.288445495069026947021484375">
        <ele>116.40000152587890625</ele>
        <time>2026-08-23T11:19:56.000Z</time>
        <extensions>
          <ns3:TrackPointExtension>
            <ns3:hr>112</ns3:hr>
          </ns3:TrackPointExtension>
        </extensions>
      </trkpt>
      <trkpt lat="36.6730091907083988189697265625" lon="117.2884288989007472991943359375">
        <ele>115.8000030517578125</ele>
        <time>2026-08-23T11:20:01.000Z</time>
        <extensions>
          <ns3:TrackPointExtension>
            <ns3:hr>110</ns3:hr>
          </ns3:TrackPointExtension>
        </extensions>
      </trkpt>
      <trkpt lat="36.6730681993067264556884765625" lon="117.288414649665355682373046875">
        <ele>115.8000030517578125</ele>
        <time>2026-08-23T11:20:06.000Z</time>
        <extensions>
          <ns3:TrackPointExtension>
            <ns3:hr>112</ns3:hr>
          </ns3:TrackPointExtension>
        </extensions>
      </trkpt>
      <trkpt lat="36.67312704026699066162109375" lon="117.2884111292660236358642578125">
        <ele>115.59999847412109375</ele>
        <time>2026-08-23T11:20:11.000Z</time>
        <extensions>
          <ns3:TrackPointExtension>
            <ns3:hr>111</ns3:hr>
          </ns3:TrackPointExtension>
        </extensions>
      </trkpt>
      <trkpt lat="36.67316325008869171142578125" lon="117.28839998133480548858642578125">
        <ele>115.8000030517578125</ele>
        <time>2026-08-23T11:20:14.000Z</time>
        <extensions>
          <ns3:TrackPointExtension>
            <ns3:hr>110</ns3:hr>
          </ns3:TrackPointExtension>
        </extensions>
      </trkpt>
      <trkpt lat="36.67318127118051052093505859375" lon="117.28839210234582424163818359375">
        <ele>116.1999969482421875</ele>
        <time>2026-08-23T11:20:16.000Z</time>
        <extensions>
          <ns3:TrackPointExtension>
            <ns3:hr>109</ns3:hr>
          </ns3:TrackPointExtension>
        </extensions>
      </trkpt>
      <trkpt lat="36.67323960922658443450927734375" lon="117.2883685491979122161865234375">
        <ele>115.1999969482421875</ele>
        <time>2026-08-23T11:20:21.000Z</time>
        <extensions>
          <ns3:TrackPointExtension>
            <ns3:hr>108</ns3:hr>
          </ns3:TrackPointExtension>
        </extensions>
      </trkpt>
      <trkpt lat="36.67329828254878520965576171875" lon="117.2883331775665283203125">
        <ele>114.8000030517578125</ele>
        <time>2026-08-23T11:20:26.000Z</time>
        <extensions>
          <ns3:TrackPointExtension>
            <ns3:hr>108</ns3:hr>
          </ns3:TrackPointExtension>
        </extensions>
      </trkpt>
      <trkpt lat="36.67335771024227142333984375" lon="117.2882652841508388519287109375">
        <ele>114.59999847412109375</ele>
        <time>2026-08-23T11:20:32.000Z</time>
        <extensions>
          <ns3:TrackPointExtension>
            <ns3:hr>106</ns3:hr>
          </ns3:TrackPointExtension>
        </extensions>
      </trkpt>
      <trkpt lat="36.67340959422290325164794921875" lon="117.28818322531878948211669921875">
        <ele>114.59999847412109375</ele>
        <time>2026-08-23T11:20:39.000Z</time>
        <extensions>
          <ns3:TrackPointExtension>
            <ns3:hr>107</ns3:hr>
          </ns3:TrackPointExtension>
        </extensions>
      </trkpt>
      <trkpt lat="36.6734557785093784332275390625" lon="117.288111560046672821044921875">
        <ele>114.59999847412109375</ele>
        <time>2026-08-23T11:20:45.000Z</time>
        <extensions>
          <ns3:TrackPointExtension>
            <ns3:hr>108</ns3:hr>
          </ns3:TrackPointExtension>
        </extensions>
      </trkpt>
      <trkpt lat="36.673470027744770050048828125" lon="117.2880684770643711090087890625">
        <ele>114.59999847412109375</ele>
        <time>2026-08-23T11:20:49.000Z</time>
        <extensions>
          <ns3:TrackPointExtension>
            <ns3:hr>109</ns3:hr>
          </ns3:TrackPointExtension>
        </extensions>
      </trkpt>
      <trkpt lat="36.67349425144493579864501953125" lon="117.2880020923912525177001953125">
        <ele>114.59999847412109375</ele>
        <time>2026-08-23T11:20:54.000Z</time>
        <extensions>
          <ns3:TrackPointExtension>
            <ns3:hr>109</ns3:hr>
          </ns3:TrackPointExtension>
        </extensions>
      </trkpt>
      <trkpt lat="36.6735342331230640411376953125" lon="117.2879437543451786041259765625">
        <ele>114.40000152587890625</ele>
        <time>2026-08-23T11:20:59.000Z</time>
        <extensions>
          <ns3:TrackPointExtension>
            <ns3:hr>110</ns3:hr>
          </ns3:TrackPointExtension>
        </extensions>
      </trkpt>
      <trkpt lat="36.6735758073627948760986328125" lon="117.28791316039860248565673828125">
        <ele>115</ele>
        <time>2026-08-23T11:21:03.000Z</time>
        <extensions>
          <ns3:TrackPointExtension>
            <ns3:hr>111</ns3:hr>
          </ns3:TrackPointExtension>
        </extensions>
      </trkpt>
      <trkpt lat="36.6736307926476001739501953125" lon="117.287878207862377166748046875">
        <ele>114.1999969482421875</ele>
        <time>2026-08-23T11:21:08.000Z</time>
        <extensions>
          <ns3:TrackPointExtension>
            <ns3:hr>110</ns3:hr>
          </ns3:TrackPointExtension>
        </extensions>
      </trkpt>
      <trkpt lat="36.673641689121723175048828125" lon="117.28787259198725223541259765625">
        <ele>114.1999969482421875</ele>
        <time>2026-08-23T11:21:09.000Z</time>
        <extensions>
          <ns3:TrackPointExtension>
            <ns3:hr>110</ns3:hr>
          </ns3:TrackPointExtension>
        </extensions>
      </trkpt>
      <trkpt lat="36.673693992197513580322265625" lon="117.2878471948206424713134765625">
        <ele>114</ele>
        <time>2026-08-23T11:21:14.000Z</time>
        <extensions>
          <ns3:TrackPointExtension>
            <ns3:hr>109</ns3:hr>
          </ns3:TrackPointExtension>
        </extensions>
      </trkpt>
      <trkpt lat="36.67376599274575710296630859375" lon="117.287861444056034088134765625">
        <ele>113.1999969482421875</ele>
        <time>2026-08-23T11:21:20.000Z</time>
        <extensions>
          <ns3:TrackPointExtension>
            <ns3:hr>110</ns3:hr>
          </ns3:TrackPointExtension>
        </extensions>
      </trkpt>
      <trkpt lat="36.6737783141434192657470703125" lon="117.28786538355052471160888671875">
        <ele>113.1999969482421875</ele>
        <time>2026-08-23T11:21:21.000Z</time>
        <extensions>
          <ns3:TrackPointExtension>
            <ns3:hr>110</ns3:hr>
          </ns3:TrackPointExtension>
        </extensions>
      </trkpt>
      <trkpt lat="36.67380203492939472198486328125" lon="117.28787259198725223541259765625">
        <ele>113.40000152587890625</ele>
        <time>2026-08-23T11:21:23.000Z</time>
        <extensions>
          <ns3:TrackPointExtension>
            <ns3:hr>110</ns3:hr>
          </ns3:TrackPointExtension>
        </extensions>
      </trkpt>
      <trkpt lat="36.6738205589354038238525390625" lon="117.2878716699779033660888671875">
        <ele>113.59999847412109375</ele>
        <time>2026-08-23T11:21:25.000Z</time>
        <extensions>
          <ns3:TrackPointExtension>
            <ns3:hr>110</ns3:hr>
          </ns3:TrackPointExtension>
        </extensions>
      </trkpt>
      <trkpt lat="36.673848219215869903564453125" lon="117.28788717649877071380615234375">
        <ele>113.1999969482421875</ele>
        <time>2026-08-23T11:21:29.000Z</time>
        <extensions>
          <ns3:TrackPointExtension>
            <ns3:hr>107</ns3:hr>
          </ns3:TrackPointExtension>
        </extensions>
      </trkpt>
      <trkpt lat="36.67386288754642009735107421875" lon="117.28789262473583221435546875">
        <ele>112.40000152587890625</ele>
        <time>2026-08-23T11:21:31.000Z</time>
        <extensions>
          <ns3:TrackPointExtension>
            <ns3:hr>107</ns3:hr>
          </ns3:TrackPointExtension>
        </extensions>
      </trkpt>
      <trkpt lat="36.67387529276311397552490234375" lon="117.287895977497100830078125">
        <ele>112</ele>
        <time>2026-08-23T11:21:32.000Z</time>
        <extensions>
          <ns3:TrackPointExtension>
            <ns3:hr>107</ns3:hr>
          </ns3:TrackPointExtension>
        </extensions>
      </trkpt>
      <trkpt lat="36.673922650516033172607421875" lon="117.28792615234851837158203125">
        <ele>111.59999847412109375</ele>
        <time>2026-08-23T11:21:36.000Z</time>
        <extensions>
          <ns3:TrackPointExtension>
            <ns3:hr>106</ns3:hr>
          </ns3:TrackPointExtension>
        </extensions>
      </trkpt>
      <trkpt lat="36.67393497191369533538818359375" lon="117.2879383899271488189697265625">
        <ele>111.40000152587890625</ele>
        <time>2026-08-23T11:21:37.000Z</time>
        <extensions>
          <ns3:TrackPointExtension>
            <ns3:hr>106</ns3:hr>
          </ns3:TrackPointExtension>
        </extensions>
      </trkpt>
      <trkpt lat="36.67396078817546367645263671875" lon="117.28796915151178836822509765625">
        <ele>111</ele>
        <time>2026-08-23T11:21:40.000Z</time>
        <extensions>
          <ns3:TrackPointExtension>
            <ns3:hr>106</ns3:hr>
          </ns3:TrackPointExtension>
        </extensions>
      </trkpt>
      <trkpt lat="36.6739694215357303619384765625" lon="117.28797770105302333831787109375">
        <ele>110.8000030517578125</ele>
        <time>2026-08-23T11:21:41.000Z</time>
        <extensions>
          <ns3:TrackPointExtension>
            <ns3:hr>106</ns3:hr>
          </ns3:TrackPointExtension>
        </extensions>
      </trkpt>
      <trkpt lat="36.673987023532390594482421875" lon="117.28799396194517612457275390625">
        <ele>110.59999847412109375</ele>
        <time>2026-08-23T11:21:43.000Z</time>
        <extensions>
          <ns3:TrackPointExtension>
            <ns3:hr>105</ns3:hr>
          </ns3:TrackPointExtension>
        </extensions>
      </trkpt>
      <trkpt lat="36.67400018312036991119384765625" lon="117.287995554506778717041015625">
        <ele>110.59999847412109375</ele>
        <time>2026-08-23T11:21:44.000Z</time>
        <extensions>
          <ns3:TrackPointExtension>
            <ns3:hr>102</ns3:hr>
          </ns3:TrackPointExtension>
        </extensions>
      </trkpt>
      <trkpt lat="36.67402499355375766754150390625" lon="117.287990860641002655029296875">
        <ele>110.1999969482421875</ele>
        <time>2026-08-23T11:21:46.000Z</time>
        <extensions>
          <ns3:TrackPointExtension>
            <ns3:hr>102</ns3:hr>
          </ns3:TrackPointExtension>
        </extensions>
      </trkpt>
      <trkpt lat="36.6740651428699493408203125" lon="117.28793512098491191864013671875">
        <ele>110</ele>
        <time>2026-08-23T11:21:50.000Z</time>
        <extensions>
          <ns3:TrackPointExtension>
            <ns3:hr>105</ns3:hr>
          </ns3:TrackPointExtension>
        </extensions>
      </trkpt>
      <trkpt lat="36.67407511733472347259521484375" lon="117.2879229672253131866455078125">
        <ele>109.8000030517578125</ele>
        <time>2026-08-23T11:21:51.000Z</time>
        <extensions>
          <ns3:TrackPointExtension>
            <ns3:hr>107</ns3:hr>
          </ns3:TrackPointExtension>
        </extensions>
      </trkpt>
      <trkpt lat="36.6740948148071765899658203125" lon="117.28789740242063999176025390625">
        <ele>109.59999847412109375</ele>
        <time>2026-08-23T11:21:53.000Z</time>
        <extensions>
          <ns3:TrackPointExtension>
            <ns3:hr>111</ns3:hr>
          </ns3:TrackPointExtension>
        </extensions>
      </trkpt>
      <trkpt lat="36.6741172783076763153076171875" lon="117.2878810577094554901123046875">
        <ele>109.59999847412109375</ele>
        <time>2026-08-23T11:21:55.000Z</time>
        <extensions>
          <ns3:TrackPointExtension>
            <ns3:hr>116</ns3:hr>
          </ns3:TrackPointExtension>
        </extensions>
      </trkpt>
      <trkpt lat="36.67412909679114818572998046875" lon="117.28787359781563282012939453125">
        <ele>109.59999847412109375</ele>
        <time>2026-08-23T11:21:56.000Z</time>
        <extensions>
          <ns3:TrackPointExtension>
            <ns3:hr>117</ns3:hr>
          </ns3:TrackPointExtension>
        </extensions>
      </trkpt>
      <trkpt lat="36.67418257333338260650634765625" lon="117.28782934136688709259033203125">
        <ele>109.40000152587890625</ele>
        <time>2026-08-23T11:22:01.000Z</time>
        <extensions>
          <ns3:TrackPointExtension>
            <ns3:hr>116</ns3:hr>
          </ns3:TrackPointExtension>
        </extensions>
      </trkpt>
      <trkpt lat="36.674224399030208587646484375" lon="117.287820875644683837890625">
        <ele>109.40000152587890625</ele>
        <time>2026-08-23T11:22:04.000Z</time>
        <extensions>
          <ns3:TrackPointExtension>
            <ns3:hr>122</ns3:hr>
          </ns3:TrackPointExtension>
        </extensions>
      </trkpt>
      <trkpt lat="36.67423789389431476593017578125" lon="117.28782012127339839935302734375">
        <ele>109.40000152587890625</ele>
        <time>2026-08-23T11:22:05.000Z</time>
        <extensions>
          <ns3:TrackPointExtension>
            <ns3:hr>125</ns3:hr>
          </ns3:TrackPointExtension>
        </extensions>
      </trkpt>
      <trkpt lat="36.67425180785357952117919921875" lon="117.28781525976955890655517578125">
        <ele>109.40000152587890625</ele>
        <time>2026-08-23T11:22:06.000Z</time>
        <extensions>
          <ns3:TrackPointExtension>
            <ns3:hr>127</ns3:hr>
          </ns3:TrackPointExtension>
        </extensions>
      </trkpt>
      <trkpt lat="36.6742689907550811767578125" lon="117.28781173937022686004638671875">
        <ele>109.40000152587890625</ele>
        <time>2026-08-23T11:22:08.000Z</time>
        <extensions>
          <ns3:TrackPointExtension>
            <ns3:hr>120</ns3:hr>
          </ns3:TrackPointExtension>
        </extensions>
      </trkpt>
      <trkpt lat="36.67428910732269287109375" lon="117.287809811532497406005859375">
        <ele>109.40000152587890625</ele>
        <time>2026-08-23T11:22:10.000Z</time>
        <extensions>
          <ns3:TrackPointExtension>
            <ns3:hr>114</ns3:hr>
          </ns3:TrackPointExtension>
        </extensions>
      </trkpt>
      <trkpt lat="36.67431366629898548126220703125" lon="117.28780821897089481353759765625">
        <ele>109.40000152587890625</ele>
        <time>2026-08-23T11:22:12.000Z</time>
        <extensions>
          <ns3:TrackPointExtension>
            <ns3:hr>112</ns3:hr>
          </ns3:TrackPointExtension>
        </extensions>
      </trkpt>
      <trkpt lat="36.674326322972774505615234375" lon="117.28780536912381649017333984375">
        <ele>109.40000152587890625</ele>
        <time>2026-08-23T11:22:13.000Z</time>
        <extensions>
          <ns3:TrackPointExtension>
            <ns3:hr>115</ns3:hr>
          </ns3:TrackPointExtension>
        </extensions>
      </trkpt>
      <trkpt lat="36.67434015311300754547119140625" lon="117.28780679404735565185546875">
        <ele>109.40000152587890625</ele>
        <time>2026-08-23T11:22:14.000Z</time>
        <extensions>
          <ns3:TrackPointExtension>
            <ns3:hr>125</ns3:hr>
          </ns3:TrackPointExtension>
        </extensions>
      </trkpt>
      <trkpt lat="36.67435423471033573150634765625" lon="117.28780805133283138275146484375">
        <ele>109.40000152587890625</ele>
        <time>2026-08-23T11:22:15.000Z</time>
        <extensions>
          <ns3:TrackPointExtension>
            <ns3:hr>134</ns3:hr>
          </ns3:TrackPointExtension>
        </extensions>
      </trkpt>
      <trkpt lat="36.67436798103153705596923828125" lon="117.2878061234951019287109375">
        <ele>109.40000152587890625</ele>
        <time>2026-08-23T11:22:16.000Z</time>
        <extensions>
          <ns3:TrackPointExtension>
            <ns3:hr>142</ns3:hr>
          </ns3:TrackPointExtension>
        </extensions>
      </trkpt>
      <trkpt lat="36.674379296600818634033203125" lon="117.28780972771346569061279296875">
        <ele>109.40000152587890625</ele>
        <time>2026-08-23T11:22:17.000Z</time>
        <extensions>
          <ns3:TrackPointExtension>
            <ns3:hr>148</ns3:hr>
          </ns3:TrackPointExtension>
        </extensions>
      </trkpt>
      <trkpt lat="36.67438943870365619659423828125" lon="117.28780855424702167510986328125">
        <ele>109.40000152587890625</ele>
        <time>2026-08-23T11:22:18.000Z</time>
        <extensions>
          <ns3:TrackPointExtension>
            <ns3:hr>154</ns3:hr>
          </ns3:TrackPointExtension>
        </extensions>
      </trkpt>
      <trkpt lat="36.6744015924632549285888671875" lon="117.28781484067440032958984375">
        <ele>109.40000152587890625</ele>
        <time>2026-08-23T11:22:19.000Z</time>
        <extensions>
          <ns3:TrackPointExtension>
            <ns3:hr>162</ns3:hr>
          </ns3:TrackPointExtension>
        </extensions>
      </trkpt>
      <trkpt lat="36.67441324330866336822509765625" lon="117.2878237254917621612548828125">
        <ele>109.40000152587890625</ele>
        <time>2026-08-23T11:22:20.000Z</time>
        <extensions>
          <ns3:TrackPointExtension>
            <ns3:hr>162</ns3:hr>
          </ns3:TrackPointExtension>
        </extensions>
      </trkpt>
      <trkpt lat="36.67442380450665950775146484375" lon="117.287828922271728515625">
        <ele>109.40000152587890625</ele>
        <time>2026-08-23T11:22:21.000Z</time>
        <extensions>
          <ns3:TrackPointExtension>
            <ns3:hr>153</ns3:hr>
          </ns3:TrackPointExtension>
        </extensions>
      </trkpt>
      <trkpt lat="36.6744351200759410858154296875" lon="117.28783428668975830078125">
        <ele>109.40000152587890625</ele>
        <time>2026-08-23T11:22:22.000Z</time>
        <extensions>
          <ns3:TrackPointExtension>
            <ns3:hr>144</ns3:hr>
          </ns3:TrackPointExtension>
        </extensions>
      </trkpt>
      <trkpt lat="36.6744481958448886871337890625" lon="117.28784040547907352447509765625">
        <ele>109.40000152587890625</ele>
        <time>2026-08-23T11:22:23.000Z</time>
        <extensions>
          <ns3:TrackPointExtension>
            <ns3:hr>141</ns3:hr>
          </ns3:TrackPointExtension>
        </extensions>
      </trkpt>
      <trkpt lat="36.6744599305093288421630859375" lon="117.28785415180027484893798828125">
        <ele>109.40000152587890625</ele>
        <time>2026-08-23T11:22:24.000Z</time>
        <extensions>
          <ns3:TrackPointExtension>
            <ns3:hr>141</ns3:hr>
          </ns3:TrackPointExtension>
        </extensions>
      </trkpt>
      <trkpt lat="36.67449655942618846893310546875" lon="117.2878579236567020416259765625">
        <ele>109.40000152587890625</ele>
        <time>2026-08-23T11:22:27.000Z</time>
        <extensions>
          <ns3:TrackPointExtension>
            <ns3:hr>140</ns3:hr>
          </ns3:TrackPointExtension>
        </extensions>
      </trkpt>
      <trkpt lat="36.67450544424355030059814453125" lon="117.2878569178283214569091796875">
        <ele>109.40000152587890625</ele>
        <time>2026-08-23T11:22:28.000Z</time>
        <extensions>
          <ns3:TrackPointExtension>
            <ns3:hr>140</ns3:hr>
          </ns3:TrackPointExtension>
        </extensions>
      </trkpt>
      <trkpt lat="36.6745157539844512939453125" lon="117.287856750190258026123046875">
        <ele>109.40000152587890625</ele>
        <time>2026-08-23T11:22:29.000Z</time>
        <extensions>
          <ns3:TrackPointExtension>
            <ns3:hr>136</ns3:hr>
          </ns3:TrackPointExtension>
        </extensions>
      </trkpt>
      <trkpt lat="36.67456529103219509124755859375" lon="117.28786982595920562744140625">
        <ele>109.40000152587890625</ele>
        <time>2026-08-23T11:22:33.000Z</time>
        <extensions>
          <ns3:TrackPointExtension>
            <ns3:hr>132</ns3:hr>
          </ns3:TrackPointExtension>
        </extensions>
      </trkpt>
      <trkpt lat="36.674634777009487152099609375" lon="117.287864796817302703857421875">
        <ele>109.1999969482421875</ele>
        <time>2026-08-23T11:22:38.000Z</time>
        <extensions>
          <ns3:TrackPointExtension>
            <ns3:hr>130</ns3:hr>
          </ns3:TrackPointExtension>
        </extensions>
      </trkpt>
      <trkpt lat="36.67469588108360767364501953125" lon="117.28782330639660358428955078125">
        <ele>109.59999847412109375</ele>
        <time>2026-08-23T11:22:43.000Z</time>
        <extensions>
          <ns3:TrackPointExtension>
            <ns3:hr>131</ns3:hr>
          </ns3:TrackPointExtension>
        </extensions>
      </trkpt>
      <trkpt lat="36.67472966015338897705078125" lon="117.28775457479059696197509765625">
        <ele>109.40000152587890625</ele>
        <time>2026-08-23T11:22:46.000Z</time>
        <extensions>
          <ns3:TrackPointExtension>
            <ns3:hr>128</ns3:hr>
          </ns3:TrackPointExtension>
        </extensions>
      </trkpt>
      <trkpt lat="36.67474214918911457061767578125" lon="117.2877432592213153839111328125">
        <ele>109.40000152587890625</ele>
        <time>2026-08-23T11:22:47.000Z</time>
        <extensions>
          <ns3:TrackPointExtension>
            <ns3:hr>124</ns3:hr>
          </ns3:TrackPointExtension>
        </extensions>
      </trkpt>
      <trkpt lat="36.6747526265680789947509765625" lon="117.28773303329944610595703125">
        <ele>109.1999969482421875</ele>
        <time>2026-08-23T11:22:48.000Z</time>
        <extensions>
          <ns3:TrackPointExtension>
            <ns3:hr>119</ns3:hr>
          </ns3:TrackPointExtension>
        </extensions>
      </trkpt>
      <trkpt lat="36.67478062212467193603515625" lon="117.28771316818892955780029296875">
        <ele>109.1999969482421875</ele>
        <time>2026-08-23T11:22:50.000Z</time>
        <extensions>
          <ns3:TrackPointExtension>
            <ns3:hr>116</ns3:hr>
          </ns3:TrackPointExtension>
        </extensions>
      </trkpt>
      <trkpt lat="36.674806773662567138671875" lon="117.2876949794590473175048828125">
        <ele>109.40000152587890625</ele>
        <time>2026-08-23T11:22:52.000Z</time>
        <extensions>
          <ns3:TrackPointExtension>
            <ns3:hr>113</ns3:hr>
          </ns3:TrackPointExtension>
        </extensions>
      </trkpt>
      <trkpt lat="36.6748253814876079559326171875" lon="117.287681400775909423828125">
        <ele>109.40000152587890625</ele>
        <time>2026-08-23T11:22:54.000Z</time>
        <extensions>
          <ns3:TrackPointExtension>
            <ns3:hr>110</ns3:hr>
          </ns3:TrackPointExtension>
        </extensions>
      </trkpt>
      <trkpt lat="36.67484943754971027374267578125" lon="117.287655584514141082763671875">
        <ele>109.40000152587890625</ele>
        <time>2026-08-23T11:22:57.000Z</time>
        <extensions>
          <ns3:TrackPointExtension>
            <ns3:hr>107</ns3:hr>
          </ns3:TrackPointExtension>
        </extensions>
      </trkpt>
      <trkpt lat="36.67486955411732196807861328125" lon="117.28763806633651256561279296875">
        <ele>109.40000152587890625</ele>
        <time>2026-08-23T11:22:59.000Z</time>
        <extensions>
          <ns3:TrackPointExtension>
            <ns3:hr>107</ns3:hr>
          </ns3:TrackPointExtension>
        </extensions>
      </trkpt>
      <trkpt lat="36.67492973618209362030029296875" lon="117.287608645856380462646484375">
        <ele>109.1999969482421875</ele>
        <time>2026-08-23T11:23:04.000Z</time>
        <extensions>
          <ns3:TrackPointExtension>
            <ns3:hr>106</ns3:hr>
          </ns3:TrackPointExtension>
        </extensions>
      </trkpt>
      <trkpt lat="36.67497466318309307098388671875" lon="117.28760160505771636962890625">
        <ele>109.1999969482421875</ele>
        <time>2026-08-23T11:23:08.000Z</time>
        <extensions>
          <ns3:TrackPointExtension>
            <ns3:hr>106</ns3:hr>
          </ns3:TrackPointExtension>
        </extensions>
      </trkpt>
      <trkpt lat="36.675035767257213592529296875" lon="117.28760026395320892333984375">
        <ele>109</ele>
        <time>2026-08-23T11:23:13.000Z</time>
        <extensions>
          <ns3:TrackPointExtension>
            <ns3:hr>107</ns3:hr>
          </ns3:TrackPointExtension>
        </extensions>
      </trkpt>
      <trkpt lat="36.6750677861273288726806640625" lon="117.2876017726957798004150390625">
        <ele>109</ele>
        <time>2026-08-23T11:23:16.000Z</time>
        <extensions>
          <ns3:TrackPointExtension>
            <ns3:hr>109</ns3:hr>
          </ns3:TrackPointExtension>
        </extensions>
      </trkpt>
      <trkpt lat="36.67508639395236968994140625" lon="117.28759598918259143829345703125">
        <ele>108.8000030517578125</ele>
        <time>2026-08-23T11:23:18.000Z</time>
        <extensions>
          <ns3:TrackPointExtension>
            <ns3:hr>111</ns3:hr>
          </ns3:TrackPointExtension>
        </extensions>
      </trkpt>
      <trkpt lat="36.6751472465693950653076171875" lon="117.28757050819694995880126953125">
        <ele>108.8000030517578125</ele>
        <time>2026-08-23T11:23:23.000Z</time>
        <extensions>
          <ns3:TrackPointExtension>
            <ns3:hr>112</ns3:hr>
          </ns3:TrackPointExtension>
        </extensions>
      </trkpt>
      <trkpt lat="36.67521455325186252593994140625" lon="117.2875110805034637451171875">
        <ele>108.59999847412109375</ele>
        <time>2026-08-23T11:23:29.000Z</time>
        <extensions>
          <ns3:TrackPointExtension>
            <ns3:hr>115</ns3:hr>
          </ns3:TrackPointExtension>
        </extensions>
      </trkpt>
      <trkpt lat="36.67526434175670146942138671875" lon="117.28744603693485260009765625">
        <ele>109.59999847412109375</ele>
        <time>2026-08-23T11:23:36.000Z</time>
        <extensions>
          <ns3:TrackPointExtension>
            <ns3:hr>116</ns3:hr>
          </ns3:TrackPointExtension>
        </extensions>
      </trkpt>
      <trkpt lat="36.67530122213065624237060546875" lon="117.2873972542583942413330078125">
        <ele>108.59999847412109375</ele>
        <time>2026-08-23T11:23:40.000Z</time>
        <extensions>
          <ns3:TrackPointExtension>
            <ns3:hr>114</ns3:hr>
          </ns3:TrackPointExtension>
        </extensions>
      </trkpt>
      <trkpt lat="36.67531396262347698211669921875" lon="117.28738442994654178619384765625">
        <ele>108.40000152587890625</ele>
        <time>2026-08-23T11:23:41.000Z</time>
        <extensions>
          <ns3:TrackPointExtension>
            <ns3:hr>113</ns3:hr>
          </ns3:TrackPointExtension>
        </extensions>
      </trkpt>
      <trkpt lat="36.67534866370260715484619140625" lon="117.28734117932617664337158203125">
        <ele>108.1999969482421875</ele>
        <time>2026-08-23T11:23:45.000Z</time>
        <extensions>
          <ns3:TrackPointExtension>
            <ns3:hr>110</ns3:hr>
          </ns3:TrackPointExtension>
        </extensions>
      </trkpt>
      <trkpt lat="36.6753552854061126708984375" lon="117.28732743300497531890869140625">
        <ele>108.1999969482421875</ele>
        <time>2026-08-23T11:23:46.000Z</time>
        <extensions>
          <ns3:TrackPointExtension>
            <ns3:hr>106</ns3:hr>
          </ns3:TrackPointExtension>
        </extensions>
      </trkpt>
      <trkpt lat="36.6753987036645412445068359375" lon="117.28727378882467746734619140625">
        <ele>108</ele>
        <time>2026-08-23T11:23:50.000Z</time>
        <extensions>
          <ns3:TrackPointExtension>
            <ns3:hr>105</ns3:hr>
          </ns3:TrackPointExtension>
        </extensions>
      </trkpt>
      <trkpt lat="36.67545628733932971954345703125" lon="117.28722131811082363128662109375">
        <ele>108</ele>
        <time>2026-08-23T11:23:55.000Z</time>
        <extensions>
          <ns3:TrackPointExtension>
            <ns3:hr>108</ns3:hr>
          </ns3:TrackPointExtension>
        </extensions>
      </trkpt>
      <trkpt lat="36.67546651326119899749755859375" lon="117.28721494786441326141357421875">
        <ele>108</ele>
        <time>2026-08-23T11:23:56.000Z</time>
        <extensions>
          <ns3:TrackPointExtension>
            <ns3:hr>109</ns3:hr>
          </ns3:TrackPointExtension>
        </extensions>
      </trkpt>
      <trkpt lat="36.67548227123916149139404296875" lon="117.287201620638370513916015625">
        <ele>108</ele>
        <time>2026-08-23T11:23:58.000Z</time>
        <extensions>
          <ns3:TrackPointExtension>
            <ns3:hr>112</ns3:hr>
          </ns3:TrackPointExtension>
        </extensions>
      </trkpt>
      <trkpt lat="36.67549903504550457000732421875" lon="117.28719114325940608978271484375">
        <ele>107.8000030517578125</ele>
        <time>2026-08-23T11:24:00.000Z</time>
        <extensions>
          <ns3:TrackPointExtension>
            <ns3:hr>115</ns3:hr>
          </ns3:TrackPointExtension>
        </extensions>
      </trkpt>
      <trkpt lat="36.67551948688924312591552734375" lon="117.28717169724404811859130859375">
        <ele>107.8000030517578125</ele>
        <time>2026-08-23T11:24:02.000Z</time>
        <extensions>
          <ns3:TrackPointExtension>
            <ns3:hr>115</ns3:hr>
          </ns3:TrackPointExtension>
        </extensions>
      </trkpt>
      <trkpt lat="36.67557028122246265411376953125" lon="117.28715862147510051727294921875">
        <ele>107.8000030517578125</ele>
        <time>2026-08-23T11:24:06.000Z</time>
        <extensions>
          <ns3:TrackPointExtension>
            <ns3:hr>111</ns3:hr>
          </ns3:TrackPointExtension>
        </extensions>
      </trkpt>
      <trkpt lat="36.6755832731723785400390625" lon="117.2871504910290241241455078125">
        <ele>107.8000030517578125</ele>
        <time>2026-08-23T11:24:08.000Z</time>
        <extensions>
          <ns3:TrackPointExtension>
            <ns3:hr>109</ns3:hr>
          </ns3:TrackPointExtension>
        </extensions>
      </trkpt>
      <trkpt lat="36.67562660761177539825439453125" lon="117.28714386932551860809326171875">
        <ele>107.8000030517578125</ele>
        <time>2026-08-23T11:24:12.000Z</time>
        <extensions>
          <ns3:TrackPointExtension>
            <ns3:hr>106</ns3:hr>
          </ns3:TrackPointExtension>
        </extensions>
      </trkpt>
      <trkpt lat="36.6756313852965831756591796875" lon="117.28714202530682086944580078125">
        <ele>107.8000030517578125</ele>
        <time>2026-08-23T11:24:13.000Z</time>
        <extensions>
          <ns3:TrackPointExtension>
            <ns3:hr>106</ns3:hr>
          </ns3:TrackPointExtension>
        </extensions>
      </trkpt>
      <trkpt lat="36.67568720877170562744140625" lon="117.2871347330510616302490234375">
        <ele>107.59999847412109375</ele>
        <time>2026-08-23T11:24:18.000Z</time>
        <extensions>
          <ns3:TrackPointExtension>
            <ns3:hr>108</ns3:hr>
          </ns3:TrackPointExtension>
        </extensions>
      </trkpt>
      <trkpt lat="36.6757068224251270294189453125" lon="117.28714294731616973876953125">
        <ele>107.59999847412109375</ele>
        <time>2026-08-23T11:24:20.000Z</time>
        <extensions>
          <ns3:TrackPointExtension>
            <ns3:hr>111</ns3:hr>
          </ns3:TrackPointExtension>
        </extensions>
      </trkpt>
      <trkpt lat="36.6757495701313018798828125" lon="117.28716281242668628692626953125">
        <ele>107.59999847412109375</ele>
        <time>2026-08-23T11:24:24.000Z</time>
        <extensions>
          <ns3:TrackPointExtension>
            <ns3:hr>113</ns3:hr>
          </ns3:TrackPointExtension>
        </extensions>
      </trkpt>
      <trkpt lat="36.6757815890014171600341796875" lon="117.2871784865856170654296875">
        <ele>107.59999847412109375</ele>
        <time>2026-08-23T11:24:27.000Z</time>
        <extensions>
          <ns3:TrackPointExtension>
            <ns3:hr>110</ns3:hr>
          </ns3:TrackPointExtension>
        </extensions>
      </trkpt>
      <trkpt lat="36.675806902348995208740234375" lon="117.2871883772313594818115234375">
        <ele>108</ele>
        <time>2026-08-23T11:24:29.000Z</time>
        <extensions>
          <ns3:TrackPointExtension>
            <ns3:hr>110</ns3:hr>
          </ns3:TrackPointExtension>
        </extensions>
      </trkpt>
      <trkpt lat="36.67586582712829113006591796875" lon="117.28722701780498027801513671875">
        <ele>108.59999847412109375</ele>
        <time>2026-08-23T11:24:35.000Z</time>
        <extensions>
          <ns3:TrackPointExtension>
            <ns3:hr>108</ns3:hr>
          </ns3:TrackPointExtension>
        </extensions>
      </trkpt>
      <trkpt lat="36.67590706609189510345458984375" lon="117.28725015185773372650146484375">
        <ele>107.59999847412109375</ele>
        <time>2026-08-23T11:24:39.000Z</time>
        <extensions>
          <ns3:TrackPointExtension>
            <ns3:hr>107</ns3:hr>
          </ns3:TrackPointExtension>
        </extensions>
      </trkpt>
      <trkpt lat="36.6759190522134304046630859375" lon="117.28725803084671497344970703125">
        <ele>107.59999847412109375</ele>
        <time>2026-08-23T11:24:40.000Z</time>
        <extensions>
          <ns3:TrackPointExtension>
            <ns3:hr>106</ns3:hr>
          </ns3:TrackPointExtension>
        </extensions>
      </trkpt>
      <trkpt lat="36.67595132254064083099365234375" lon="117.28728510439395904541015625">
        <ele>107.59999847412109375</ele>
        <time>2026-08-23T11:24:43.000Z</time>
        <extensions>
          <ns3:TrackPointExtension>
            <ns3:hr>106</ns3:hr>
          </ns3:TrackPointExtension>
        </extensions>
      </trkpt>
      <trkpt lat="36.67598820291459560394287109375" lon="117.28731251321732997894287109375">
        <ele>107.59999847412109375</ele>
        <time>2026-08-23T11:24:46.000Z</time>
        <extensions>
          <ns3:TrackPointExtension>
            <ns3:hr>105</ns3:hr>
          </ns3:TrackPointExtension>
        </extensions>
      </trkpt>
      <trkpt lat="36.67601309716701507568359375" lon="117.28733464144170284271240234375">
        <ele>107.40000152587890625</ele>
        <time>2026-08-23T11:24:49.000Z</time>
        <extensions>
          <ns3:TrackPointExtension>
            <ns3:hr>106</ns3:hr>
          </ns3:TrackPointExtension>
        </extensions>
      </trkpt>
      <trkpt lat="36.6760488040745258331298828125" lon="117.2874113358557224273681640625">
        <ele>107.40000152587890625</ele>
        <time>2026-08-23T11:24:55.000Z</time>
        <extensions>
          <ns3:TrackPointExtension>
            <ns3:hr>107</ns3:hr>
          </ns3:TrackPointExtension>
        </extensions>
      </trkpt>
      <trkpt lat="36.676092557609081268310546875" lon="117.28749372996389865875244140625">
        <ele>107.40000152587890625</ele>
        <time>2026-08-23T11:25:01.000Z</time>
        <extensions>
          <ns3:TrackPointExtension>
            <ns3:hr>109</ns3:hr>
          </ns3:TrackPointExtension>
        </extensions>
      </trkpt>
      <trkpt lat="36.67614863254129886627197265625" lon="117.2875638864934444427490234375">
        <ele>107.59999847412109375</ele>
        <time>2026-08-23T11:25:07.000Z</time>
        <extensions>
          <ns3:TrackPointExtension>
            <ns3:hr>109</ns3:hr>
          </ns3:TrackPointExtension>
        </extensions>
      </trkpt>
      <trkpt lat="36.6762060485780239105224609375" lon="117.2875997610390186309814453125">
        <ele>107.8000030517578125</ele>
        <time>2026-08-23T11:25:12.000Z</time>
        <extensions>
          <ns3:TrackPointExtension>
            <ns3:hr>108</ns3:hr>
          </ns3:TrackPointExtension>
        </extensions>
      </trkpt>
      <trkpt lat="36.67627033777534961700439453125" lon="117.2875850088894367218017578125">
        <ele>108.40000152587890625</ele>
        <time>2026-08-23T11:25:17.000Z</time>
        <extensions>
          <ns3:TrackPointExtension>
            <ns3:hr>107</ns3:hr>
          </ns3:TrackPointExtension>
        </extensions>
      </trkpt>
      <trkpt lat="36.676337309181690216064453125" lon="117.28754620067775249481201171875">
        <ele>108.8000030517578125</ele>
        <time>2026-08-23T11:25:23.000Z</time>
        <extensions>
          <ns3:TrackPointExtension>
            <ns3:hr>104</ns3:hr>
          </ns3:TrackPointExtension>
        </extensions>
      </trkpt>
      <trkpt lat="36.676349379122257232666015625" lon="117.2875387407839298248291015625">
        <ele>109.1999969482421875</ele>
        <time>2026-08-23T11:25:24.000Z</time>
        <extensions>
          <ns3:TrackPointExtension>
            <ns3:hr>104</ns3:hr>
          </ns3:TrackPointExtension>
        </extensions>
      </trkpt>
      <trkpt lat="36.6763656400144100189208984375" lon="117.2875219769775867462158203125">
        <ele>109.59999847412109375</ele>
        <time>2026-08-23T11:25:26.000Z</time>
        <extensions>
          <ns3:TrackPointExtension>
            <ns3:hr>104</ns3:hr>
          </ns3:TrackPointExtension>
        </extensions>
      </trkpt>
      <trkpt lat="36.67637578211724758148193359375" lon="117.287493981420993804931640625">
        <ele>110</ele>
        <time>2026-08-23T11:25:28.000Z</time>
        <extensions>
          <ns3:TrackPointExtension>
            <ns3:hr>107</ns3:hr>
          </ns3:TrackPointExtension>
        </extensions>
      </trkpt>
      <trkpt lat="36.6763827390968799591064453125" lon="117.2874800674617290496826171875">
        <ele>110</ele>
        <time>2026-08-23T11:25:29.000Z</time>
        <extensions>
          <ns3:TrackPointExtension>
            <ns3:hr>109</ns3:hr>
          </ns3:TrackPointExtension>
        </extensions>
      </trkpt>
      <trkpt lat="36.67639120481908321380615234375" lon="117.28745517320930957794189453125">
        <ele>110.1999969482421875</ele>
        <time>2026-08-23T11:25:31.000Z</time>
        <extensions>
          <ns3:TrackPointExtension>
            <ns3:hr>112</ns3:hr>
          </ns3:TrackPointExtension>
        </extensions>
      </trkpt>
      <trkpt lat="36.6763988323509693145751953125" lon="117.28742952458560466766357421875">
        <ele>110.40000152587890625</ele>
        <time>2026-08-23T11:25:33.000Z</time>
        <extensions>
          <ns3:TrackPointExtension>
            <ns3:hr>115</ns3:hr>
          </ns3:TrackPointExtension>
        </extensions>
      </trkpt>
      <trkpt lat="36.67641115374863147735595703125" lon="117.28740571998059749603271484375">
        <ele>110.59999847412109375</ele>
        <time>2026-08-23T11:25:35.000Z</time>
        <extensions>
          <ns3:TrackPointExtension>
            <ns3:hr>117</ns3:hr>
          </ns3:TrackPointExtension>
        </extensions>
      </trkpt>
      <trkpt lat="36.67641366831958293914794921875" lon="117.2873892076313495635986328125">
        <ele>110.59999847412109375</ele>
        <time>2026-08-23T11:25:36.000Z</time>
        <extensions>
          <ns3:TrackPointExtension>
            <ns3:hr>118</ns3:hr>
          </ns3:TrackPointExtension>
        </extensions>
      </trkpt>
      <trkpt lat="36.67642238549888134002685546875" lon="117.287345789372920989990234375">
        <ele>110.59999847412109375</ele>
        <time>2026-08-23T11:25:39.000Z</time>
        <extensions>
          <ns3:TrackPointExtension>
            <ns3:hr>118</ns3:hr>
          </ns3:TrackPointExtension>
        </extensions>
      </trkpt>
      <trkpt lat="36.67644518427550792694091796875" lon="117.2872980125248432159423828125">
        <ele>111</ele>
        <time>2026-08-23T11:25:43.000Z</time>
        <extensions>
          <ns3:TrackPointExtension>
            <ns3:hr>118</ns3:hr>
          </ns3:TrackPointExtension>
        </extensions>
      </trkpt>
      <trkpt lat="36.67645758949220180511474609375" lon="117.28729876689612865447998046875">
        <ele>111.1999969482421875</ele>
        <time>2026-08-23T11:25:44.000Z</time>
        <extensions>
          <ns3:TrackPointExtension>
            <ns3:hr>119</ns3:hr>
          </ns3:TrackPointExtension>
        </extensions>
      </trkpt>
      <trkpt lat="36.6765027679502964019775390625" lon="117.287298850715160369873046875">
        <ele>110.8000030517578125</ele>
        <time>2026-08-23T11:25:48.000Z</time>
        <extensions>
          <ns3:TrackPointExtension>
            <ns3:hr>119</ns3:hr>
          </ns3:TrackPointExtension>
        </extensions>
      </trkpt>
      <trkpt lat="36.6765359602868556976318359375" lon="117.28730211965739727020263671875">
        <ele>111.40000152587890625</ele>
        <time>2026-08-23T11:25:51.000Z</time>
        <extensions>
          <ns3:TrackPointExtension>
            <ns3:hr>119</ns3:hr>
          </ns3:TrackPointExtension>
        </extensions>
      </trkpt>
      <trkpt lat="36.676574684679508209228515625" lon="117.28730664588510990142822265625">
        <ele>111.59999847412109375</ele>
        <time>2026-08-23T11:25:54.000Z</time>
        <extensions>
          <ns3:TrackPointExtension>
            <ns3:hr>118</ns3:hr>
          </ns3:TrackPointExtension>
        </extensions>
      </trkpt>
      <trkpt lat="36.67663796804845333099365234375" lon="117.287321649491786956787109375">
        <ele>111.59999847412109375</ele>
        <time>2026-08-23T11:26:00.000Z</time>
        <extensions>
          <ns3:TrackPointExtension>
            <ns3:hr>115</ns3:hr>
          </ns3:TrackPointExtension>
        </extensions>
      </trkpt>
      <trkpt lat="36.67666018009185791015625" lon="117.287318967282772064208984375">
        <ele>111.59999847412109375</ele>
        <time>2026-08-23T11:26:02.000Z</time>
        <extensions>
          <ns3:TrackPointExtension>
            <ns3:hr>114</ns3:hr>
          </ns3:TrackPointExtension>
        </extensions>
      </trkpt>
      <trkpt lat="36.6767312586307525634765625" lon="117.28731133975088596343994140625">
        <ele>110.59999847412109375</ele>
        <time>2026-08-23T11:26:09.000Z</time>
        <extensions>
          <ns3:TrackPointExtension>
            <ns3:hr>114</ns3:hr>
          </ns3:TrackPointExtension>
        </extensions>
      </trkpt>
      <trkpt lat="36.67680703103542327880859375" lon="117.2873027063906192779541015625">
        <ele>110.40000152587890625</ele>
        <time>2026-08-23T11:26:15.000Z</time>
        <extensions>
          <ns3:TrackPointExtension>
            <ns3:hr>115</ns3:hr>
          </ns3:TrackPointExtension>
        </extensions>
      </trkpt>
      <trkpt lat="36.6768477670848369598388671875" lon="117.28729876689612865447998046875">
        <ele>110.40000152587890625</ele>
        <time>2026-08-23T11:26:18.000Z</time>
        <extensions>
          <ns3:TrackPointExtension>
            <ns3:hr>116</ns3:hr>
          </ns3:TrackPointExtension>
        </extensions>
      </trkpt>
      <trkpt lat="36.6768698953092098236083984375" lon="117.2873040474951267242431640625">
        <ele>110.40000152587890625</ele>
        <time>2026-08-23T11:26:20.000Z</time>
        <extensions>
          <ns3:TrackPointExtension>
            <ns3:hr>117</ns3:hr>
          </ns3:TrackPointExtension>
        </extensions>
      </trkpt>
      <trkpt lat="36.676903925836086273193359375" lon="117.2873201407492160797119140625">
        <ele>110.1999969482421875</ele>
        <time>2026-08-23T11:26:23.000Z</time>
        <extensions>
          <ns3:TrackPointExtension>
            <ns3:hr>116</ns3:hr>
          </ns3:TrackPointExtension>
        </extensions>
      </trkpt>
      <trkpt lat="36.67692529968917369842529296875" lon="117.2873422689735889434814453125">
        <ele>110.1999969482421875</ele>
        <time>2026-08-23T11:26:25.000Z</time>
        <extensions>
          <ns3:TrackPointExtension>
            <ns3:hr>116</ns3:hr>
          </ns3:TrackPointExtension>
        </extensions>
      </trkpt>
      <trkpt lat="36.676952205598354339599609375" lon="117.28739063255488872528076171875">
        <ele>110</ele>
        <time>2026-08-23T11:26:29.000Z</time>
        <extensions>
          <ns3:TrackPointExtension>
            <ns3:hr>117</ns3:hr>
          </ns3:TrackPointExtension>
        </extensions>
      </trkpt>
      <trkpt lat="36.676965616643428802490234375" lon="117.28748224675655364990234375">
        <ele>109.59999847412109375</ele>
        <time>2026-08-23T11:26:35.000Z</time>
        <extensions>
          <ns3:TrackPointExtension>
            <ns3:hr>118</ns3:hr>
          </ns3:TrackPointExtension>
        </extensions>
      </trkpt>
      <trkpt lat="36.67696662247180938720703125" lon="117.28754687123000621795654296875">
        <ele>109.40000152587890625</ele>
        <time>2026-08-23T11:26:40.000Z</time>
        <extensions>
          <ns3:TrackPointExtension>
            <ns3:hr>117</ns3:hr>
          </ns3:TrackPointExtension>
        </extensions>
      </trkpt>
      <trkpt lat="36.676969639956951141357421875" lon="117.2876222245395183563232421875">
        <ele>109.40000152587890625</ele>
        <time>2026-08-23T11:26:45.000Z</time>
        <extensions>
          <ns3:TrackPointExtension>
            <ns3:hr>119</ns3:hr>
          </ns3:TrackPointExtension>
        </extensions>
      </trkpt>
      <trkpt lat="36.67696662247180938720703125" lon="117.28767536580562591552734375">
        <ele>109.40000152587890625</ele>
        <time>2026-08-23T11:26:48.000Z</time>
        <extensions>
          <ns3:TrackPointExtension>
            <ns3:hr>120</ns3:hr>
          </ns3:TrackPointExtension>
        </extensions>
      </trkpt>
      <trkpt lat="36.676958240568637847900390625" lon="117.28772222064435482025146484375">
        <ele>109.40000152587890625</ele>
        <time>2026-08-23T11:26:51.000Z</time>
        <extensions>
          <ns3:TrackPointExtension>
            <ns3:hr>121</ns3:hr>
          </ns3:TrackPointExtension>
        </extensions>
      </trkpt>
      <trkpt lat="36.676937453448772430419921875" lon="117.2877925448119640350341796875">
        <ele>109.40000152587890625</ele>
        <time>2026-08-23T11:26:56.000Z</time>
        <extensions>
          <ns3:TrackPointExtension>
            <ns3:hr>120</ns3:hr>
          </ns3:TrackPointExtension>
        </extensions>
      </trkpt>
      <trkpt lat="36.67691322974860668182373046875" lon="117.2878438420593738555908203125">
        <ele>109.1999969482421875</ele>
        <time>2026-08-23T11:27:00.000Z</time>
        <extensions>
          <ns3:TrackPointExtension>
            <ns3:hr>120</ns3:hr>
          </ns3:TrackPointExtension>
        </extensions>
      </trkpt>
      <trkpt lat="36.67690451256930828094482421875" lon="117.28786580264568328857421875">
        <ele>109.1999969482421875</ele>
        <time>2026-08-23T11:27:02.000Z</time>
        <extensions>
          <ns3:TrackPointExtension>
            <ns3:hr>117</ns3:hr>
          </ns3:TrackPointExtension>
        </extensions>
      </trkpt>
      <trkpt lat="36.67688724584877490997314453125" lon="117.28790477849543094635009765625">
        <ele>109.59999847412109375</ele>
        <time>2026-08-23T11:27:05.000Z</time>
        <extensions>
          <ns3:TrackPointExtension>
            <ns3:hr>113</ns3:hr>
          </ns3:TrackPointExtension>
        </extensions>
      </trkpt>
      <trkpt lat="36.6768806241452693939208984375" lon="117.287915758788585662841796875">
        <ele>109.8000030517578125</ele>
        <time>2026-08-23T11:27:06.000Z</time>
        <extensions>
          <ns3:TrackPointExtension>
            <ns3:hr>112</ns3:hr>
          </ns3:TrackPointExtension>
        </extensions>
      </trkpt>
      <trkpt lat="36.67686243541538715362548828125" lon="117.28795406408607959747314453125">
        <ele>110.1999969482421875</ele>
        <time>2026-08-23T11:27:09.000Z</time>
        <extensions>
          <ns3:TrackPointExtension>
            <ns3:hr>109</ns3:hr>
          </ns3:TrackPointExtension>
        </extensions>
      </trkpt>
      <trkpt lat="36.67683075182139873504638671875" lon="117.28801508434116840362548828125">
        <ele>109.40000152587890625</ele>
        <time>2026-08-23T11:27:14.000Z</time>
        <extensions>
          <ns3:TrackPointExtension>
            <ns3:hr>105</ns3:hr>
          </ns3:TrackPointExtension>
        </extensions>
      </trkpt>
      <trkpt lat="36.67682387866079807281494140625" lon="117.2880282439291477203369140625">
        <ele>109.1999969482421875</ele>
        <time>2026-08-23T11:27:15.000Z</time>
        <extensions>
          <ns3:TrackPointExtension>
            <ns3:hr>98</ns3:hr>
          </ns3:TrackPointExtension>
        </extensions>
      </trkpt>
      <trkpt lat="36.676818095147609710693359375" lon="117.28803813457489013671875">
        <ele>109</ele>
        <time>2026-08-23T11:27:16.000Z</time>
        <extensions>
          <ns3:TrackPointExtension>
            <ns3:hr>93</ns3:hr>
          </ns3:TrackPointExtension>
        </extensions>
      </trkpt>
      <trkpt lat="36.676813066005706787109375" lon="117.288046516478061676025390625">
        <ele>108.8000030517578125</ele>
        <time>2026-08-23T11:27:17.000Z</time>
        <extensions>
          <ns3:TrackPointExtension>
            <ns3:hr>87</ns3:hr>
          </ns3:TrackPointExtension>
        </extensions>
      </trkpt>
      <trkpt lat="36.676806695759296417236328125" lon="117.28805565275251865386962890625">
        <ele>108.8000030517578125</ele>
        <time>2026-08-23T11:27:18.000Z</time>
        <extensions>
          <ns3:TrackPointExtension>
            <ns3:hr>79</ns3:hr>
          </ns3:TrackPointExtension>
        </extensions>
      </trkpt>
      <trkpt lat="36.6768021695315837860107421875" lon="117.2880671359598636627197265625">
        <ele>108.8000030517578125</ele>
        <time>2026-08-23T11:27:19.000Z</time>
        <extensions>
          <ns3:TrackPointExtension>
            <ns3:hr>75</ns3:hr>
          </ns3:TrackPointExtension>
        </extensions>
      </trkpt>
      <trkpt lat="36.67679353617131710052490234375" lon="117.28807945735752582550048828125">
        <ele>108.59999847412109375</ele>
        <time>2026-08-23T11:27:20.000Z</time>
        <extensions>
          <ns3:TrackPointExtension>
            <ns3:hr>63</ns3:hr>
          </ns3:TrackPointExtension>
        </extensions>
      </trkpt>
      <trkpt lat="36.67677543126046657562255859375" lon="117.28811734355986118316650390625">
        <ele>108.40000152587890625</ele>
        <time>2026-08-23T11:27:23.000Z</time>
        <extensions>
          <ns3:TrackPointExtension>
            <ns3:hr>62</ns3:hr>
          </ns3:TrackPointExtension>
        </extensions>
      </trkpt>
      <trkpt lat="36.676771156489849090576171875" lon="117.28813092224299907684326171875">
        <ele>108.1999969482421875</ele>
        <time>2026-08-23T11:27:24.000Z</time>
        <extensions>
          <ns3:TrackPointExtension>
            <ns3:hr>68</ns3:hr>
          </ns3:TrackPointExtension>
        </extensions>
      </trkpt>
      <trkpt lat="36.6767605952918529510498046875" lon="117.2881440818309783935546875">
        <ele>108</ele>
        <time>2026-08-23T11:27:25.000Z</time>
        <extensions>
          <ns3:TrackPointExtension>
            <ns3:hr>74</ns3:hr>
          </ns3:TrackPointExtension>
        </extensions>
      </trkpt>
      <trkpt lat="36.676749028265476226806640625" lon="117.28815489448606967926025390625">
        <ele>108</ele>
        <time>2026-08-23T11:27:26.000Z</time>
        <extensions>
          <ns3:TrackPointExtension>
            <ns3:hr>81</ns3:hr>
          </ns3:TrackPointExtension>
        </extensions>
      </trkpt>
      <trkpt lat="36.67674207128584384918212890625" lon="117.28817014954984188079833984375">
        <ele>107.8000030517578125</ele>
        <time>2026-08-23T11:27:27.000Z</time>
        <extensions>
          <ns3:TrackPointExtension>
            <ns3:hr>87</ns3:hr>
          </ns3:TrackPointExtension>
        </extensions>
      </trkpt>
      <trkpt lat="36.676734946668148040771484375" lon="117.288185320794582366943359375">
        <ele>107.8000030517578125</ele>
        <time>2026-08-23T11:27:28.000Z</time>
        <extensions>
          <ns3:TrackPointExtension>
            <ns3:hr>94</ns3:hr>
          </ns3:TrackPointExtension>
        </extensions>
      </trkpt>
      <trkpt lat="36.6767300851643085479736328125" lon="117.288203425705432891845703125">
        <ele>107.59999847412109375</ele>
        <time>2026-08-23T11:27:29.000Z</time>
        <extensions>
          <ns3:TrackPointExtension>
            <ns3:hr>104</ns3:hr>
          </ns3:TrackPointExtension>
        </extensions>
      </trkpt>
      <trkpt lat="36.676713488996028900146484375" lon="117.288232259452342987060546875">
        <ele>107.59999847412109375</ele>
        <time>2026-08-23T11:27:31.000Z</time>
        <extensions>
          <ns3:TrackPointExtension>
            <ns3:hr>107</ns3:hr>
          </ns3:TrackPointExtension>
        </extensions>
      </trkpt>
      <trkpt lat="36.67669437825679779052734375" lon="117.288322784006595611572265625">
        <ele>107.59999847412109375</ele>
        <time>2026-08-23T11:27:36.000Z</time>
        <extensions>
          <ns3:TrackPointExtension>
            <ns3:hr>108</ns3:hr>
          </ns3:TrackPointExtension>
        </extensions>
      </trkpt>
      <trkpt lat="36.67668608017265796661376953125" lon="117.2884252108633518218994140625">
        <ele>108</ele>
        <time>2026-08-23T11:27:42.000Z</time>
        <extensions>
          <ns3:TrackPointExtension>
            <ns3:hr>110</ns3:hr>
          </ns3:TrackPointExtension>
        </extensions>
      </trkpt>
      <trkpt lat="36.67668641544878482818603515625" lon="117.28849075734615325927734375">
        <ele>108.8000030517578125</ele>
        <time>2026-08-23T11:27:46.000Z</time>
        <extensions>
          <ns3:TrackPointExtension>
            <ns3:hr>109</ns3:hr>
          </ns3:TrackPointExtension>
        </extensions>
      </trkpt>
      <trkpt lat="36.6767071187496185302734375" lon="117.288588322699069976806640625">
        <ele>109</ele>
        <time>2026-08-23T11:27:52.000Z</time>
        <extensions>
          <ns3:TrackPointExtension>
            <ns3:hr>110</ns3:hr>
          </ns3:TrackPointExtension>
        </extensions>
      </trkpt>
      <trkpt lat="36.676743663847446441650390625" lon="117.2886816971004009246826171875">
        <ele>109.40000152587890625</ele>
        <time>2026-08-23T11:27:59.000Z</time>
        <extensions>
          <ns3:TrackPointExtension>
            <ns3:hr>109</ns3:hr>
          </ns3:TrackPointExtension>
        </extensions>
      </trkpt>
      <trkpt lat="36.67675799690186977386474609375" lon="117.2887101955711841583251953125">
        <ele>109.59999847412109375</ele>
        <time>2026-08-23T11:28:01.000Z</time>
        <extensions>
          <ns3:TrackPointExtension>
            <ns3:hr>108</ns3:hr>
          </ns3:TrackPointExtension>
        </extensions>
      </trkpt>
      <trkpt lat="36.67678314261138439178466796875" lon="117.28874682448804378509521484375">
        <ele>109.8000030517578125</ele>
        <time>2026-08-23T11:28:04.000Z</time>
        <extensions>
          <ns3:TrackPointExtension>
            <ns3:hr>107</ns3:hr>
          </ns3:TrackPointExtension>
        </extensions>
      </trkpt>
      <trkpt lat="36.6768278181552886962890625" lon="117.288792170584201812744140625">
        <ele>110.1999969482421875</ele>
        <time>2026-08-23T11:28:08.000Z</time>
        <extensions>
          <ns3:TrackPointExtension>
            <ns3:hr>105</ns3:hr>
          </ns3:TrackPointExtension>
        </extensions>
      </trkpt>
      <trkpt lat="36.67685137130320072174072265625" lon="117.288809604942798614501953125">
        <ele>110.1999969482421875</ele>
        <time>2026-08-23T11:28:10.000Z</time>
        <extensions>
          <ns3:TrackPointExtension>
            <ns3:hr>108</ns3:hr>
          </ns3:TrackPointExtension>
        </extensions>
      </trkpt>
      <trkpt lat="36.67686603963375091552734375" lon="117.2888280451297760009765625">
        <ele>110.59999847412109375</ele>
        <time>2026-08-23T11:28:12.000Z</time>
        <extensions>
          <ns3:TrackPointExtension>
            <ns3:hr>112</ns3:hr>
          </ns3:TrackPointExtension>
        </extensions>
      </trkpt>
      <trkpt lat="36.6768926940858364105224609375" lon="117.28884086944162845611572265625">
        <ele>110.8000030517578125</ele>
        <time>2026-08-23T11:28:14.000Z</time>
        <extensions>
          <ns3:TrackPointExtension>
            <ns3:hr>108</ns3:hr>
          </ns3:TrackPointExtension>
        </extensions>
      </trkpt>
      <trkpt lat="36.67689981870353221893310546875" lon="117.28884304873645305633544921875">
        <ele>111</ele>
        <time>2026-08-23T11:28:15.000Z</time>
        <extensions>
          <ns3:TrackPointExtension>
            <ns3:hr>105</ns3:hr>
          </ns3:TrackPointExtension>
        </extensions>
      </trkpt>
      <trkpt lat="36.67693049646914005279541015625" lon="117.2888516820967197418212890625">
        <ele>111.1999969482421875</ele>
        <time>2026-08-23T11:28:17.000Z</time>
        <extensions>
          <ns3:TrackPointExtension>
            <ns3:hr>103</ns3:hr>
          </ns3:TrackPointExtension>
        </extensions>
      </trkpt>
      <trkpt lat="36.67698380537331104278564453125" lon="117.28887573815882205963134765625">
        <ele>111.40000152587890625</ele>
        <time>2026-08-23T11:28:23.000Z</time>
        <extensions>
          <ns3:TrackPointExtension>
            <ns3:hr>120</ns3:hr>
          </ns3:TrackPointExtension>
        </extensions>
      </trkpt>
      <trkpt lat="36.677051447331905364990234375" lon="117.28893089108169078826904296875">
        <ele>111.40000152587890625</ele>
        <time>2026-08-23T11:28:30.000Z</time>
        <extensions>
          <ns3:TrackPointExtension>
            <ns3:hr>122</ns3:hr>
          </ns3:TrackPointExtension>
        </extensions>
      </trkpt>
      <trkpt lat="36.67710207402706146240234375" lon="117.28895922191441059112548828125">
        <ele>111.40000152587890625</ele>
        <time>2026-08-23T11:28:35.000Z</time>
        <extensions>
          <ns3:TrackPointExtension>
            <ns3:hr>122</ns3:hr>
          </ns3:TrackPointExtension>
        </extensions>
      </trkpt>
      <trkpt lat="36.67714708484709262847900390625" lon="117.2890253551304340362548828125">
        <ele>111.59999847412109375</ele>
        <time>2026-08-23T11:28:41.000Z</time>
        <extensions>
          <ns3:TrackPointExtension>
            <ns3:hr>119</ns3:hr>
          </ns3:TrackPointExtension>
        </extensions>
      </trkpt>
      <trkpt lat="36.67715144343674182891845703125" lon="117.28903767652809619903564453125">
        <ele>111.59999847412109375</ele>
        <time>2026-08-23T11:28:42.000Z</time>
        <extensions>
          <ns3:TrackPointExtension>
            <ns3:hr>118</ns3:hr>
          </ns3:TrackPointExtension>
        </extensions>
      </trkpt>
      <trkpt lat="36.6771857254207134246826171875" lon="117.28910498321056365966796875">
        <ele>111.59999847412109375</ele>
        <time>2026-08-23T11:28:47.000Z</time>
        <extensions>
          <ns3:TrackPointExtension>
            <ns3:hr>116</ns3:hr>
          </ns3:TrackPointExtension>
        </extensions>
      </trkpt>
      <trkpt lat="36.67720072902739048004150390625" lon="117.28919525630772113800048828125">
        <ele>111.59999847412109375</ele>
        <time>2026-08-23T11:28:53.000Z</time>
        <extensions>
          <ns3:TrackPointExtension>
            <ns3:hr>118</ns3:hr>
          </ns3:TrackPointExtension>
        </extensions>
      </trkpt>
      <trkpt lat="36.67722285725176334381103515625" lon="117.28928142227232456207275390625">
        <ele>111.59999847412109375</ele>
        <time>2026-08-23T11:28:59.000Z</time>
        <extensions>
          <ns3:TrackPointExtension>
            <ns3:hr>118</ns3:hr>
          </ns3:TrackPointExtension>
        </extensions>
      </trkpt>
      <trkpt lat="36.67725764214992523193359375" lon="117.28939709253609180450439453125">
        <ele>111.8000030517578125</ele>
        <time>2026-08-23T11:29:06.000Z</time>
        <extensions>
          <ns3:TrackPointExtension>
            <ns3:hr>115</ns3:hr>
          </ns3:TrackPointExtension>
        </extensions>
      </trkpt>
      <trkpt lat="36.67726879008114337921142578125" lon="117.2894890420138835906982421875">
        <ele>111.8000030517578125</ele>
        <time>2026-08-23T11:29:12.000Z</time>
        <extensions>
          <ns3:TrackPointExtension>
            <ns3:hr>113</ns3:hr>
          </ns3:TrackPointExtension>
        </extensions>
      </trkpt>
      <trkpt lat="36.6772705502808094024658203125" lon="117.28950002230703830718994140625">
        <ele>111.8000030517578125</ele>
        <time>2026-08-23T11:29:13.000Z</time>
        <extensions>
          <ns3:TrackPointExtension>
            <ns3:hr>112</ns3:hr>
          </ns3:TrackPointExtension>
        </extensions>
      </trkpt>
      <trkpt lat="36.67726677842438220977783203125" lon="117.289522401988506317138671875">
        <ele>111.8000030517578125</ele>
        <time>2026-08-23T11:29:15.000Z</time>
        <extensions>
          <ns3:TrackPointExtension>
            <ns3:hr>113</ns3:hr>
          </ns3:TrackPointExtension>
        </extensions>
      </trkpt>
      <trkpt lat="36.67726409621536731719970703125" lon="117.289548553526401519775390625">
        <ele>112</ele>
        <time>2026-08-23T11:29:17.000Z</time>
        <extensions>
          <ns3:TrackPointExtension>
            <ns3:hr>114</ns3:hr>
          </ns3:TrackPointExtension>
        </extensions>
      </trkpt>
      <trkpt lat="36.67726166546344757080078125" lon="117.28957168757915496826171875">
        <ele>112</ele>
        <time>2026-08-23T11:29:19.000Z</time>
        <extensions>
          <ns3:TrackPointExtension>
            <ns3:hr>113</ns3:hr>
          </ns3:TrackPointExtension>
        </extensions>
      </trkpt>
      <trkpt lat="36.67726409621536731719970703125" lon="117.28962021879851818084716796875">
        <ele>112</ele>
        <time>2026-08-23T11:29:22.000Z</time>
        <extensions>
          <ns3:TrackPointExtension>
            <ns3:hr>113</ns3:hr>
          </ns3:TrackPointExtension>
        </extensions>
      </trkpt>
      <trkpt lat="36.67726610787212848663330078125" lon="117.2896627150475978851318359375">
        <ele>112.1999969482421875</ele>
        <time>2026-08-23T11:29:25.000Z</time>
        <extensions>
          <ns3:TrackPointExtension>
            <ns3:hr>110</ns3:hr>
          </ns3:TrackPointExtension>
        </extensions>
      </trkpt>
      <trkpt lat="36.67726040817797183990478515625" lon="117.289713509380817413330078125">
        <ele>112.1999969482421875</ele>
        <time>2026-08-23T11:29:28.000Z</time>
        <extensions>
          <ns3:TrackPointExtension>
            <ns3:hr>109</ns3:hr>
          </ns3:TrackPointExtension>
        </extensions>
      </trkpt>
      <trkpt lat="36.6772623360157012939453125" lon="117.28976053185760974884033203125">
        <ele>112.8000030517578125</ele>
        <time>2026-08-23T11:29:31.000Z</time>
        <extensions>
          <ns3:TrackPointExtension>
            <ns3:hr>108</ns3:hr>
          </ns3:TrackPointExtension>
        </extensions>
      </trkpt>
      <trkpt lat="36.67726476676762104034423828125" lon="117.28980235755443572998046875">
        <ele>113.1999969482421875</ele>
        <time>2026-08-23T11:29:34.000Z</time>
        <extensions>
          <ns3:TrackPointExtension>
            <ns3:hr>109</ns3:hr>
          </ns3:TrackPointExtension>
        </extensions>
      </trkpt>
      <trkpt lat="36.67725454084575176239013671875" lon="117.28987854905426502227783203125">
        <ele>112.8000030517578125</ele>
        <time>2026-08-23T11:29:39.000Z</time>
        <extensions>
          <ns3:TrackPointExtension>
            <ns3:hr>109</ns3:hr>
          </ns3:TrackPointExtension>
        </extensions>
      </trkpt>
      <trkpt lat="36.67723995633423328399658203125" lon="117.28996731340885162353515625">
        <ele>112.59999847412109375</ele>
        <time>2026-08-23T11:29:44.000Z</time>
        <extensions>
          <ns3:TrackPointExtension>
            <ns3:hr>110</ns3:hr>
          </ns3:TrackPointExtension>
        </extensions>
      </trkpt>
      <trkpt lat="36.67722947895526885986328125" lon="117.290025316178798675537109375">
        <ele>112.40000152587890625</ele>
        <time>2026-08-23T11:29:48.000Z</time>
        <extensions>
          <ns3:TrackPointExtension>
            <ns3:hr>110</ns3:hr>
          </ns3:TrackPointExtension>
        </extensions>
      </trkpt>
      <trkpt lat="36.6772108711302280426025390625" lon="117.2901498712599277496337890625">
        <ele>112.59999847412109375</ele>
        <time>2026-08-23T11:29:56.000Z</time>
        <extensions>
          <ns3:TrackPointExtension>
            <ns3:hr>110</ns3:hr>
          </ns3:TrackPointExtension>
        </extensions>
      </trkpt>
      <trkpt lat="36.67719586752355098724365234375" lon="117.29020871222019195556640625">
        <ele>112.40000152587890625</ele>
        <time>2026-08-23T11:30:00.000Z</time>
        <extensions>
          <ns3:TrackPointExtension>
            <ns3:hr>113</ns3:hr>
          </ns3:TrackPointExtension>
        </extensions>
      </trkpt>
      <trkpt lat="36.677193939685821533203125" lon="117.29022840969264507293701171875">
        <ele>112.40000152587890625</ele>
        <time>2026-08-23T11:30:01.000Z</time>
        <extensions>
          <ns3:TrackPointExtension>
            <ns3:hr>114</ns3:hr>
          </ns3:TrackPointExtension>
        </extensions>
      </trkpt>
      <trkpt lat="36.6771897487342357635498046875" lon="117.29027048684656620025634765625">
        <ele>112.40000152587890625</ele>
        <time>2026-08-23T11:30:04.000Z</time>
        <extensions>
          <ns3:TrackPointExtension>
            <ns3:hr>109</ns3:hr>
          </ns3:TrackPointExtension>
        </extensions>
      </trkpt>
      <trkpt lat="36.677188575267791748046875" lon="117.29029747657477855682373046875">
        <ele>112.8000030517578125</ele>
        <time>2026-08-23T11:30:06.000Z</time>
        <extensions>
          <ns3:TrackPointExtension>
            <ns3:hr>108</ns3:hr>
          </ns3:TrackPointExtension>
        </extensions>
      </trkpt>
      <trkpt lat="36.67717759497463703155517578125" lon="117.2903560660779476165771484375">
        <ele>112.40000152587890625</ele>
        <time>2026-08-23T11:30:11.000Z</time>
        <extensions>
          <ns3:TrackPointExtension>
            <ns3:hr>108</ns3:hr>
          </ns3:TrackPointExtension>
        </extensions>
      </trkpt>
      <trkpt lat="36.67715228162705898284912109375" lon="117.2904284857213497161865234375">
        <ele>112.40000152587890625</ele>
        <time>2026-08-23T11:30:16.000Z</time>
        <extensions>
          <ns3:TrackPointExtension>
            <ns3:hr>108</ns3:hr>
          </ns3:TrackPointExtension>
        </extensions>
      </trkpt>
      <trkpt lat="36.67713291943073272705078125" lon="117.2905092872679233551025390625">
        <ele>112.40000152587890625</ele>
        <time>2026-08-23T11:30:21.000Z</time>
        <extensions>
          <ns3:TrackPointExtension>
            <ns3:hr>106</ns3:hr>
          </ns3:TrackPointExtension>
        </extensions>
      </trkpt>
      <trkpt lat="36.6771201789379119873046875" lon="117.29056142270565032958984375">
        <ele>112.40000152587890625</ele>
        <time>2026-08-23T11:30:24.000Z</time>
        <extensions>
          <ns3:TrackPointExtension>
            <ns3:hr>109</ns3:hr>
          </ns3:TrackPointExtension>
        </extensions>
      </trkpt>
      <trkpt lat="36.6771092824637889862060546875" lon="117.29059168137609958648681640625">
        <ele>112.40000152587890625</ele>
        <time>2026-08-23T11:30:26.000Z</time>
        <extensions>
          <ns3:TrackPointExtension>
            <ns3:hr>111</ns3:hr>
          </ns3:TrackPointExtension>
        </extensions>
      </trkpt>
      <trkpt lat="36.677097044885158538818359375" lon="117.29066292755305767059326171875">
        <ele>112.40000152587890625</ele>
        <time>2026-08-23T11:30:31.000Z</time>
        <extensions>
          <ns3:TrackPointExtension>
            <ns3:hr>112</ns3:hr>
          </ns3:TrackPointExtension>
        </extensions>
      </trkpt>
      <trkpt lat="36.6770871542394161224365234375" lon="117.2907694615423679351806640625">
        <ele>113</ele>
        <time>2026-08-23T11:30:38.000Z</time>
        <extensions>
          <ns3:TrackPointExtension>
            <ns3:hr>112</ns3:hr>
          </ns3:TrackPointExtension>
        </extensions>
      </trkpt>
      <trkpt lat="36.67707734741270542144775390625" lon="117.29081095196306705474853515625">
        <ele>113.1999969482421875</ele>
        <time>2026-08-23T11:30:41.000Z</time>
        <extensions>
          <ns3:TrackPointExtension>
            <ns3:hr>108</ns3:hr>
          </ns3:TrackPointExtension>
        </extensions>
      </trkpt>
      <trkpt lat="36.67707265354692935943603515625" lon="117.2908236086368560791015625">
        <ele>113.1999969482421875</ele>
        <time>2026-08-23T11:30:42.000Z</time>
        <extensions>
          <ns3:TrackPointExtension>
            <ns3:hr>105</ns3:hr>
          </ns3:TrackPointExtension>
        </extensions>
      </trkpt>
      <trkpt lat="36.6770519502460956573486328125" lon="117.29085587896406650543212890625">
        <ele>112.8000030517578125</ele>
        <time>2026-08-23T11:30:45.000Z</time>
        <extensions>
          <ns3:TrackPointExtension>
            <ns3:hr>102</ns3:hr>
          </ns3:TrackPointExtension>
        </extensions>
      </trkpt>
      <trkpt lat="36.6770465858280658721923828125" lon="117.290864847600460052490234375">
        <ele>112.59999847412109375</ele>
        <time>2026-08-23T11:30:46.000Z</time>
        <extensions>
          <ns3:TrackPointExtension>
            <ns3:hr>103</ns3:hr>
          </ns3:TrackPointExtension>
        </extensions>
      </trkpt>
      <trkpt lat="36.67704264633357524871826171875" lon="117.29089401662349700927734375">
        <ele>112.40000152587890625</ele>
        <time>2026-08-23T11:30:48.000Z</time>
        <extensions>
          <ns3:TrackPointExtension>
            <ns3:hr>108</ns3:hr>
          </ns3:TrackPointExtension>
        </extensions>
      </trkpt>
      <trkpt lat="36.67704038321971893310546875" lon="117.29090876877307891845703125">
        <ele>112.40000152587890625</ele>
        <time>2026-08-23T11:30:49.000Z</time>
        <extensions>
          <ns3:TrackPointExtension>
            <ns3:hr>111</ns3:hr>
          </ns3:TrackPointExtension>
        </extensions>
      </trkpt>
      <trkpt lat="36.677034012973308563232421875" lon="117.29093684814870357513427734375">
        <ele>112.40000152587890625</ele>
        <time>2026-08-23T11:30:51.000Z</time>
        <extensions>
          <ns3:TrackPointExtension>
            <ns3:hr>114</ns3:hr>
          </ns3:TrackPointExtension>
        </extensions>
      </trkpt>
      <trkpt lat="36.67703057639300823211669921875" lon="117.290948666632175445556640625">
        <ele>112.40000152587890625</ele>
        <time>2026-08-23T11:30:52.000Z</time>
        <extensions>
          <ns3:TrackPointExtension>
            <ns3:hr>113</ns3:hr>
          </ns3:TrackPointExtension>
        </extensions>
      </trkpt>
      <trkpt lat="36.67702940292656421661376953125" lon="117.29095880873501300811767578125">
        <ele>112.40000152587890625</ele>
        <time>2026-08-23T11:30:53.000Z</time>
        <extensions>
          <ns3:TrackPointExtension>
            <ns3:hr>108</ns3:hr>
          </ns3:TrackPointExtension>
        </extensions>
      </trkpt>
      <trkpt lat="36.67702403850853443145751953125" lon="117.29097138158977031707763671875">
        <ele>112.40000152587890625</ele>
        <time>2026-08-23T11:30:54.000Z</time>
        <extensions>
          <ns3:TrackPointExtension>
            <ns3:hr>102</ns3:hr>
          </ns3:TrackPointExtension>
        </extensions>
      </trkpt>
      <trkpt lat="36.67702085338532924652099609375" lon="117.29098462499678134918212890625">
        <ele>112.40000152587890625</ele>
        <time>2026-08-23T11:30:55.000Z</time>
        <extensions>
          <ns3:TrackPointExtension>
            <ns3:hr>98</ns3:hr>
          </ns3:TrackPointExtension>
        </extensions>
      </trkpt>
      <trkpt lat="36.677016913890838623046875" lon="117.2909981198608875274658203125">
        <ele>112.40000152587890625</ele>
        <time>2026-08-23T11:30:56.000Z</time>
        <extensions>
          <ns3:TrackPointExtension>
            <ns3:hr>95</ns3:hr>
          </ns3:TrackPointExtension>
        </extensions>
      </trkpt>
      <trkpt lat="36.6770120523869991302490234375" lon="117.291017062962055206298828125">
        <ele>112.59999847412109375</ele>
        <time>2026-08-23T11:30:57.000Z</time>
        <extensions>
          <ns3:TrackPointExtension>
            <ns3:hr>98</ns3:hr>
          </ns3:TrackPointExtension>
        </extensions>
      </trkpt>
      <trkpt lat="36.6770073585212230682373046875" lon="117.2910360060632228851318359375">
        <ele>112.8000030517578125</ele>
        <time>2026-08-23T11:30:58.000Z</time>
        <extensions>
          <ns3:TrackPointExtension>
            <ns3:hr>101</ns3:hr>
          </ns3:TrackPointExtension>
        </extensions>
      </trkpt>
      <trkpt lat="36.676999144256114959716796875" lon="117.291066013276576995849609375">
        <ele>113.1999969482421875</ele>
        <time>2026-08-23T11:31:00.000Z</time>
        <extensions>
          <ns3:TrackPointExtension>
            <ns3:hr>105</ns3:hr>
          </ns3:TrackPointExtension>
        </extensions>
      </trkpt>
      <trkpt lat="36.67699185200035572052001953125" lon="117.29109459556639194488525390625">
        <ele>113.40000152587890625</ele>
        <time>2026-08-23T11:31:02.000Z</time>
        <extensions>
          <ns3:TrackPointExtension>
            <ns3:hr>110</ns3:hr>
          </ns3:TrackPointExtension>
        </extensions>
      </trkpt>
      <trkpt lat="36.676979027688503265380859375" lon="117.2911345772445201873779296875">
        <ele>113.1999969482421875</ele>
        <time>2026-08-23T11:31:05.000Z</time>
        <extensions>
          <ns3:TrackPointExtension>
            <ns3:hr>112</ns3:hr>
          </ns3:TrackPointExtension>
        </extensions>
      </trkpt>
      <trkpt lat="36.67694424279034137725830078125" lon="117.29121747426688671112060546875">
        <ele>113</ele>
        <time>2026-08-23T11:31:12.000Z</time>
        <extensions>
          <ns3:TrackPointExtension>
            <ns3:hr>113</ns3:hr>
          </ns3:TrackPointExtension>
        </extensions>
      </trkpt>
      <trkpt lat="36.6769235394895076751708984375" lon="117.29128696024417877197265625">
        <ele>113.40000152587890625</ele>
        <time>2026-08-23T11:31:17.000Z</time>
        <extensions>
          <ns3:TrackPointExtension>
            <ns3:hr>113</ns3:hr>
          </ns3:TrackPointExtension>
        </extensions>
      </trkpt>
      <trkpt lat="36.6768936999142169952392578125" lon="117.2913493216037750244140625">
        <ele>113.40000152587890625</ele>
        <time>2026-08-23T11:31:22.000Z</time>
        <extensions>
          <ns3:TrackPointExtension>
            <ns3:hr>112</ns3:hr>
          </ns3:TrackPointExtension>
        </extensions>
      </trkpt>
      <trkpt lat="36.676888503134250640869140625" lon="117.291363067924976348876953125">
        <ele>113.40000152587890625</ele>
        <time>2026-08-23T11:31:23.000Z</time>
        <extensions>
          <ns3:TrackPointExtension>
            <ns3:hr>112</ns3:hr>
          </ns3:TrackPointExtension>
        </extensions>
      </trkpt>
      <trkpt lat="36.67685153894126415252685546875" lon="117.29145619086921215057373046875">
        <ele>113.59999847412109375</ele>
        <time>2026-08-23T11:31:30.000Z</time>
        <extensions>
          <ns3:TrackPointExtension>
            <ns3:hr>114</ns3:hr>
          </ns3:TrackPointExtension>
        </extensions>
      </trkpt>
      <trkpt lat="36.676841564476490020751953125" lon="117.29148150421679019927978515625">
        <ele>113.59999847412109375</ele>
        <time>2026-08-23T11:31:32.000Z</time>
        <extensions>
          <ns3:TrackPointExtension>
            <ns3:hr>111</ns3:hr>
          </ns3:TrackPointExtension>
        </extensions>
      </trkpt>
      <trkpt lat="36.67681482620537281036376953125" lon="117.29155627079308032989501953125">
        <ele>113.59999847412109375</ele>
        <time>2026-08-23T11:31:38.000Z</time>
        <extensions>
          <ns3:TrackPointExtension>
            <ns3:hr>110</ns3:hr>
          </ns3:TrackPointExtension>
        </extensions>
      </trkpt>
      <trkpt lat="36.676757074892520904541015625" lon="117.291650064289569854736328125">
        <ele>113.1999969482421875</ele>
        <time>2026-08-23T11:31:46.000Z</time>
        <extensions>
          <ns3:TrackPointExtension>
            <ns3:hr>111</ns3:hr>
          </ns3:TrackPointExtension>
        </extensions>
      </trkpt>
      <trkpt lat="36.67672614566981792449951171875" lon="117.29171301238238811492919921875">
        <ele>112.8000030517578125</ele>
        <time>2026-08-23T11:31:51.000Z</time>
        <extensions>
          <ns3:TrackPointExtension>
            <ns3:hr>111</ns3:hr>
          </ns3:TrackPointExtension>
        </extensions>
      </trkpt>
      <trkpt lat="36.67672111652791500091552734375" lon="117.2917276807129383087158203125">
        <ele>113</ele>
        <time>2026-08-23T11:31:52.000Z</time>
        <extensions>
          <ns3:TrackPointExtension>
            <ns3:hr>111</ns3:hr>
          </ns3:TrackPointExtension>
        </extensions>
      </trkpt>
      <trkpt lat="36.67669982649385929107666015625" lon="117.2917838394641876220703125">
        <ele>113.40000152587890625</ele>
        <time>2026-08-23T11:31:56.000Z</time>
        <extensions>
          <ns3:TrackPointExtension>
            <ns3:hr>111</ns3:hr>
          </ns3:TrackPointExtension>
        </extensions>
      </trkpt>
      <trkpt lat="36.67664081789553165435791015625" lon="117.2918651439249515533447265625">
        <ele>113.59999847412109375</ele>
        <time>2026-08-23T11:32:04.000Z</time>
        <extensions>
          <ns3:TrackPointExtension>
            <ns3:hr>110</ns3:hr>
          </ns3:TrackPointExtension>
        </extensions>
      </trkpt>
      <trkpt lat="36.676594801247119903564453125" lon="117.29193764738738536834716796875">
        <ele>113.59999847412109375</ele>
        <time>2026-08-23T11:32:11.000Z</time>
        <extensions>
          <ns3:TrackPointExtension>
            <ns3:hr>109</ns3:hr>
          </ns3:TrackPointExtension>
        </extensions>
      </trkpt>
      <trkpt lat="36.67654811404645442962646484375" lon="117.2919984161853790283203125">
        <ele>113.59999847412109375</ele>
        <time>2026-08-23T11:32:17.000Z</time>
        <extensions>
          <ns3:TrackPointExtension>
            <ns3:hr>112</ns3:hr>
          </ns3:TrackPointExtension>
        </extensions>
      </trkpt>
      <trkpt lat="36.676540486514568328857421875" lon="117.292007468640804290771484375">
        <ele>113.59999847412109375</ele>
        <time>2026-08-23T11:32:18.000Z</time>
        <extensions>
          <ns3:TrackPointExtension>
            <ns3:hr>114</ns3:hr>
          </ns3:TrackPointExtension>
        </extensions>
      </trkpt>
      <trkpt lat="36.67652028612792491912841796875" lon="117.2920257411897182464599609375">
        <ele>113.59999847412109375</ele>
        <time>2026-08-23T11:32:20.000Z</time>
        <extensions>
          <ns3:TrackPointExtension>
            <ns3:hr>109</ns3:hr>
          </ns3:TrackPointExtension>
        </extensions>
      </trkpt>
      <trkpt lat="36.67646781541407108306884765625" lon="117.2920777089893817901611328125">
        <ele>113.59999847412109375</ele>
        <time>2026-08-23T11:32:26.000Z</time>
        <extensions>
          <ns3:TrackPointExtension>
            <ns3:hr>110</ns3:hr>
          </ns3:TrackPointExtension>
        </extensions>
      </trkpt>
      <trkpt lat="36.67640193365514278411865234375" lon="117.29214769788086414337158203125">
        <ele>113.59999847412109375</ele>
        <time>2026-08-23T11:32:34.000Z</time>
        <extensions>
          <ns3:TrackPointExtension>
            <ns3:hr>111</ns3:hr>
          </ns3:TrackPointExtension>
        </extensions>
      </trkpt>
      <trkpt lat="36.6764018498361110687255859375" lon="117.2921450994908809661865234375">
        <ele>113.8000030517578125</ele>
        <time>2026-08-23T11:32:36.000Z</time>
        <extensions>
          <ns3:TrackPointExtension>
            <ns3:hr>112</ns3:hr>
          </ns3:TrackPointExtension>
        </extensions>
      </trkpt>
      <trkpt lat="36.67639690451323986053466796875" lon="117.29214803315699100494384765625">
        <ele>113.59999847412109375</ele>
        <time>2026-08-23T11:32:39.000Z</time>
        <extensions>
          <ns3:TrackPointExtension>
            <ns3:hr>111</ns3:hr>
          </ns3:TrackPointExtension>
        </extensions>
      </trkpt>
      <trkpt lat="36.67639531195163726806640625" lon="117.29213210754096508026123046875">
        <ele>113.59999847412109375</ele>
        <time>2026-08-23T11:32:43.000Z</time>
        <extensions>
          <ns3:TrackPointExtension>
            <ns3:hr>108</ns3:hr>
          </ns3:TrackPointExtension>
        </extensions>
      </trkpt>
      <trkpt lat="36.67639522813260555267333984375" lon="117.29212942533195018768310546875">
        <ele>113.59999847412109375</ele>
        <time>2026-08-23T11:32:44.000Z</time>
        <extensions>
          <ns3:TrackPointExtension>
            <ns3:hr>108</ns3:hr>
          </ns3:TrackPointExtension>
        </extensions>
      </trkpt>
      <trkpt lat="36.67640008963644504547119140625" lon="117.29212607257068157196044921875">
        <ele>113.1999969482421875</ele>
        <time>2026-08-23T11:32:52.000Z</time>
        <extensions>
          <ns3:TrackPointExtension>
            <ns3:hr>108</ns3:hr>
          </ns3:TrackPointExtension>
        </extensions>
      </trkpt>
      <trkpt lat="36.67640176601707935333251953125" lon="117.29212389327585697174072265625">
        <ele>113.40000152587890625</ele>
        <time>2026-08-23T11:33:00.000Z</time>
        <extensions>
          <ns3:TrackPointExtension>
            <ns3:hr>109</ns3:hr>
          </ns3:TrackPointExtension>
        </extensions>
      </trkpt>
      <trkpt lat="36.67639958672225475311279296875" lon="117.29212372563779354095458984375">
        <ele>113.40000152587890625</ele>
        <time>2026-08-23T11:33:06.000Z</time>
        <extensions>
          <ns3:TrackPointExtension>
            <ns3:hr>105</ns3:hr>
          </ns3:TrackPointExtension>
        </extensions>
      </trkpt>
      <trkpt lat="36.67639975436031818389892578125" lon="117.2921236418187618255615234375">
        <ele>113.40000152587890625</ele>
        <time>2026-08-23T11:33:07.000Z</time>
        <extensions>
          <ns3:TrackPointExtension>
            <ns3:hr>105</ns3:hr>
          </ns3:TrackPointExtension>
        </extensions>
      </trkpt>
      <trkpt lat="36.67639757506549358367919921875" lon="117.292127497494220733642578125">
        <ele>113.40000152587890625</ele>
        <time>2026-08-23T11:33:13.000Z</time>
        <extensions>
          <ns3:TrackPointExtension>
            <ns3:hr>104</ns3:hr>
          </ns3:TrackPointExtension>
        </extensions>
      </trkpt>
      <trkpt lat="36.67635750956833362579345703125" lon="117.2921678982675075531005859375">
        <ele>113.59999847412109375</ele>
        <time>2026-08-23T11:33:18.000Z</time>
        <extensions>
          <ns3:TrackPointExtension>
            <ns3:hr>108</ns3:hr>
          </ns3:TrackPointExtension>
        </extensions>
      </trkpt>
      <trkpt lat="36.67634661309421062469482421875" lon="117.29217569343745708465576171875">
        <ele>113.59999847412109375</ele>
        <time>2026-08-23T11:33:19.000Z</time>
        <extensions>
          <ns3:TrackPointExtension>
            <ns3:hr>109</ns3:hr>
          </ns3:TrackPointExtension>
        </extensions>
      </trkpt>
      <trkpt lat="36.67630956508219242095947265625" lon="117.29219949804246425628662109375">
        <ele>113.59999847412109375</ele>
        <time>2026-08-23T11:33:23.000Z</time>
        <extensions>
          <ns3:TrackPointExtension>
            <ns3:hr>112</ns3:hr>
          </ns3:TrackPointExtension>
        </extensions>
      </trkpt>
      <trkpt lat="36.67627871967852115631103515625" lon="117.292220033705234527587890625">
        <ele>113.59999847412109375</ele>
        <time>2026-08-23T11:33:26.000Z</time>
        <extensions>
          <ns3:TrackPointExtension>
            <ns3:hr>112</ns3:hr>
          </ns3:TrackPointExtension>
        </extensions>
      </trkpt>
      <trkpt lat="36.6762657277286052703857421875" lon="117.2922309301793575286865234375">
        <ele>113.59999847412109375</ele>
        <time>2026-08-23T11:33:28.000Z</time>
        <extensions>
          <ns3:TrackPointExtension>
            <ns3:hr>112</ns3:hr>
          </ns3:TrackPointExtension>
        </extensions>
      </trkpt>
      <trkpt lat="36.6762489639222621917724609375" lon="117.2922383062541484832763671875">
        <ele>113.59999847412109375</ele>
        <time>2026-08-23T11:33:30.000Z</time>
        <extensions>
          <ns3:TrackPointExtension>
            <ns3:hr>111</ns3:hr>
          </ns3:TrackPointExtension>
        </extensions>
      </trkpt>
      <trkpt lat="36.67621183209121227264404296875" lon="117.29226437397301197052001953125">
        <ele>113.59999847412109375</ele>
        <time>2026-08-23T11:33:35.000Z</time>
        <extensions>
          <ns3:TrackPointExtension>
            <ns3:hr>108</ns3:hr>
          </ns3:TrackPointExtension>
        </extensions>
      </trkpt>
      <trkpt lat="36.67621032334864139556884765625" lon="117.29226688854396343231201171875">
        <ele>113.40000152587890625</ele>
        <time>2026-08-23T11:33:36.000Z</time>
        <extensions>
          <ns3:TrackPointExtension>
            <ns3:hr>107</ns3:hr>
          </ns3:TrackPointExtension>
        </extensions>
      </trkpt>
    </trkseg>
  </trk>
</gpx>
